:020000020000FC
:040000003580006FD8
:0400010000000000FB
:0400020000000000FA
:0400030000000000F9
:0400040000000000F8
:0400050000000000F7
:0400060000000000F6
:0400070000000000F5
:04000800FC010113E3
:04000900001120239F
:04000A00005122235C
:04000B000061242349
:04000C000071262336
:04000D0000A1282303
:04000E0000B12A23F0
:04000F0000C12C23DD
:0400100000D12E23CA
:0400110002E12023C5
:0400120002F12223B2
:04001300030124239E
:04001400031126238B
:0400150003C12823D8
:0400160003D12A23C5
:0400170003E12C23B2
:0400180003F12E239F
:0400190034202573F7
:04001A00341025F386
:04001B0034302673E4
:04001C0019C000EF18
:04001D003415107313
:04001E00000120833A
:04001F0000412283F7
:040020000081230335
:0400210000C1238374
:04002200018126032F
:0400230001C126836E
:0400240002012703AB
:0400250002412783EA
:040026000281280328
:0400270002C1288367
:0400280003012E039F
:0400290003412E83DE
:04002A0003812F031C
:04002B0003C12F835B
:04002C0001012503A6
:04002D0001412583E5
:04002E0004010113B5
:04002F00302000730A
:0400300034302673CF
:04003100148000EF48
:0400320034151073FE
:04003300FADFF06F91
:04003400FD010113B6
:0400350002812623FB
:0400360003010413AB
:04003700FCA42E23D4
:04003800FE04262379
:04003900FEC4278357
:04003A000007851323
:04003B0002C12403D7
:04003C0003010113A8
:04003D0000008067D8
:04003E00FF010113AA
:04003F0000812623F3
:0400400001010413A3
:040041000010007338
:0400420000000013A7
:0400430000C12403D1
:0400440001010113A2
:0400450000008067D0
:04004600FD010113A4
:040047000211262359
:0400480002812423EA
:040049000301041398
:04004A00000000139F
:04004B00344027F323
:04004C00FEF420237B
:04004D00304027F325
:04004E00FEF4222377
:04004F00FE04270381
:04005000FE442783C0
:0400510000F777B38A
:040052000107D79338
:04005300FCF42A236C
:04005400FC042E2357
:0400550000100793FD
:04005600FCF42C2367
:04005700FD4427033A
:04005800FD84278379
:0400590000F777B382
:04005A0006078263B0
:04005B000000A7B743
:04005C00BD47871302
:04005D00FDC4278334
:04005E00003797933D
:04005F0000F707B3EC
:040060000007A703EB
:040061000000A7B73D
:04006200BD4786937D
:04006300FDC427832E
:040064000037979337
:0400650000F687B367
:040066000047A78325
:0400670000078513F6
:04006800000700E7A6
:040069000000001380
:04006A00344027F304
:04006B00FEF4242358
:04006C00304027F306
:04006D00FEF4262354
:04006E00FE842703E2
:04006F00FEC4278321
:0400700000F777B36B
:040071000107D79319
:040072000200006F19
:04007300FD8427835E
:040074000017979347
:04007500FCF42C2348
:04007600FDC427831B
:040077000017879354
:04007800FCF42E2343
:04007900F79FF06F8E
:04007A00FCF42A2345
:04007B00FD44278396
:04007C00F60790E310
:04007D00000000136C
:04007E00000000136B
:04007F0002C1208317
:0400800002812403D2
:040081000301011363
:040082000000806793
:04008300FD01011367
:04008400021126231C
:0400850002812423AD
:04008600030104135B
:04008700FCA42E2384
:04008800FCB42C2375
:04008900FCC42A2366
:04008A00FDC4270387
:04008B00800007B733
:04008C0000F777B34F
:04008D00FEF4242336
:04008E00FDC4270383
:04008F00800007B72F
:04009000FFF787935C
:0400910000F777B34A
:04009200FEF426232F
:04009300FE8427833D
:04009400080788636E
:04009500FEC427037B
:04009600003007939C
:0400970004F7006307
:04009800FEC4270378
:040099000070079359
:04009A0006F71263F0
:04009B000000A7B703
:04009C00B6C7A783B9
:04009D00080782636B
:04009E00000000134B
:04009F000000A7B7FF
:0400A000B6C7A783B5
:0400A100FD442603F1
:0400A200FD84258331
:0400A300FDC4250370
:0400A400000780E7EA
:0400A5000000001344
:0400A6000600006FE1
:0400A7000000A7B7F7
:0400A800B687A783ED
:0400A90004078E6357
:0400AA00000000133F
:0400AB000000A7B7F3
:0400AC00B687A783E9
:0400AD00FD442603E5
:0400AE00FD84258325
:0400AF00FDC4250364
:0400B000000780E7DE
:0400B1000000001338
:0400B2000380006F58
:0400B300FEC427035D
:0400B40000F00793BE
:0400B50002E7FA6301
:0400B600E41FF0EF64
:0400B70002C0006F14
:0400B800FEC425035A
:0400B900DEDFF0EFA7
:0400BA0000050793A3
:0400BB000207906345
:0400BC00E09FF0EFE2
:0400BD000180006F4F
:0400BE00000000132B
:0400BF000100006FCD
:0400C0000000001329
:0400C1000080006F4C
:0400C2000000001327
:0400C300FD8427830E
:0400C4000007851399
:0400C50002C12083D1
:0400C600028124038C
:0400C700030101131D
:0400C800000080674D
:0400C900FF0101131F
:0400CA0000112623D8
:0400CB000081242369
:0400CC000101041317
:0400CD00000077B701
:0400CE00C1078513CE
:0400CF0011D030EF2D
:0400D0000000079392
:0400D100000785138C
:0400D20000C12083C6
:0400D3000081240381
:0400D4000101011312
:0400D5000000806740
:0400D600000002978D
:0400D700CC828293C2
:0400D800305290739F
:0400D9000880029306
:0400DA003002B073CD
:0400DB00304010732E
:0400DC003440107329
:0400DD0000009197F7
:0400DE008501819384
:0400DF000000F11715
:0400E000C8410113FF
:0400E1000000931771
:0400E2007E43031343
:0400E3000000A397DF
:0400E400BB838393C4
:0400E50000032023D1
:0400E60000430313BD
:0400E700FE736CE355
:0400E8000C8000EF99
:0400E9000000731789
:0400EA008E4303132B
:0400EB000000739707
:0400EC008DC38393AA
:0400ED0000737863C1
:0400EE0000032023C8
:0400EF0000430313B4
:0400F000FE736CE34C
:0400F1000000729702
:0400F2008C42829327
:0400F300000073177F
:0400F4008BC30313A4
:0400F50000007397FD
:0400F6008B43839322
:0400F7000062FC6344
:0400F8000002A483DB
:0400F9000093A023AD
:0400FA0000428293AB
:0400FB0000438393A8
:0400FC00FE62E8E3D5
:0400FD000000721776
:0400FE00894202131E
:0400FF000E0000EF00
:040100000000006F8C
:04010100FE010113E7
:0401020000812E2327
:0401030002010413DE
:04010400FEA426230C
:04010500FEB42423FD
:04010600FEC42223EE
:04010700FE84270348
:04010800FEC4278387
:0401090002F70A638C
:04010A000240006F40
:04010B00FEC4270304
:04010C00004707930E
:04010D00FEF42623B3
:04010E00FE842783C1
:04010F00004786938C
:04011000FED42423D2
:0401110000072703B9
:0401120000E7A0233F
:04011300FE8427033C
:04011400FE442783FB
:04011500FCF71CE3F4
:0401160000000013D2
:0401170001C12403FB
:0401180002010113CC
:0401190000008067FB
:04011A00FF010113CD
:04011B000011262386
:04011C000081242317
:04011D0001010413C5
:04011E00000087B79F
:04011F003F8786137D
:04012000000077B7AD
:04012100C887859373
:04012200000087B79B
:040123003F8785137A
:04012400F75FF0EFA2
:04012500324006134B
:04012600020005933B
:0401270002000513BA
:04012800F65FF0EF9F
:04012900000077B7A4
:04012A00C8878613E9
:04012B00000077B7A2
:04012C00C1078593EF
:04012D00000077B7A0
:04012E00C10785136D
:04012F00F49FF0EF5A
:040130005CD000EFB0
:040131007F9000EFCC
:0401320000000013B6
:0401330000C1208364
:04013400008124031F
:0401350001010113B0
:0401360000008067DE
:04013700FE010113B1
:0401380000112E2361
:0401390000812C23F2
:04013A0002010413A7
:04013B0000000513A8
:04013C00074000EF89
:04013D0000000013AB
:04013E000A4000EF84
:04013F00000077B78E
:04014000C207861359
:04014100000077B78C
:04014200C2078593D8
:04014300000077B78A
:04014400C207851356
:04014500270010EF90
:040146006E5000EF08
:04014700000017B7E6
:0401480045C785130F
:04014900158030EFFE
:04014A000000A7B753
:04014B00B707A70348
:04014C000000A7B751
:04014D00B747A68387
:04014E000000A7B74F
:04014F00B787A78344
:04015000000786130B
:04015100000685938C
:04015200000705138A
:04015300DD9FF0EF4D
:04015400FEA42623BC
:04015500001005137E
:040156001C4030EF2A
:04015700FEC42503BA
:0401580011D010EFC3
:04015900FE0101138F
:04015A0000112E233F
:04015B0000812C23D0
:04015C000201041385
:04015D00FEA42623B3
:04015E0056C010EF88
:04015F000080079382
:040160003007A07351
:040161000000001387
:040162000000001386
:0401630001C1208333
:0401640001812403EE
:04016500020101137F
:0401660000008067AE
:04016700FE01011381
:0401680000112E2331
:0401690000812C23C2
:04016A000201041377
:04016B000000061377
:04016C0000000593F7
:04016D00000077B760
:04016E00CB07851323
:04016F001E0000EF7F
:04017000000077B75D
:04017100C8878513A3
:0401720050D000EF7A
:040173003E80079330
:04017400FEF426234C
:040175000000A7B728
:04017600B807A7839C
:0401770000079A6380
:040178000000A7B725
:04017900FEC4270396
:04017A00B8E7A0231F
:04017B000080006F91
:04017C00000000136C
:04017D00000027B7A0
:04017E00D547879347
:04017F00FEF4242343
:040180000000A7B71D
:04018100FE842703CE
:04018200B6E7A62313
:040183000000001365
:040184007F0010EFF9
:040185000000001363
:0401860001C1208310
:0401870001812403CB
:04018800020101135C
:04018900000080678B
:04018A00FD0101135F
:04018B000211262314
:04018C0002812423A5
:04018D000301041353
:04018E00FCA42E237C
:04018F00FCB42C236D
:04019000FCC42A235E
:04019100FDC42783FF
:040192000007A78338
:04019300FEF426232D
:04019400FEC42783FB
:040195000287871343
:04019600FDC42783FA
:040197000087A783B3
:040198000007869343
:04019900FD442603F8
:04019A00FD84258338
:04019B000007051341
:04019C0064C000EF4C
:04019D0000050793BF
:04019E0000078513BE
:04019F0002C12083F6
:0401A00002812403B1
:0401A1000301011342
:0401A2000000806772
:0401A300FD01011346
:0401A40002112623FB
:0401A500028124238C
:0401A600030104133A
:0401A700FCA42E2363
:0401A800FCB42C2354
:0401A900FCC42A2345
:0401AA00FDC42783E6
:0401AB000007A7831F
:0401AC00FEF4262314
:0401AD00FEC42783E2
:0401AE00028787132A
:0401AF00FDC42783E1
:0401B0000087A7839A
:0401B100000786932A
:0401B200FD442603DF
:0401B300FD8425831F
:0401B4000007051328
:0401B500015000EF06
:0401B60000050793A6
:0401B70000078513A5
:0401B80002C12083DD
:0401B9000281240398
:0401BA000301011329
:0401BB000000806759
:0401BC00FD0101132D
:0401BD0002112623E2
:0401BE000281242373
:0401BF000301041321
:0401C000FCA42E234A
:0401C100FDC42783CF
:0401C2000007A78308
:0401C300FEF42623FD
:0401C400FEC42783CB
:0401C5000287871313
:0401C600FDC42783CA
:0401C7000087A78383
:0401C8000007859314
:0401C9000007051313
:0401CA00428000EF80
:0401CB000005079391
:0401CC000007851390
:0401CD0002C12083C8
:0401CE000281240383
:0401CF000301011314
:0401D0000000806744
:0401D100FD01011318
:0401D20002112623CD
:0401D300028124235E
:0401D400030104130C
:0401D500FCA42E2335
:0401D600FCB42C2326
:0401D700FCC42A2317
:0401D800FDC42783B8
:0401D9000007A783F1
:0401DA00FEF42623E6
:0401DB00FEC42783B4
:0401DC00028787937C
:0401DD00FD442603B4
:0401DE00FD842583F4
:0401DF00000785137D
:0401E00043C000EF29
:0401E100000507937B
:0401E200000785137A
:0401E30002C12083B2
:0401E400028124036D
:0401E50003010113FE
:0401E600000080672E
:0401E700FD01011302
:0401E80002112623B7
:0401E9000281242348
:0401EA0003010413F6
:0401EB00FCA42E231F
:0401EC00FCB42C2310
:0401ED00FCC42A2301
:0401EE00FDC42783A2
:0401EF0000100713E2
:0401F00002E7A0235F
:0401F100FDC427839F
:0401F2000207A783D6
:0401F300FEF42623CD
:0401F400FDC427839C
:0401F5000007A783D5
:0401F60000478793A4
:0401F7000007871363
:0401F800FEC4278397
:0401F90000F72023C8
:0401FA00FD84250358
:0401FB00FD44258317
:0401FC0000000713E5
:0401FD00FDC4268394
:0401FE00000017B72F
:0401FF0085C7861317
:040200004D9000EF2E
:04020100FDC427838E
:040202000207A2232A
:04020300FDC427838C
:0402040000878713D5
:040205000000A7B797
:04020600B807A5830D
:04020700FDC4268389
:04020800000017B724
:04020900A947861368
:04020A0000070513D1
:04020B000F9000EF61
:04020C00000507934F
:04020D000007DA63A9
:04020E00FDC4278381
:04020F00800007372D
:04021000FFF70713DA
:0402110000E7A2233D
:0402120000000013D5
:0402130002C1208381
:04021400028124033C
:0402150003010113CD
:0402160000008067FD
:04021700FA010113D4
:0402180004812E230C
:0402190006010413C3
:04021A00FAA42623F9
:04021B00FAC4278377
:04021C00FCF42223A9
:04021D00FC442783F3
:04021E000007A783AB
:04021F00FCF42423A4
:04022000FA042C238D
:04022100FC842783AF
:040222000047879377
:040223000007A783A6
:04022400FCF426239D
:04022500FCC427836B
:04022600FCF4282399
:04022700FD04278328
:040228003007F79311
:040229001C078E63BD
:04022A00FD04278325
:04022B001007F7932E
:04022C000E078663D0
:04022D00000107B70E
:04022E00FAF42E238D
:04022F00FC442783E1
:040230000287A78317
:040231000017879398
:040232007FF7F793C8
:04023300FCF42A238A
:04023400FC442783DC
:0402350002C7A783D2
:04023600FD44270359
:0402370006F7026361
:04023800FC84278398
:040239000007A78390
:04023A00FCF42C2381
:04023B00FD84278394
:04023C00FAF42E237F
:04023D00FBC42703D4
:04023E00000087B77E
:04023F0000F777B39A
:0402400004078463C8
:04024100FC442783CF
:040242000287A78305
:04024300FBC42703CE
:040244000FF7771326
:04024500FC442683CC
:0402460000F687B384
:0402470002E78C231B
:04024800FC442783C8
:040249000287A783FE
:04024A00001787937F
:04024B007FF7F7132F
:04024C00FC442783C4
:04024D0002E7A423FD
:04024E000000001399
:04024F00F81FF06F35
:040250000000001397
:040251000080006FBA
:040252000000001395
:04025300FBC42703BE
:04025400000107B7E7
:0402550004F76463E3
:04025600FC442783BA
:040257000207A78370
:04025800FFE7F713B2
:04025900FC442783B7
:04025A0002E7A023F4
:04025B00FC442783B5
:04025C000207A7836B
:04025D00FCF42E235C
:04025E00FC84278372
:04025F00004787933A
:0402600000078713F9
:04026100FDC427832E
:0402620000F720235E
:04026300FC8427836D
:040264000047879335
:040265000007A78364
:04026600FEF420235F
:04026700FD042783E8
:040268002007F793E1
:04026900EE0780E339
:04026A00FD042783E5
:04026B000107D7931D
:04026C00FCF420235B
:04026D0005C0006F59
:04026E00FC442783A2
:04026F000347A78317
:04027000FC44270320
:0402710000F707B3D8
:04027200000017373A
:0402730000F707B3D6
:040274008387C78332
:04027500FEF422234E
:04027600FC8427835A
:04027700FE44270317
:0402780000E7A023D8
:04027900FC44278397
:04027A000347A7830C
:04027B00001787934E
:04027C007FF7F713FE
:04027D00FC44278393
:04027E0002E7AA23C6
:04027F0000100793D1
:04028000FAF42C233D
:04028100FC042783CF
:04028200FFF7879368
:04028300FCF4202344
:04028400FC042783CC
:0402850000078C637F
:04028600FC4427838A
:040287000347A7037F
:04028800FC44278388
:040289000307A7833D
:04028A00F8F718E386
:04028B00FC042783C5
:04028C00E4078AE316
:04028D00FC44278383
:04028E000207A78339
:04028F00FFD7F7138B
:04029000FC44278380
:0402910002E7A023BD
:04029200FC4427837E
:040293000207A78334
:04029400FEF424232D
:04029500FC4427837B
:040296000007A78333
:040297000047879302
:0402980000078713C1
:04029900FE84278335
:04029A0000F7202326
:04029B00FC84278335
:04029C0000478793FD
:04029D000007A7832C
:04029E00FEF4262321
:04029F00E09FF06F7D
:0402A0000000001347
:0402A1000000001346
:0402A20005C124036B
:0402A300060101133C
:0402A400000080676F
:0402A500FD01011343
:0402A6000281262388
:0402A7000301041338
:0402A800FCA42E2361
:0402A900FDC42783E6
:0402AA00FEF420231B
:0402AB00FE042783A3
:0402AC000007A7831D
:0402AD0000478793EC
:0402AE000007A7831B
:0402AF00FEF4222314
:0402B000FE4427835E
:0402B100FEF4242310
:0402B200FE8427831C
:0402B3004007F79376
:0402B40002078C634E
:0402B500FE04278399
:0402B6000207A78311
:0402B7004007E79382
:0402B800FEF4262307
:0402B900FE04278395
:0402BA000007A7830F
:0402BB0000478793DE
:0402BC00000787139D
:0402BD00FEC42783D1
:0402BE0000F7202302
:0402BF00FE0427838F
:0402C0000207A2236C
:0402C1000340006F87
:0402C200FE0427838C
:0402C3000247A70344
:0402C400800007B7F8
:0402C500FFC7879355
:0402C60002E7E06308
:0402C700FE04278387
:0402C8000247A783BF
:0402C9000017871380
:0402CA00FE04278384
:0402CB0002E7A22381
:0402CC00FE04278382
:0402CD000247A783BA
:0402CE000000A7B7CE
:0402CF00B807A78342
:0402D000000785138B
:0402D10002C124033F
:0402D2000301011310
:0402D3000000806740
:0402D400FE01011313
:0402D50000812E2353
:0402D600020104130A
:0402D700FEA4262338
:0402D800FEB4242329
:0402D90001C0006FF1
:0402DA00FE84270374
:0402DB00000047B721
:0402DC0000F777B3FD
:0402DD00000786632D
:0402DE00FF50079333
:0402DF000300006FA9
:0402E000FEC42783AE
:0402E1000347A70325
:0402E200FEC42783AC
:0402E3000307A783E3
:0402E40000F70C63B0
:0402E500FEC42783A9
:0402E6000247A70321
:0402E700FEC42783A7
:0402E8000047A783A1
:0402E900FCF762E3D9
:0402EA000000079376
:0402EB000007851370
:0402EC0001C1240325
:0402ED0002010113F6
:0402EE000000806725
:0402EF00FD010113F9
:0402F000028126233E
:0402F10003010413EE
:0402F200FCA42E2317
:0402F300FCB42C2308
:0402F400FCC42A23F9
:0402F500FE700793FD
:0402F600FEF42423CB
:0402F700FD84270358
:0402F800000077B7D4
:0402F900A017879330
:0402FA0000F70C639A
:0402FB00FD84270354
:0402FC00000077B7D0
:0402FD00A02787931C
:0402FE0006F702639A
:0402FF000AC0006FC2
:04030000FDC427838E
:040301000047A70307
:04030200800007B7B9
:04030300FFF78793E6
:0403040008F706638D
:04030500FD44278309
:040306000007A783C2
:04030700FEF42623B7
:04030800FEC4270305
:040309000010079346
:04030A0000E7DE63C7
:04030B00FEC4270302
:04030C00800007B7AF
:04030D00FFF78793DC
:04030E0000F706638B
:04030F00FEC427837E
:0403100000C0006FBA
:04031100800007B7AA
:04031200FFE78793E7
:04031300FDC42703FB
:0403140000F72223A9
:04031500FE0424239B
:040316000440006F30
:04031700FDC4278377
:040318000047A703F0
:04031900800007B7A2
:04031A00FFF78793CF
:04031B0002F70C6376
:04031C00FDC4278372
:04031D000247A703E9
:04031E00FDC4278370
:04031F000047A78369
:0403200000F737B3F8
:040321000FF7F79348
:040322000007871336
:04032300FD442783EB
:0403240000E7A0232B
:04032500FE0424238B
:0403260000C0006FA4
:0403270000000013BF
:040328000080006FE2
:0403290000000013BD
:04032A00FE842783A3
:04032B00000785132F
:04032C0002C12403E3
:04032D0003010113B4
:04032E0000008067E4
:04032F00FC010113B9
:0403300002112E2365
:0403310002812C23F6
:0403320004010413AB
:04033300FCA42623DD
:04033400FCB42423CE
:04033500FCC42223BF
:04033600FCD42023B0
:04033700FC84278398
:04033800FCF4282386
:040339001280006FBF
:04033A00FCC4278355
:04033B000287A7830B
:04033C00FCF42C237E
:04033D00FCC4278352
:04033E0002C7A783C8
:04033F00FCF42E2379
:04034000FD8427030E
:04034100FDC427834D
:0403420000F76C63F1
:04034300FD8427030B
:04034400FDC427834A
:0403450040F707B3C3
:04034600FCF42A2376
:040347000180006FC2
:04034800000017B7E3
:04034900800787138F
:04034A00FDC4278344
:04034B0040F707B3BD
:04034C00FCF42A2370
:04034D00FD442783C1
:04034E0006078E63AD
:04034F00FC442783C0
:04035000FD4427033E
:0403510000E7F66368
:04035200FC442783BD
:04035300FCF42A2369
:04035400FCC427833B
:040355000387871380
:04035600FDC4278338
:0403570000F707B3F1
:04035800FD44260337
:040359000007859381
:04035A00FD04250376
:04035B00415020EFFE
:04035C00FD04270372
:04035D00FD442783B1
:04035E0000F707B3EA
:04035F00FCF428235F
:04036000FC4427032F
:04036100FD442783AD
:0403620040F707B3A6
:04036300FCF4222361
:04036400FDC42703AA
:04036500FD442783A9
:0403660000F707B3E2
:040367007FF7F71312
:04036800FCC4278327
:0403690002E7A623DE
:04036A00FC442783A5
:04036B00F2F04EE37B
:04036C000080006F9E
:04036D000000001379
:04036E00FD04270360
:04036F00FC84278360
:0403700004F71C630F
:04037100FC0427035E
:04037200000047B789
:0403730000F777B365
:04037400040798637F
:040375000000001371
:04037600FCC4278319
:040377000287A783CF
:04037800FD842703D6
:0403790000F71C630A
:04037A00FCC4278315
:04037B000247A7038B
:04037C00FCC4278313
:04037D000047A7830B
:04037E00FEF760E343
:04037F00FCC4278310
:040380000287A783C6
:04038100FD842703CD
:0403820002F700631B
:04038300FC4427838C
:04038400ECF04CE36A
:040385000180006F84
:040386000000001360
:040387000100006F02
:04038800000000135E
:040389000080006F81
:04038A00000000135C
:04038B00FD04270343
:04038C00FC84278343
:04038D0006F7046308
:04038E000080079351
:04038F003007B7F389
:04039000FEF426232E
:04039100FEC42783FC
:04039200FEF4202332
:04039300FCC42783FC
:040394000207A78332
:040395000017E71353
:04039600FCC42783F9
:0403970002E7A023B6
:04039800FCC42783F7
:040399000207A7832D
:04039A00FEF4222328
:04039B00FCC42783F4
:04039C000007A7832C
:04039D0000478793FB
:04039E0000078713BA
:04039F00FE4427836E
:0403A00000F720231F
:0403A100FE042783AC
:0403A200FEF424231E
:0403A300FE8427832A
:0403A4000087F79344
:0403A5003007A0730A
:0403A6000000001340
:0403A700FD04270327
:0403A800FC84278327
:0403A90000F70A63EC
:0403AA00FD04270324
:0403AB00FC84278324
:0403AC0040F707B35C
:0403AD000200006FDB
:0403AE00FC04270321
:0403AF00000047B74C
:0403B00000F777B328
:0403B1000007866358
:0403B200FF5007935E
:0403B3000080006F57
:0403B400FFB00793FC
:0403B50000078513A5
:0403B60003C12083DC
:0403B7000381240397
:0403B8000401011328
:0403B9000000806759
:0403BA00FC0101132E
:0403BB0002112E23DA
:0403BC0002812C236B
:0403BD000401041320
:0403BE00FCA4262352
:0403BF00FCB4242343
:0403C000FCC4222334
:0403C100FCD4202325
:0403C200FC042823EC
:0403C300FC8427830C
:0403C400FCF42C23F6
:0403C5000EC0006FF7
:0403C600FCC42783C9
:0403C7000307A783FE
:0403C800FCF42E23F0
:0403C900FCC42783C6
:0403CA000347A783BB
:0403CB00FCF42823F3
:0403CC00FDC4270342
:0403CD00FD04278381
:0403CE0000F77E6353
:0403CF00FD042703FF
:0403D000FDC42783BE
:0403D10040F707B337
:0403D200FFF7879317
:0403D300FCF42A23E9
:0403D4000340006F73
:0403D500FD04278379
:0403D60000078E632B
:0403D700000017B754
:0403D8008007871300
:0403D900FDC42783B5
:0403DA0040F707B32E
:0403DB00FCF42A23E1
:0403DC000140006F6D
:0403DD007FF0071393
:0403DE00FDC42783B0
:0403DF0040F707B329
:0403E000FCF42A23DC
:0403E100FD4427832D
:0403E2000807826323
:0403E300FC4427832C
:0403E400FD442703AA
:0403E50000E7F663D4
:0403E600FC44278329
:0403E700FCF42A23D5
:0403E800FCC4270327
:0403E900000017B742
:0403EA0083878793EB
:0403EB0000F70733DD
:0403EC00FDC42783A2
:0403ED0000F707B35B
:0403EE00FD442603A1
:0403EF00FC842583E2
:0403F000000785136A
:0403F1001BD020EF0E
:0403F200FC8427035D
:0403F300FD4427831B
:0403F40000F707B354
:0403F500FCF42423CD
:0403F600FC44270399
:0403F700FD44278317
:0403F80040F707B310
:0403F900FCF42223CB
:0403FA00FDC4270314
:0403FB00FD44278313
:0403FC0000F707B34C
:0403FD007FF7F7137C
:0403FE00FCC4278391
:0403FF0002E7A82346
:04040000FC4427830E
:04040100F0F04AE3EA
:040402000080006F07
:0404030000000013E2
:0404040000800793DA
:040405003007B7F312
:04040600FEF42623B7
:04040700FEC4278385
:04040800FEF42023BB
:04040900FCC4278385
:04040A000207A783BB
:04040B000027E713CC
:04040C00FCC4278382
:04040D0002E7A0233F
:04040E00FCC4278380
:04040F000207A783B6
:04041000FEF42223B1
:04041100FCC427837D
:040412000007A783B5
:040413000047879384
:040414000007871343
:04041500FE442783F7
:0404160000F72023A8
:04041700FE04278335
:04041800FEF42423A7
:04041900FE842783B3
:04041A000087F793CD
:04041B003007A07393
:04041C0000000013C9
:04041D00FC442783F1
:04041E0004F054632F
:04041F00FC042703AF
:04042000000047B7DA
:0404210000F777B3B6
:0404220004079263D6
:0404230000000013C2
:04042400FCC427836A
:040425000347A7835F
:04042600FD042703A7
:0404270000F71C635B
:04042800FCC4278366
:040429000247A703DC
:04042A00FCC4278364
:04042B000047A7835C
:04042C00FEF760E394
:04042D00FCC4278361
:04042E000247A78357
:04042F0000079C63C3
:04043000FC442783DE
:04043100F2F04EE3B4
:040432000100006F56
:0404330000000013B2
:040434000080006FD5
:0404350000000013B0
:04043600FC84270318
:04043700FD84278396
:0404380000F70A635C
:04043900FC84270315
:04043A00FD84278393
:04043B0040F707B3CC
:04043C000200006F4B
:04043D00FC04270391
:04043E00000047B7BC
:04043F0000F777B398
:0404400000078663C8
:04044100FF500793CE
:040442000080006FC7
:04044300FFB007936C
:040444000007851315
:0404450003C120834C
:040446000381240307
:040447000401011398
:0404480000008067C9
:04044900FC0101139E
:04044A0002812E23DA
:04044B000401041391
:04044C00FCA42623C3
:04044D00FCB42423B4
:04044E00FCC42223A5
:04044F00FCD4202396
:04045000000007138E
:04045100000007930D
:04045200FEE424237D
:04045300FEF426236A
:040454000000A7B746
:04045500B807A783BA
:0404560012078063A6
:04045700FCC4278337
:04045800100788639E
:04045900FCC4278335
:04045A00FC44270334
:04045B0000E7A823EB
:04045C00FCC4278332
:04045D00FC04270371
:04045E0000E7AA23E6
:04045F00008007937F
:040460003007B7F3B7
:04046100FEF4222360
:04046200FE442783AA
:04046300FCF42A2358
:040464000000A7B736
:04046500B887A703AA
:04046600B8C7A783E9
:04046700FEE4242368
:04046800FEF4262355
:04046900FC84278365
:04046A0000078813EC
:04046B0000000893F2
:04046C00FE842603E1
:04046D00FEC4268320
:04046E0000C8073388
:04046F0000070593EA
:040470000105B5B31A
:0404710000D887B375
:0404720000F586B358
:040473000006879365
:040474000007061364
:040475000007869363
:04047600001005135A
:0404770000000593E9
:0404780000A60733A0
:04047900000708135D
:04047A0000C838334B
:04047B0000B687B38D
:04047C0000F806B3CB
:04047D00000687935B
:04047E00FCC4268311
:04047F0000E6A423CC
:0404800000F6A623B9
:04048100FCC427830D
:0404820081818713DA
:04048300FCE42E2344
:04048400FEF420233F
:04048500FE042783C7
:04048600FDC4270387
:0404870000E7A223C5
:04048800FDC4278305
:040489000007A703BE
:04048A00FE042783C2
:04048B0000E7A023C3
:04048C00FDC4278301
:04048D000007A7833A
:04048E00FE0427033E
:04048F0000E7A223BD
:04049000FDC42783FD
:04049100FE0427033B
:0404920000E7A023BC
:040493000000001352
:04049400FD44278379
:04049500FCF42C2324
:04049600FD84278337
:040497000087F79350
:040498003007A07316
:04049900000000134C
:04049A0000000793C4
:04049B000100006FED
:04049C00FEA0079324
:04049D000080006F6C
:04049E00F7A0079329
:04049F0000078513BA
:0404A00003C124036D
:0404A100040101133E
:0404A200000080676F
:0404A300FF01011341
:0404A400008126238A
:0404A500010104133A
:0404A600000000133F
:0404A70000C1240369
:0404A800010101133A
:0404A9000000806768
:0404AA00FE0101133B
:0404AB0000812E237B
:0404AC000201041332
:0404AD00FEA4262360
:0404AE00FEB4242351
:0404AF00FEC4222342
:0404B000FE4427835C
:0404B10000078513A8
:0404B20001C124035D
:0404B300020101132E
:0404B400000080675D
:0404B500FE01011330
:0404B60000112E23E0
:0404B70000812C2371
:0404B8000201041326
:0404B900FEA4262354
:0404BA00000087B700
:0404BB003CC7859322
:0404BC00FEC4250352
:0404BD00060000EF46
:0404BE00000507939B
:0404BF00000785139A
:0404C00001C12083D3
:0404C100018124038E
:0404C200020101131F
:0404C300000080674E
:0404C400FF01011320
:0404C50000112623D9
:0404C600008124236A
:0404C7000101041318
:0404C8008141A78344
:0404C90000078A633B
:0404CA008141A78342
:0404CB00000780E7BF
:0404CC00000507938D
:0404CD0000C0006FFC
:0404CE000000A7B7CC
:0404CF00B9878793CF
:0404D0000007851389
:0404D10000C12083C3
:0404D200008124037E
:0404D300010101130F
:0404D400000080673D
:0404D500FD01011311
:0404D60002112623C6
:0404D7000281242357
:0404D8000301041305
:0404D900FCA42E232E
:0404DA00FCB42C231F
:0404DB00FDC42783B2
:0404DC00000788632A
:0404DD00FDC42783B0
:0404DE000087A78369
:0404DF0000079E6311
:0404E000F91FF0EF21
:0404E10000050713F8
:0404E200016007931B
:0404E30000F72023DB
:0404E400FEA00793DC
:0404E5000540006F5F
:0404E600FDC42783A7
:0404E700FD84270366
:0404E800FEE42423E7
:0404E900FEF42623D4
:0404EA00FEC42783A2
:0404EB00FE84270361
:0404EC0000E7A22360
:0404ED00FE842783DF
:0404EE000007A70359
:0404EF00FEC427839D
:0404F00000E7A0235E
:0404F100FE842783DB
:0404F2000007A783D5
:0404F300FEC4270319
:0404F40000E7A22358
:0404F500FE842783D7
:0404F600FEC4270316
:0404F70000E7A02357
:0404F80000000013ED
:0404F9000000079365
:0404FA00000785135F
:0404FB0002C1208397
:0404FC000281240352
:0404FD0003010113E3
:0404FE000000806713
:0404FF00FE010113E6
:0405000000112E2395
:0405010000812C2326
:0405020002010413DB
:04050300000077B7C6
:04050400C087879392
:04050500FEF42623B7
:0405060001C0006FC1
:04050700FEC4278384
:040508000007A783BE
:04050900000780E780
:04050A00FEC4278381
:04050B00004787938B
:04050C00FEF42623B0
:04050D00FEC42703FE
:04050E00000077B7BB
:04050F00C107879306
:04051000FCF76EE3A3
:0405110000000013D3
:0405120000000013D2
:0405130001C120837F
:04051400018124033A
:0405150002010113CB
:0405160000008067FA
:04051700FE010113CD
:0405180000112E237D
:0405190000812C230E
:04051A0002010413C3
:04051B00000077B7AE
:04051C00C0C787933A
:04051D00FEF426239F
:04051E0001C0006FA9
:04051F00FEC427836C
:040520000007A783A6
:04052100000780E768
:04052200FEC4278369
:04052300FFC78793F4
:04052400FEF4262398
:04052500FEC42703E6
:04052600000077B7A3
:04052700C1078793EE
:04052800FCF77EE37B
:0405290000000013BB
:04052A0000000013BA
:04052B0001C1208367
:04052C000181240322
:04052D0002010113B3
:04052E0000008067E2
:04052F00FF010113B4
:0405300000812623FD
:0405310001010413AD
:0405320000000013B2
:0405330000C12403DC
:0405340001010113AD
:0405350000008067DB
:04053600FD010113AF
:040537000211262364
:0405380002812423F5
:0405390003010413A3
:04053A00FEA42623D2
:04053B00FEB42423C3
:04053C00FEC42223B4
:04053D00FED42023A5
:04053E00FCE42E2388
:04053F00FDC42703CD
:04054000FE0426830C
:04054100FE4426034B
:04054200FE8425838B
:04054300FEC42503CA
:0405440001C000EF03
:040545000005079313
:040546000007851312
:0405470002C120834A
:040548000281240305
:040549000301011396
:04054A0000008067C6
:04054B00FA0101139D
:04054C0004812E23D5
:04054D00060104138C
:04054E00FAA42E23BA
:04054F00FAB42C23AB
:04055000FAC42A239C
:04055100FAD428238D
:04055200FAE426237E
:04055300FEA007936C
:04055400FCF422236E
:04055500FB84278379
:04055600FCF424236A
:04055700FC842703F6
:0405580000F0079315
:0405590012E7C8637A
:04055A000080079383
:04055B003007B7F3BB
:04055C00FCF4282360
:04055D00FD042783EF
:04055E00FCF4262360
:04055F000000A7B73A
:04056000BD478713F9
:04056100FC8427836C
:040562000037979334
:0405630000F707B3E3
:04056400FB4427032A
:0405650000E7A023E8
:040566000000A7B733
:04056700BD478713F2
:04056800FC84278365
:04056900003797932D
:04056A0000F707B3DC
:04056B00FB04270363
:04056C0000E7A223DF
:04056D00FB442783A1
:04056E000607826397
:04056F00FC8427835E
:04057000FBC427039E
:04057100FCE42A2359
:04057200FCF42C2346
:04057300FD842703D9
:0405740000F00793F9
:0405750000E7E86350
:04057600FD84278356
:04057700010787935E
:040578000080006F90
:04057900FFF00793F5
:04057A00FCF42E233C
:04057B00FDC4278311
:04057C000007D6633B
:04057D00FDC427830F
:04057E000800006F02
:04057F00FDC427830D
:04058000FCF42C2338
:04058100FD8427834B
:04058200001007134B
:0405830000F717B3B3
:040584003047A073E9
:0405850000000793D8
:040586000600006FFC
:04058700FC84278346
:04058800FBC4270386
:04058900FEE4202349
:04058A00FEF4222336
:04058B00FE44270300
:04058C0000F00793E1
:04058D0000E7E86338
:04058E00FE4427837D
:04058F000107879346
:040590000080006F78
:04059100FFF00793DD
:04059200FEF424232C
:04059300FE84278338
:040594000007D66323
:04059500FE84278336
:040596000200006FF0
:04059700FE84278334
:04059800FEF4222328
:04059900FE44278372
:04059A000010071333
:04059B0000F717B39B
:04059C003047B073C1
:04059D0000000793C0
:04059E00FCF4222324
:04059F00FCC42783EE
:0405A000FEF426231C
:0405A100FEC42783EA
:0405A2000087F79344
:0405A3003007A0730A
:0405A4000000001340
:0405A500FC44278368
:0405A60000078513B2
:0405A70005C1240363
:0405A8000601011334
:0405A9000000806767
:0405AA00FD0101133B
:0405AB0002112623F0
:0405AC000281242381
:0405AD00030104132F
:0405AE00FCA42E2358
:0405AF00FCB42C2349
:0405B000FCC42A233A
:0405B100FCD428232B
:0405B200FD0426031B
:0405B300FD4425835B
:0405B400FD8425039A
:0405B5007D8000EF56
:0405B600FEA4262356
:0405B700FEC42783D4
:0405B8000807C86305
:0405B900000087B700
:0405BA00D10786934C
:0405BB00FEC4270350
:0405BC00000707939A
:0405BD0000179793F9
:0405BE0000E787B318
:0405BF0000279793E7
:0405C00000F687B307
:0405C1000007A70385
:0405C200FDC42783CA
:0405C30000E7A0238A
:0405C400000087B7F5
:0405C500D107869341
:0405C600FEC4270345
:0405C700000707938F
:0405C80000179793EE
:0405C90000E787B30D
:0405CA0000279793DC
:0405CB0000F687B3FC
:0405CC000047A7033A
:0405CD00FDC42783BF
:0405CE0000E7A2237D
:0405CF00000087B7EA
:0405D000D107869336
:0405D100FEC427033A
:0405D2000007079384
:0405D30000179793E3
:0405D40000E787B302
:0405D50000279793D1
:0405D60000F687B3F1
:0405D7000087A703EF
:0405D800FDC42783B4
:0405D90000E7A42370
:0405DA00FEC4250333
:0405DB00114000EFDC
:0405DC000000001308
:0405DD0002C12083B4
:0405DE00028124036F
:0405DF000301011300
:0405E0000000806730
:0405E100FE01011303
:0405E20000112E23B3
:0405E30000812C2344
:0405E40002010413F9
:0405E500FEA4262327
:0405E600FEB4242318
:0405E700FEC4222309
:0405E8001FF0069367
:0405E90000100613E5
:0405EA00FEC42583A3
:0405EB00000087B7CE
:0405EC00D1C78513DB
:0405ED00EF5FF0EFDD
:0405EE001FF0069361
:0405EF0000000613EF
:0405F000FE842583DD
:0405F100000087B7C8
:0405F200D107851395
:0405F300EDDFF0EF59
:0405F4001FF006935B
:0405F50000100613D9
:0405F600FE44258317
:0405F700000087B7C2
:0405F800D28785130E
:0405F900EC5FF0EFD4
:0405FA008201A78350
:0405FB000047A7838B
:0405FC000107A783C9
:0405FD0002079063FE
:0405FE008201A7834C
:0405FF000047A78387
:04060000000006935D
:0406010000200613BC
:04060200000005935C
:040603000007851354
:040604004AD000EFE9
:040605008201A78344
:040606000087A7833F
:040607000107A783BD
:0406080002079063F2
:040609008201A78340
:04060A000087A7833B
:04060B000000069352
:04060C0000200613B1
:04060D000000059351
:04060E000007851349
:04060F00481000EFA0
:040610008201A78339
:0406110000C7A783F4
:040612000107A783B2
:0406130002079063E7
:040614008201A78335
:0406150000C7A783F0
:040616000000069347
:0406170000200613A6
:040618000000059346
:04061900000785133E
:04061A00455000EF58
:04061B0000000013C8
:04061C0001C1208375
:04061D000181240330
:04061E0002010113C1
:04061F0000008067F0
:04062000FE010113C3
:0406210000812E2303
:0406220002010413BA
:04062300FEA42623E8
:04062400FEC42703E6
:040625000020079317
:0406260004E7D663AC
:04062700000087B791
:04062800D1078693DD
:04062900FEC42703E1
:04062A00000707932B
:04062B00001797938A
:04062C0000E787B3A9
:04062D000027979378
:04062E0000F687B398
:04062F000007A423F9
:04063000000087B788
:04063100D1078693D4
:04063200FEC42703D8
:040633000007079322
:040634000017979381
:0406350000E787B3A0
:04063600002797936F
:0406370000F687B38F
:040638000007A023F4
:0406390000000013AA
:04063A0001C12403D3
:04063B0002010113A4
:04063C0000008067D3
:04063D00FD010113A7
:04063E0002812623EC
:04063F00030104139C
:04064000FCA42E23C5
:04064100008007939B
:040642003007B7F3D3
:04064300FEF4262378
:04064400FEC4278346
:04064500FEF420237C
:04064600FDC4278345
:04064700FEF4242376
:04064800FE84278382
:040649000007A7837C
:04064A00FE84270300
:04064B00004727033A
:04064C0000E7A223FE
:04064D00FE8427837D
:04064E000047A78337
:04064F00FE842703FB
:040650000007270375
:0406510000E7A023FB
:04065200FE84278378
:04065300FE842703F7
:0406540000E7A223F6
:04065500FE84278375
:04065600FE842703F4
:0406570000E7A023F5
:04065800000000138B
:04065900FE042783F1
:04065A00FEF4222365
:04065B00FE442783AF
:04065C000087F79389
:04065D003007A0734F
:04065E000000001385
:04065F000000001384
:0406600002C12403AC
:04066100030101137D
:0406620000008067AD
:04066300FE01011380
:0406640000112E2330
:0406650000812C23C1
:0406660001212A2321
:040667000131282312
:040668000201041374
:040669008181879371
:04066A000007A7835B
:04066B00FEF4222354
:04066C000000A7B72C
:04066D00B887A703A0
:04066E00B8C7A783DF
:04066F00001005135F
:0406700000000593EE
:0406710000A70633A5
:040672000006081363
:0406730000E8383330
:0406740000B786B392
:0406750000D807B3EF
:040676000007869360
:04067700000607135F
:04067800000687935E
:040679000000A6B720
:04067A00B8E6A42317
:04067B00B8F6A62304
:04067C000C80006F7F
:04067D00FE4427838D
:04067E000007A78347
:04067F00FEF424233E
:04068000FE4427838A
:040681000087A60345
:0406820000C7A68384
:040683000000A7B715
:04068400B887A70389
:04068500B8C7A783C8
:0406860000068513D2
:040687000007859350
:0406880008A5E86376
:0406890000068513CF
:04068A00000785934D
:04068B0000B518633B
:04068C0000060693CB
:04068D0000070793C8
:04068E0006D7EC633C
:04068F00FE4427837B
:040690000107A78334
:04069100FE442703F9
:0406920001472703F2
:040693000007051344
:04069400000780E7F4
:04069500FEA4262376
:04069600FEC42783F4
:04069700000798635D
:04069800FE442503F4
:04069900E91FF0EF76
:04069A000480006F69
:04069B00FE4427836F
:04069C000087A70329
:04069D0000C7A78368
:04069E00FEC42683ED
:04069F0000068913B5
:0406A00000000993BA
:0406A10001270633F4
:0406A20000060593B6
:0406A30000E5B5B306
:0406A400013786B3E1
:0406A50000D587B342
:0406A6000007869330
:0406A700000607132F
:0406A800000687932E
:0406A900FE44268362
:0406AA0000E6A4239F
:0406AB0000F6A6238C
:0406AC00FE8427831E
:0406AD00FEF4222312
:0406AE00FE442703DC
:0406AF00818187932B
:0406B000F2F71AE360
:0406B1000000001332
:0406B2000000001331
:0406B30001C12083DE
:0406B4000181240399
:0406B50001412903D3
:0406B6000101298392
:0406B7000201011328
:0406B8000000806757
:0406B900FF01011329
:0406BA000081262372
:0406BB000101041322
:0406BC00FFF00793B1
:0406BD003047B0739F
:0406BE00003007936E
:0406BF003057B0738D
:0406C0000000001323
:0406C10000C124034D
:0406C200010101131E
:0406C300000080674C
:0406C400FF0101131E
:0406C50000112623D7
:0406C6000081242368
:0406C7000101041316
:0406C8000AC000EF75
:0406C900000507130E
:0406CA00000587930D
:0406CB000000A6B7CE
:0406CC00B8E6A823C1
:0406CD00B8F6AA23AE
:0406CE00000007938E
:0406CF000007851388
:0406D00000C12083C2
:0406D100008124037D
:0406D200010101130E
:0406D300000080673C
:0406D400FF0101130E
:0406D50000112623C7
:0406D6000081242358
:0406D7000101041306
:0406D80006C000EF69
:0406D90000050613FF
:0406DA0000058693FE
:0406DB000000A7B7BD
:0406DC00B907A503B2
:0406DD00B947A583F1
:0406DE0040A60733F8
:0406DF0000070813F5
:0406E00001063833A4
:0406E10040B687B3E5
:0406E200410786B393
:0406E30000068793F3
:0406E40000070513F3
:0406E50000078593F2
:0406E60000C12083AC
:0406E7000081240367
:0406E80001010113F8
:0406E9000000806726
:0406EA00FF010113F8
:0406EB000081262341
:0406EC0001010413F1
:0406ED0002FAF7B75F
:0406EE0008078793DF
:0406EF000007851368
:0406F00000C124031E
:0406F10001010113EF
:0406F200000080671D
:0406F300FE010113F0
:0406F40000812E2330
:0406F50002010413E7
:0406F60000020337C4
:0406F70000430313A6
:0406F80000032303D5
:0406F900FE64242354
:0406FA0000020337C0
:0406FB0000032303D2
:0406FC00FE6426234F
:0406FD0000020337BD
:0406FE00004303139F
:0406FF0000032303CE
:04070000FE842E0342
:04070100FC6E1AE38D
:04070200FE8423034B
:0407030000030813D4
:040704000000089356
:04070500000817933E
:0407060000000713D5
:04070700FEC4280301
:0407080000080613CC
:040709000000069353
:04070A0000C765338C
:04070B0000D7E5B37B
:04070C0000050713CA
:04070D0000058793C9
:04070E0000070513C8
:04070F0000078593C7
:0407100001C12403FC
:0407110002010113CD
:0407120000008067FC
:04071300FD010113D0
:040714000281262315
:0407150003010413C5
:04071600FCA42C23F0
:04071700FCB42E23DD
:04071800F14026F393
:04071900FED42623C1
:04071A00FEC42603F0
:04071B00000046B7DD
:04071C0000168693AA
:04071D0000D606B349
:04071E000036969378
:04071F00FED42423BD
:04072000FE842683AA
:040721000046869375
:04072200FFF00613CB
:0407230000C6A02349
:04072400FD84260327
:04072500FE842683A5
:0407260000C6A02346
:04072700FDC4268364
:040728000006D713DD
:040729000000079332
:04072A00FE842683A0
:04072B00004686936B
:04072C000007079328
:04072D0000F6A0230F
:04072E0000000013B4
:04072F0002C12403DC
:0407300003010113AD
:0407310000008067DD
:04073200FE010113B0
:0407330000812E23F0
:0407340002010413A7
:04073500F1402373F9
:04073600FE64262314
:04073700FEC42E03CB
:040738000000433743
:040739000013031393
:04073A00006E033317
:04073B000033131361
:04073C00FE64202314
:04073D00FE04230390
:04073E00000323038E
:04073F00FE6422230F
:04074000FE0423038D
:04074100004303135B
:04074200000323038A
:04074300FE64242309
:04074400FE84230309
:040745000003081392
:040746000000089314
:0407470000081793FC
:040748000000071393
:04074900FE4428033F
:04074A00000806138A
:04074B000000069311
:04074C0000C765334A
:04074D0000D7E5B339
:04074E000005071388
:04074F000005879387
:040750000007051386
:040751000007859385
:0407520001C12403BA
:04075300020101138B
:0407540000008067BA
:04075500FC0101138F
:0407560002112E233B
:0407570002812C23CC
:040758000401041381
:04075900FCA42623B3
:04075A00FCB42423A4
:04075B00FCC4222395
:04075C00E5DFF0EFF6
:04075D00FEA42423AF
:04075E00FEB426239C
:04075F00FE842703EA
:04076000FEC4278329
:040761000000C53798
:040762003505051341
:0407630000000593FA
:0407640000A70633B1
:04076500000608136F
:0407660000E838333C
:0407670000B786B39E
:0407680000D807B3FB
:04076900000786936C
:04076A00000607136B
:04076B00000687936A
:04076C00000705136A
:04076D000007859369
:04076E00E95FF0EF60
:04076F00008007936C
:040770003007B7F3A4
:04077100FEF422234D
:04077200FE44278397
:04077300FCF42E2341
:04077400BBDFF0EF08
:04077500FDC4278315
:04077600FEF420234A
:04077700FE042783D2
:040778000087F7936C
:040779003007A07332
:04077A000000001368
:04077B000000001367
:04077C0003C1208312
:04077D0003812403CD
:04077E00040101135E
:04077F00000080678F
:04078000FE01011362
:0407810000112E2312
:0407820000812C23A3
:040783000201041358
:04078400DBDFF0EFD8
:04078500FEA4242387
:04078600FEB4262374
:04078700FE842703C2
:04078800FEC4278301
:040789000000C53770
:04078A003505051319
:04078B0000000593D2
:04078C0000A7063389
:04078D000006081347
:04078E0000E8383314
:04078F0000B786B376
:0407900000D807B3D3
:040791000007869344
:040792000006071343
:040793000006879342
:040794000007051342
:040795000007859341
:04079600DF5FF0EF42
:0407970008000793BC
:040798003047A073D3
:040799000000001349
:04079A000000001348
:04079B0001C12083F5
:04079C0001812403B0
:04079D000201011341
:04079E000000806770
:04079F00FF01011342
:0407A00000000593BD
:0407A100008124238C
:0407A20000112623F9
:0407A3000005041336
:0407A40033C010EF5F
:0407A5000000879732
:0407A600D087A783CE
:0407A7000007846360
:0407A800000780E7DF
:0407A9000004051330
:0407AA000E1030EF0E
:0407AB00FC01011339
:0407AC0002C124233F
:0407AD0002D126232C
:0407AE0002F12A2307
:0407AF0000060693A7
:0407B0000281079328
:0407B10000058613A6
:0407B20000050593A6
:0407B3008201A50317
:0407B40000112E23DF
:0407B50002E1282312
:0407B60003012C23EC
:0407B70003112E23D9
:0407B80000F1262303
:0407B900071000EF36
:0407BA0001C12083D6
:0407BB000401011321
:0407BC000000806752
:0407BD008201A7838B
:0407BE000CA78E6393
:0407BF000445258345
:0407C000FE01011322
:0407C10000912A2356
:0407C20000112E23D1
:0407C30000812C2362
:0407C4000005049395
:0407C500040588633C
:0407C60001212823C2
:0407C70001312623B3
:0407C8000000091311
:0407C9000800099388
:0407CA00012587B3CB
:0407CB000007A4037C
:0407CC0000040E63B4
:0407CD00000405938C
:0407CE0000042403FC
:0407CF00000485138A
:0407D000665010EF70
:0407D100FE0418E327
:0407D2000444A583B3
:0407D30000490913BD
:0407D400FD391CE3EC
:0407D5000004851384
:0407D60064D010EFEC
:0407D70001012903F0
:0407D80000C12983B0
:0407D9000384A5836D
:0407DA00000586632D
:0407DB00000485137E
:0407DC00635010EF67
:0407DD000404A40369
:0407DE0000040C63A4
:0407DF00000405937A
:0407E00000042403EA
:0407E1000004851378
:0407E20061D010EFE3
:0407E300FE0418E315
:0407E40004C4A58321
:0407E5000005866322
:0407E6000004851373
:0407E700609010EF1F
:0407E8000344A7839C
:0407E90000078E6314
:0407EA000181240362
:0407EB0001C12083A5
:0407EC00000485136D
:0407ED00014124831F
:0407EE0002010113F0
:0407EF000007806718
:0407F00001C12083A0
:0407F100018124035B
:0407F200014124831A
:0407F30002010113EB
:0407F400000080671A
:0407F5000000806719
:0407F6000000661782
:0407F700FD86061362
:0407F8000000159751
:0407F90074858593EB
:0407FA00000065177F
:0407FB00EA85051373
:0407FC007C80006F8E
:0407FD00004525830B
:0407FE00FF010113E3
:0407FF00008124232E
:04080000001126239A
:0408010000008797D5
:04080200C50787930C
:0408030000050413D5
:0408040000F5846314
:04080500714010EF3F
:0408060000842583C2
:0408070000008797CF
:04080800CA07879301
:0408090000F586630D
:04080A0000040513CE
:04080B006FC010EFBB
:04080C0000C425837C
:04080D0000008797C9
:04080E00CF078793F6
:04080F0000F58C6301
:0408100000040513C8
:04081100008124033B
:0408120000C120837E
:0408130001010113CB
:040814006D80106F74
:0408150000C120837B
:040816000081240336
:0408170001010113C7
:0408180000008067F5
:040819000645A78366
:04081A000017F79339
:04081B0000079863D7
:04081C0000C5D783B9
:04081D002007F79326
:04081E0000078663E6
:04081F0000000513BD
:0408200000008067ED
:040821000585A503A1
:04082200FF010113BE
:040823000011262377
:04082400670010EF6A
:0408250000C120836B
:0408260000000513B6
:0408270001010113B7
:0408280000008067E5
:040829000645A78356
:04082A000017F79329
:04082B0000079863C7
:04082C0000C5D783A9
:04082D002007F79316
:04082E0000078663D6
:04082F0000000513AD
:0408300000008067DD
:040831000585A50391
:04083200FF010113AE
:040833000011262367
:04083400648010EFDD
:0408350000C120835B
:0408360000000513A6
:0408370001010113A7
:0408380000008067D5
:04083900FE010113A8
:04083A00000007971C
:04083B00EF078793A9
:04083C0000112E2356
:04083D0000812C23E7
:04083E0000912A23D8
:04083F00000084171A
:04084000B584041364
:040841000121282346
:040842000131262337
:040843000141242328
:040844000080061317
:040845000000059317
:040846000000871710
:04084700A8F72223C9
:040848000000851710
:04084900B9050513D5
:04084A0000400793D0
:04084B0000F426236C
:04084C000004202361
:04084D00000422235E
:04084E00000424235B
:04084F000604222356
:040850000004282355
:0408510000042A2352
:0408520000042C234F
:04085300758010EFAD
:0408540000000A177F
:0408550071CA0A1347
:0408560000000997FE
:040857007789899381
:04085800000009177C
:040859007F89091377
:04085A0000001497EF
:04085B008684849378
:04085C0000008517FC
:04085D00B3C5051307
:04085E00034420230C
:04085F000334222319
:040860000324242326
:0408610002942623B4
:0408620000842E23BD
:04086300564010EFFC
:04086400000107B7D1
:0408650000878793EE
:0408660000800613F5
:0408670000000593F5
:0408680000008517F0
:04086900B785051337
:04086A0006F42A2343
:04086B000604242338
:04086C000604262335
:04086D000604282332
:04086E000C0426232D
:04086F0006042C232C
:0408700006042E2329
:040871000804202334
:040872006DC010EF56
:040873000000879763
:04087400AF078793B0
:0408750000008517E3
:04087600B4050513AD
:0408770008F422233C
:0408780009442423E8
:0408790009342623F5
:04087A000924282302
:04087B0008942A2390
:04087C00500010EF29
:04087D00000207B7B7
:04087E000127879334
:04087F0000800613DC
:0408800000000593DC
:0408810000008517D7
:04088200B7C50513DE
:040883000CF42E2320
:040884000C04282315
:040885000C042A2312
:040886000C042C230F
:0408870012042A230A
:040888000E04202317
:040889000E04222314
:04088A000E04242311
:04088B00678010EF83
:04088C00000087974A
:04088D00AF47879357
:04088E000F442823C8
:04088F000F342A23D5
:040890000F242C23E2
:040891000E942E2370
:040892000EF4262317
:0408930001812403B8
:0408940001C12083FB
:040895000141248376
:040896000101290330
:0408970000C12983F0
:0408980000812A03AE
:0408990000008517BF
:04089A00B18505130C
:04089B000201011342
:04089C004800106F91
:04089D00FE01011344
:04089E0001312623DB
:04089F0000050993B4
:0408A00000008517B8
:0408A10094C50513E2
:0408A20000112E23F0
:0408A30000812C2381
:0408A40000912A2372
:0408A50001212823E2
:0408A600468010EF89
:0408A700000087972F
:0408A8009007A7838B
:0408A900100782634F
:0408AA0000006917CA
:0408AB00D0890913D4
:0408AC00FFF00493C2
:0408AD000049278354
:0408AE000089240396
:0408AF00FFF7879335
:0408B0000007D86302
:0408B1000940006F8B
:0408B20006840413A1
:0408B30008978663B9
:0408B40000C4170362
:0408B500FFF787932F
:0408B600FE0718E33E
:0408B700FFFF07B781
:0408B800001787930B
:0408B90000F42623FE
:0408BA000584051399
:0408BB0006042223EA
:0408BC00400010EFF9
:0408BD00000085179B
:0408BE008D8505130C
:0408BF0041C010EF35
:0408C000008006139B
:0408C10000042023EC
:0408C20000042423E7
:0408C30000042223E8
:0408C40000042823E1
:0408C50000042A23DE
:0408C60000042C23DB
:0408C7000000059395
:0408C80005C405134B
:0408C900580010EFD4
:0408CA0002042823D9
:0408CB0002042A23D6
:0408CC0004042223DB
:0408CD0004042423D8
:0408CE0001C12083C1
:0408CF000004051309
:0408D000018124037B
:0408D100014124833A
:0408D20001012903F4
:0408D30000C12983B4
:0408D4000201011309
:0408D5000000806738
:0408D60000092403EE
:0408D70000040663B0
:0408D80000040913FC
:0408D900F51FF06FA8
:0408DA001AC00593A8
:0408DB000009851378
:0408DC00680000EFC1
:0408DD0000050413FB
:0408DE0002050C63A0
:0408DF0000C5051338
:0408E000004007933A
:0408E10000042023CC
:0408E20000F42223D9
:0408E30000A4242326
:0408E4001A000613DD
:0408E5000000059377
:0408E60050C010EFFF
:0408E7000089202341
:0408E80000040913EC
:0408E900F11FF06F9C
:0408EA00D3DFF0EF79
:0408EB00EFDFF06FDC
:0408EC0000092023BC
:0408ED00000085176B
:0408EE0081850513E8
:0408EF0035C010EF11
:0408F00000C00793AA
:0408F10000F9A02347
:0408F200F71FF06F8D
:0408F300FF010113ED
:0408F4000081242338
:0408F50000050413E3
:0408F6000000751772
:0408F7007F45051321
:0408F80000112623A2
:0408F90031C010EF0B
:0408FA000344278309
:0408FB0000079E63F1
:0408FC00000007975A
:0408FD00C0478793D6
:0408FE0002F42A23B3
:0408FF0000007797E7
:040900007A07A78348
:0409010000078E63FA
:040902000081240349
:0409030000C120838C
:040904000000751763
:040905007BC5051396
:0409060001010113D7
:040907002FC0106F7E
:04090800CC5FF0EFE1
:040909000081240342
:04090A0000C1208385
:04090B00000075175C
:04090C007A05051350
:04090D0001010113D0
:04090E002E00106F38
:04090F000000751758
:04091000790505134D
:040911002BC0106F78
:040912000000751755
:04091300784505130B
:040914002C80106FB4
:04091500FF010113CA
:040916000000751751
:040917007745051308
:040918000011262381
:0409190029C010EFF2
:04091A0000C1208375
:04091B00000066175B
:04091C00B4460613C4
:04091D00000005973A
:04091E00BF058593F9
:04091F0000000513BC
:0409200001010113BD
:040921003340006FF0
:04092200FF010113BD
:040923000000661753
:04092400B2460613BE
:040925000000059732
:04092600C1058593EF
:0409270000000513B4
:040928000011262371
:04092900314000EF6A
:04092A0000C1208365
:04092B00000075173C
:04092C007205051338
:04092D0001010113B0
:04092E002600106F20
:04092F00FD010113B2
:0409300002812423F9
:0409310002912223EA
:04093200032120235A
:0409330001312E233D
:0409340001412C232E
:040935000211262362
:040936008201AA038D
:0409370000050413A0
:04093800000589131A
:040939000006099318
:04093A00000684939C
:04093B00000A066345
:04093C00034A2783C0
:04093D0020078A63A2
:04093E0000200793FB
:04093F0000F98863D0
:040940000010079309
:040941002137E8630F
:040942002004C66364
:0409430006442783BC
:040944000017F7930E
:0409450010078863AC
:040946000004059311
:04094700000A05138A
:040948005D9010EFBF
:0409490003042583FB
:04094A0000058C63B5
:04094B000404079306
:04094C0000F58663C9
:04094D00000A051384
:04094E0006D010EFD0
:04094F000204282353
:0409500000C4178345
:0409510000042C234F
:040952000004222358
:040953000807F71387
:04095400140712630F
:04095500FFFFF73772
:0409560035C7071387
:0409570000E7F7B30B
:0409580000F416236E
:040959000020071360
:04095A0014E98A63AF
:04095B0000C106933E
:04095C0000810613FD
:04095D0000040593FA
:04095E00000A051373
:04095F00010010EF94
:0409600000C45783F5
:0409610000A7E7B351
:0409620000F4162364
:040963000A04886397
:040964000A09086311
:04096500034A278397
:040966000C07866391
:0409670000812703E1
:0409680000C417832D
:0409690000970A6386
:04096A00000017373B
:04096B0080070713E7
:04096C0000E7E7B306
:04096D0000F4162359
:04096E00001007135B
:04096F0000E99663A2
:040970000017E793F2
:0409710000F4162355
:040972000124202319
:040973000124282310
:0409740000942A239E
:040975000087F713ED
:0409760008070C63FF
:040977000017F7135B
:0409780012070063FF
:040979000644270306
:04097A00409004B3F2
:04097B00000424232D
:04097C0000942C2394
:04097D0000177713D5
:04097E0008070463FF
:04097F0000000493DD
:0409800002C120830D
:0409810002812403C8
:040982000201290342
:0409830001C1298302
:0409840001812A03C0
:0409850000048513D2
:040986000241248383
:040987000301011354
:040988000000806784
:0409890000C45783CC
:04098A002007F793B8
:04098B00EE0796E3FA
:04098C0005842503B6
:04098D000CC010EF9B
:04098E00EE1FF06FF9
:04098F00008124833C
:0409900000048513C7
:04099100394000EFFA
:040992000005091340
:040993000C050863E4
:0409940000C45783C1
:040995000807E793D5
:0409960000F4162330
:04099700034A278365
:04099800F2079EE3E1
:04099900000A051338
:04099A00D65FF0EF45
:04099B00F31FF06FE7
:04099C00000424230C
:04099D0006442703E2
:04099E0000177713B4
:04099F00F80710E362
:0409A0002007F793A2
:0409A100F6079CE3D6
:0409A20005842503A0
:0409A30008C010EF89
:0409A400F6DFF06F1B
:0409A50001042583A1
:0409A600000A05132B
:0409A700708010EF5D
:0409A80000C41783ED
:0409A900FFFFF7371E
:0409AA0035C7071333
:0409AB0000E7F7B3B7
:0409AC0000F416231A
:0409AD00002007130C
:0409AE00EAE99AE3F5
:0409AF0000000493AD
:0409B00006442703CF
:0409B1000434069371
:0409B2000027E61321
:0409B30000D4202329
:0409B40000D4282320
:0409B5000010069395
:0409B60000C4162340
:0409B70000042423F1
:0409B80000D42A231A
:0409B9000017771399
:0409BA00F0071CE343
:0409BB002007F79387
:0409BC00F00798E3C5
:0409BD000584250385
:0409BE00020010EF34
:0409BF00F05FF06F86
:0409C0000094242358
:0409C100F71FF06FBD
:0409C200000A05130F
:0409C300CC1FF0EF66
:0409C400DE9FF06F53
:0409C500FFF00493A8
:0409C600EE9FF06F41
:0409C70001512A238D
:0409C80000812A83FD
:0409C900029A8063AB
:0409CA00000A851387
:0409CB002AC000EF4F
:0409CC000005091306
:0409CD00000A849305
:0409CE0000050663B7
:0409CF0001412A8335
:0409D000F11FF06FB4
:0409D10000C41783C4
:0409D20001412A8332
:0409D300FFF004939A
:0409D400F71FF06FAA
:0409D500FF0101130A
:0409D600000587137E
:0409D7000081242354
:0409D800000605937D
:0409D90000050413FE
:0409DA00000686137A
:0409DB0000070513F9
:0409DC000000779709
:0409DD004207A42306
:0409DE0000112623BB
:0409DF004E0030EFA7
:0409E000FFF007938A
:0409E10000F50A63B0
:0409E20000C12083AD
:0409E3000081240368
:0409E40001010113F9
:0409E5000000806727
:0409E60000007797FF
:0409E7004007A7839B
:0409E800FE0784E39F
:0409E90000C12083A6
:0409EA0000F42023D2
:0409EB000081240360
:0409EC0001010113F1
:0409ED00000080671F
:0409EE00FD010113F3
:0409EF00032120239D
:0409F00001312E2380
:0409F10001412C2371
:0409F20001512A2362
:0409F3000161282353
:0409F4000171262344
:0409F50002112623A2
:0409F6000281242333
:0409F7000291222324
:0409F80000050B13D8
:0409F90000058B93D7
:0409FA0000060A9356
:0409FB0000000A13DB
:0409FC00001009934B
:0409FD00FFF00913EB
:0409FE00004AA48384
:0409FF00008AA403C3
:040A0000FFF48493E8
:040A01000204C863C0
:040A020000C4578352
:040A030000F9FE6395
:040A040000E4178370
:040A05000004059351
:040A0600000B0513C9
:040A070001278663DA
:040A0800000B80E778
:040A090000AA6A33A2
:040A0A00FFF48493DE
:040A0B000684041346
:040A0C00FD249CE346
:040A0D00000AAA83AE
:040A0E00FC0A90E36B
:040A0F0002C120837D
:040A10000281240338
:040A110002412483F7
:040A120002012903B1
:040A130001C1298371
:040A140001412A83EF
:040A150001012B03AD
:040A160000C12B836D
:040A1700000A0513B9
:040A180001812A032B
:040A190003010113C1
:040A1A0000008067F1
:040A1B00FF010113C3
:040A1C00008124230E
:040A1D000005841339
:040A1E0000E59583D7
:040A1F000011262379
:040A200059D010EFAA
:040A21000205406327
:040A2200050427831D
:040A230000C120836B
:040A240000A787B3ED
:040A250004F428238A
:040A26000081240324
:040A270001010113B5
:040A280000008067E3
:040A290000C457832B
:040A2A00FFFFF7379C
:040A2B00FFF70713B7
:040A2C0000E7F7B335
:040A2D0000C1208361
:040A2E0000F4162397
:040A2F00008124031B
:040A300001010113AC
:040A310000008067DA
:040A320000000513A8
:040A330000008067D8
:040A340000C59783DF
:040A3500FE010113AA
:040A360000812C23EC
:040A370000912A23DD
:040A3800012128234D
:040A3900013126233E
:040A3A0000112E2356
:040A3B001007F71396
:040A3C00000584131A
:040A3D000005049319
:040A3E000006091392
:040A3F000006899391
:040A40000407106334
:040A4100FFFFF73785
:040A4200FFF70713A0
:040A430000E7F7B31E
:040A440000E4158332
:040A450000F4162380
:040A46000181240303
:040A470001C1208346
:040A48000009869388
:040A49000009061387
:040A4A0000C129833B
:040A4B000101290379
:040A4C00000485130A
:040A4D0001412483BC
:040A4E00020101138D
:040A4F002550006FBF
:040A500000E59583A5
:040A510000200693E8
:040A52000000061387
:040A530046D010EF8A
:040A540000C4178340
:040A5500FB1FF06F24
:040A5600FF01011388
:040A570000812423D3
:040A580000058413FE
:040A590000E595839C
:040A5A00001126233E
:040A5B0044D010EF84
:040A5C00FFF007930D
:040A5D0002F5086333
:040A5E0000C45783F6
:040A5F000000173745
:040A600000C120832E
:040A610000E7E7B310
:040A6200010797935E
:040A63004107D793DD
:040A640004A428239B
:040A650000F4162360
:040A660000812403E4
:040A67000101011375
:040A680000008067A3
:040A690000C45783EB
:040A6A00FFFFF7375C
:040A6B00FFF7071377
:040A6C0000E7F7B3F5
:040A6D000107979353
:040A6E004107D793D2
:040A6F0000C120831F
:040A700000F4162355
:040A710000812403D9
:040A7200010101136A
:040A73000000806798
:040A740000E5958381
:040A75002D50106F81
:040A760000050593DF
:040A77008201A50350
:040A78000100006F0A
:040A790000050593DC
:040A7A008201A5034D
:040A7B003B80106F3D
:040A7C00FD01011364
:040A7D00032120230E
:040A7E000211262318
:040A7F0002812423A9
:040A8000029122239A
:040A810001312E23EE
:040A820000B58793A1
:040A830001600713F4
:040A8400000509134D
:040A850008F76263A9
:040A860001000793D1
:040A870020B7E6634B
:040A8800445000EFE7
:040A8900018007934E
:040A8A0000200593B0
:040A8B0001000493CF
:040A8C000000599776
:040A8D0058C9899328
:040A8E0000F987B331
:040A8F000047A40375
:040A9000FF87871342
:040A910036E40263E2
:040A92000044278372
:040A930000C42683F2
:040A940000842603B1
:040A9500FFC7F7930D
:040A960000F407B3AE
:040A97000047A7036A
:040A980000D626233B
:040A990000C6A423CC
:040A9A0000176713C7
:040A9B000009051336
:040A9C0000E7A223AA
:040A9D003FD000EF57
:040A9E0000840513B8
:040A9F0002C12083ED
:040AA00002812403A8
:040AA1000241248367
:040AA2000201290321
:040AA30001C12983E1
:040AA4000301011336
:040AA5000000806766
:040AA600FF87F4933F
:040AA7001807C66303
:040AA80018B4E46337
:040AA9003C1000EF0E
:040AAA001F7007931F
:040AAB004097F86315
:040AAC000094D79348
:040AAD001807826341
:040AAE0000400713EA
:040AAF0034F76E6347
:040AB0000064D79374
:040AB100039785938F
:040AB200038788131B
:040AB3000035961361
:040AB400000059974E
:040AB5004EC989930A
:040AB60000C98633BA
:040AB70000462403CE
:040AB800FF8606139C
:040AB9000286086346
:040ABA0000F0051330
:040ABB000140006F87
:040ABC0000C42683C9
:040ABD002A0756634B
:040ABE0000D60E63ED
:040ABF000006841396
:040AC0000044278344
:040AC100FFC7F793E1
:040AC200409787339F
:040AC300FEE552E317
:040AC400000805938E
:040AC5000109A4037C
:040AC600000058973D
:040AC7004AC88893FE
:040AC80027140C6380
:040AC900004427833B
:040ACA0000F006939F
:040ACB00FFC7F793D7
:040ACC004097873395
:040ACD0038E6CA63DA
:040ACE000119AA233D
:040ACF000119A8233E
:040AD00034075E6326
:040AD1001FF00713F8
:040AD2000049A5032F
:040AD30026F7666339
:040AD400FF87F7138E
:040AD500008707137C
:040AD60000E9873379
:040AD700000726836B
:040AD8000057D613DA
:040AD900001007936F
:040ADA0000C797B307
:040ADB0000F565338A
:040ADC00FF870793F6
:040ADD0000F42623D8
:040ADE0000D42423F9
:040ADF0000A9A223A5
:040AE0000087202348
:040AE1000086A623C2
:040AE2004025D79341
:040AE30000100613E6
:040AE40000F61633CF
:040AE5000AC56A6371
:040AE60000A677B33C
:040AE700020794630B
:040AE80000161613CB
:040AE900FFC5F593BD
:040AEA0000A677B338
:040AEB0000458593AA
:040AEC0000079A6302
:040AED0000161613C6
:040AEE0000A677B334
:040AEF0000458593A6
:040AF000FE078AE390
:040AF10000F00813F6
:040AF2000035931325
:040AF30000698333E0
:040AF40000030513E3
:040AF50000C527838E
:040AF60000058E1356
:040AF70026F500637D
:040AF8000047A70309
:040AF900000784135B
:040AFA0000C7A78307
:040AFB00FFC77713A7
:040AFC00409706B366
:040AFD0026D8406354
:040AFE00FE06C2E34B
:040AFF0000E40733D5
:040B00000047268301
:040B01000084260343
:040B020000090513CE
:040B03000016E6935F
:040B040000D72223D1
:040B050000F62623AD
:040B060000C7A4235D
:040B0700255000EF86
:040B0800008405134D
:040B0900E59FF06F05
:040B0A0000C007938D
:040B0B0000F92023AA
:040B0C0000000513CD
:040B0D00E49FF06F02
:040B0E0020000613AA
:040B0F000400059346
:040B100003F00813D3
:040B1100E8DFF06FBA
:040B12000089A403AF
:040B13000161282331
:040B140000442783EF
:040B1500FFC7FB1308
:040B1600009B686375
:040B1700409B0733C5
:040B180000F007934F
:040B19000EE7C863B8
:040B1A000191222300
:040B1B0082418C93F4
:040B1C00000CA7031F
:040B1D0001412C2343
:040B1E0001512A2334
:040B1F000171262317
:040B200000007A97C0
:040B2100F28AAA8327
:040B2200FFF0079346
:040B230001640A332C
:040B240001548AB33B
:040B25003EF7026332
:040B2600000017B7FD
:040B270000F78793B9
:040B280000FA8AB392
:040B2900FFFFF7B71C
:040B2A0000FAFAB320
:040B2B00000A8593A4
:040B2C0000090513A4
:040B2D00684000EF2D
:040B2E00FFF007933A
:040B2F0000050B931F
:040B300046F506631D
:040B310001812423F7
:040B3200254568638A
:040B330000007C172B
:040B34000C0C0C1386
:040B3500000C258308
:040B360000BA85B3C9
:040B370000BC2023BB
:040B3800000587131A
:040B39002CAA10636F
:040B3A0001451793C7
:040B3B002A079C6386
:040B3C000089AB83FE
:040B3D00015B07B39E
:040B3E000017E79322
:040B3F0000FBA223F2
:040B40000000771723
:040B4100EA47071365
:040B420000072683FF
:040B430000B6F463A1
:040B440000B72023B3
:040B4500000077171E
:040B4600E8C70713E2
:040B470000072683FA
:040B480000B6F4639C
:040B490000B72023AE
:040B4A0000812C03F7
:040B4B00000B841304
:040B4C00FFC7F79355
:040B4D004097873313
:040B4E003897EC6385
:040B4F0000F0079318
:040B500038E7D86347
:040B510001812A03F1
:040B520001412A83B0
:040B530000C12B832F
:040B540000412C83AD
:040B55000014E7930E
:040B560000F4222362
:040B5700009404B34F
:040B58000099A42339
:040B59000017671307
:040B5A000009051376
:040B5B0000E4A223ED
:040B5C00101000EF86
:040B5D0002C120832E
:040B5E0000840513F7
:040B5F0002812403E8
:040B600001012B0361
:040B610002412483A6
:040B62000201290360
:040B630001C1298320
:040B64000301011375
:040B650000008067A5
:040B66000049A5039A
:040B6700DEDFF06F6E
:040B680000842603DC
:040B6900CB5FF06FFF
:040B6A0000C7A40319
:040B6B000025859349
:040B6C00D68782E3C3
:040B6D00C95FF06FFD
:040B6E000097D71302
:040B6F0000400693A9
:040B700014E6F26332
:040B710001400693A6
:040B720032E6E6631E
:040B730005C7061399
:040B740005B7069328
:040B7500003616131D
:040B760000C98633F9
:040B7700000627034A
:040B7800FF860613DB
:040B790000E6186317
:040B7A002980006F5F
:040B7B0000872703C5
:040B7C0000E6086324
:040B7D000047268384
:040B7E00FFC6F69325
:040B7F00FED7E8E3D2
:040B800000C7260381
:040B810000C4262363
:040B820000E4242344
:040B830000862423A1
:040B8400008726239D
:040B8500D75FF06FD7
:040B86000140071310
:040B870010F7786388
:040B8800054007130A
:040B89002EF766637A
:040B8A0000C4D79339
:040B8B0006F7859351
:040B8C0006E78813DD
:040B8D000035961386
:040B8E00C99FF06F9C
:040B8F00001E0E1323
:040B9000003E779319
:040B910000850513C3
:040B92001007806365
:040B930000C52783EF
:040B9400D8DFF06F47
:040B950000842603AF
:040B96000014E593CF
:040B970000B4222361
:040B980000F626231A
:040B990000C7A423CA
:040B9A00009404B30C
:040B9B000099AA23F0
:040B9C000099A823F1
:040B9D000016E793C4
:040B9E000114A62375
:040B9F000114A42376
:040BA00000F4A22398
:040BA10000E4073332
:040BA200000905132E
:040BA30000D7202334
:040BA4007E0000EFE0
:040BA50000840513B0
:040BA600BE5FF06FCF
:040BA70000F407B39C
:040BA8000047A70358
:040BA9000009051327
:040BAA0000176713B6
:040BAB0000E7A2239A
:040BAC007C0000EFDA
:040BAD0000840513A8
:040BAE00BC5FF06FC9
:040BAF000034D593A6
:040BB00000848793A3
:040BB100B6DFF06F4C
:040BB2000014E693B2
:040BB30000D4222325
:040BB400009404B3F2
:040BB5000099AA23D6
:040BB6000099A823D7
:040BB700001766932A
:040BB8000114A6235B
:040BB9000114A4235C
:040BBA0000D4A2239E
:040BBB0000F407B388
:040BBC000009051314
:040BBD0000E7A0238A
:040BBE00778000EF4D
:040BBF000084051396
:040BC000B7DFF06F3C
:040BC1000067D713DF
:040BC200039706137C
:040BC300038706930B
:040BC40000361613CE
:040BC500EC5FF06F82
:040BC60007340C6381
:040BC7000089A403FA
:040BC80000812C0379
:040BC900004427833A
:040BCA00E09FF06F49
:040BCB0005C7859342
:040BCC0005B78813CE
:040BCD000035961346
:040BCE00B99FF06F6C
:040BCF0000832783F5
:040BD000FFF5859315
:040BD100286790639E
:040BD2000035F79360
:040BD300FF83031386
:040BD400FE0796E39F
:040BD5000049A70329
:040BD600FFF647934C
:040BD70000E7F7B389
:040BD80000F9A2235B
:040BD90000161613D9
:040BDA00CEC7E0E3BF
:040BDB00CC060EE353
:040BDC0000F6773375
:040BDD0000071A6390
:040BDE0000161613D4
:040BDF0000F6773372
:040BE000004E0E13A2
:040BE100FE070AE31E
:040BE200000E059369
:040BE300C3DFF06F0D
:040BE40000007C177A
:040BE500DFCC0C1342
:040BE600000C2703D5
:040BE70000EA873366
:040BE80000EC2023DA
:040BE900000CA683D3
:040BEA00FFF007937E
:040BEB0018F686630F
:040BEC00414B87B33F
:040BED0000E787B3E3
:040BEE0000FC2023C4
:040BEF00007BFC93F8
:040BF0000C0C8C63FA
:040BF100419B8BB3E6
:040BF200000017B731
:040BF300008787935D
:040BF400008B8B9354
:040BF500419785B3EC
:040BF600015B8AB362
:040BF700415585B32C
:040BF800014595938B
:040BF9000145DA13C5
:040BFA00000A059355
:040BFB0000090513D5
:040BFC00348000EF52
:040BFD00FFF007936B
:040BFE0018F5006383
:040BFF004175053304
:040C000001450AB3ED
:040C0100000C2703B9
:040C02000179A423AD
:040C0300001AE79359
:040C040000EA05B34A
:040C050000BC2023EC
:040C060000FBA2232A
:040C0700CF3402E301
:040C080000F006935F
:040C09000B66F06323
:040C0A000044270378
:040C0B00FF4B079301
:040C0C00FF87F793D4
:040C0D000017771342
:040C0E0000F7673351
:040C0F0000E42223B8
:040C10000050061377
:040C110000F40733B1
:040C120000C72223D2
:040C130000C72423CF
:040C140000F6E6639D
:040C1500004BA78366
:040C1600CA9FF06F12
:040C170000840593BD
:040C180000090513B7
:040C1900541000EF84
:040C1A000089AB831F
:040C1B00000C258321
:040C1C00004BA7835F
:040C1D00C8DFF06FCD
:040C1E00010A8A93AA
:040C1F00C31FF06F90
:040C20004026D69301
:040C21000010079325
:040C220000D797B3AD
:040C230000F5653340
:040C240000A9A2235E
:040C2500D71FF06F76
:040C2600015B85B336
:040C270040B005B321
:040C2800014595935A
:040C29000145DA1394
:040C2A00000A059324
:040C2B0000090513A4
:040C2C00288000EF2D
:040C2D00FFF007933A
:040C2E00F4F512E3E4
:040C2F0000000A13A4
:040C3000F45FF06F0E
:040C310000812C030F
:040C32000010079314
:040C330000FBA223FD
:040C3400000905139B
:040C350059C000EFB3
:040C360000000513A2
:040C370001812A030A
:040C380001412A83C9
:040C390001012B0387
:040C3A0000C12B8347
:040C3B0000412C83C5
:040C3C0098DFF06FDE
:040C3D0005400693D5
:040C3E0004E6E46381
:040C3F0000C7D71300
:040C400006F706139A
:040C410006E7069329
:040C4200003616134F
:040C4300CCDFF06FA3
:040C4400154007133D
:040C450004F76463E9
:040C460000F4D7934C
:040C47000787859303
:040C4800077788138F
:040C490000359613C9
:040C4A009A9FF06F0E
:040C4B000089A40375
:040C4C0000442783B6
:040C4D00BFDFF06FA6
:040C4E00017CA02362
:040C4F00E81FF06F3B
:040C500015400693B2
:040C510004E6E4636E
:040C520000F7D713BD
:040C530007870613F6
:040C54000777069385
:040C5500003616133C
:040C5600C81FF06F54
:040C570055400713EA
:040C580004F76463D6
:040C59000124D79308
:040C5A0007D78593A0
:040C5B0007C788132C
:040C5C0000359613B6
:040C5D0095DFF06FC0
:040C5E00FF8C8C93E8
:040C5F00019A8AB3B9
:040C6000417A8AB398
:040C610000000A1372
:040C6200E7DFF06F69
:040C6300554006935F
:040C640002E6E4635D
:040C65000127D71379
:040C660007D7061393
:040C670007C7069322
:040C68000036161329
:040C6900C35FF06F06
:040C6A003F800613AE
:040C6B0007F00593F6
:040C6C0007E0081382
:040C6D0091DFF06FB4
:040C6E003F800613AA
:040C6F0007E0069301
:040C7000C19FF06FC1
:040C71000049A7830C
:040C7200D9DFF06F67
:040C7300FD0101136B
:040C740001712623C1
:040C750082C18B931A
:040C760001612823CD
:040C770000050B1356
:040C7800000BA503C5
:040C790001412C23E6
:040C7A0000007A17E5
:040C7B009C4A0A1372
:040C7C00032120230D
:040C7D0001812423AA
:040C7E000211262316
:040C7F0000058C13CD
:040C8000500000EF31
:040C8100000A290339
:040C820008090C63EE
:040C830001312E23EA
:040C840001512A23CD
:040C850002812423A1
:040C86000291222392
:040C87000191222392
:040C8800FFF00993DD
:040C890000100A93BA
:040C8A000049248376
:040C8B00FFF48413DB
:040C8C0004044E63AB
:040C8D000024949318
:040C8E00009904B312
:040C8F00080C1463D6
:040C9000004927836D
:040C91000044A683F2
:040C9200FFF787934E
:040C93000C878063E7
:040C94000004A22393
:040C9500020686636A
:040C9600188927830F
:040C9700008A973305
:040C980000492C8360
:040C990000F777B336
:040C9A0006079A634C
:040C9B00000680E7E8
:040C9C0000492703E1
:040C9D00000A27839F
:040C9E00099714633B
:040C9F00092792632C
:040CA000FFF4041346
:040CA100FFC4849375
:040CA200FB341AE322
:040CA30002812403A3
:040CA4000241248362
:040CA50001C12983DD
:040CA60001412A835B
:040CA70000412C8359
:040CA800000BA50395
:040CA90002C12083E1
:040CAA000201290317
:040CAB0001812A0396
:040CAC0001012B0314
:040CAD0000C12B83D4
:040CAE0000812C0392
:040CAF000301011329
:040CB0004580006F0C
:040CB1001044A783C1
:040CB200F7878CE351
:040CB300FFF4041333
:040CB400FFC4849362
:040CB500FF3418E30D
:040CB600FB5FF06F81
:040CB70018C92783AE
:040CB8000844A583C4
:040CB90000F7773396
:040CBA0002071663B4
:040CBB00000B051312
:040CBC00000680E7C7
:040CBD0000492703C0
:040CBE00000A27837E
:040CBF00F99700E3BE
:040CC000F80786E3C8
:040CC100000789138C
:040CC200F21FF06FBE
:040CC300008922235F
:040CC400F45FF06F7A
:040CC500000585138E
:040CC600000680E7BD
:040CC700F55FF06F76
:040CC800000007938E
:040CC9000007886335
:040CCA00000005170A
:040CCB003685051352
:040CCC0034C0006FC1
:040CCD00000080673C
:040CCE00FF0101130E
:040CCF000081242359
:040CD0000005041304
:040CD1000005851382
:040CD2000000779710
:040CD3008407A823C7
:040CD40000112623C2
:040CD5003BD020EF01
:040CD600FFF0079391
:040CD70000F50A63B7
:040CD80000C12083B4
:040CD900008124036F
:040CDA000101011300
:040CDB00000080672E
:040CDC000000779706
:040CDD008287A783E0
:040CDE00FE0784E3A6
:040CDF0000C12083AD
:040CE00000F42023D9
:040CE1000081240367
:040CE20001010113F8
:040CE3000000806726
:040CE400FF010113F8
:040CE500000587136C
:040CE6000081242342
:040CE700000605936B
:040CE80000050413EC
:040CE9000006861368
:040CEA0000070513E7
:040CEB000000679707
:040CEC007E07A623B6
:040CED0000112623A9
:040CEE00451020EF9E
:040CEF00FFF0079378
:040CF00000F50A639E
:040CF10000C120839B
:040CF2000081240356
:040CF30001010113E7
:040CF4000000806715
:040CF50000006797FD
:040CF6007C47A7830D
:040CF700FE0784E38D
:040CF80000C1208394
:040CF90000F42023C0
:040CFA00008124034E
:040CFB0001010113DF
:040CFC00000080670D
:040CFD0000C5978314
:040CFE00F8010113E5
:040CFF0006812C231B
:040D000006112E2387
:040D01000027F713BD
:040D02000005841351
:040D0300020704637C
:040D04000435879398
:040D050000F5A02332
:040D060000F5A82329
:040D0700001007933E
:040D080000F5AA2325
:040D090007C120837B
:040D0A000781240336
:040D0B0008010113C7
:040D0C0000008067FC
:040D0D0000E59583E5
:040D0E0006912A23FD
:040D0F00072128236D
:040D1000073126235E
:040D1100074124234F
:040D12000005049341
:040D13000805C663A6
:040D14000081061341
:040D15000AC010EF11
:040D160006054E631D
:040D170000C127836D
:040D18000000F937A7
:040D1900000019B706
:040D1A0000F9793330
:040D1B00FFFFE7B738
:040D1C0000F909339E
:040D1D00001939136D
:040D1E0040000A1374
:040D1F00800989932B
:040D2000000A05932D
:040D21000004851332
:040D2200D68FF0EF89
:040D230000C417836E
:040D24000605086355
:040D25000807E79341
:040D260000A42023E2
:040D270000A42823D9
:040D280000F416239A
:040D290001442A2334
:040D2A000A0910633F
:040D2B000137E7B3F2
:040D2C0007C1208358
:040D2D0000F4162395
:040D2E000781240312
:040D2F0007412483D1
:040D3000070129038B
:040D310006C129834B
:040D320006812A0309
:040D3300080101139F
:040D340000008067D4
:040D350000C417835C
:040D36000807F79320
:040D3700000009139C
:040D380004078E63BB
:040D390004000A1395
:040D3A00000A059313
:040D3B000004851318
:040D3C00D00FF0EFF5
:040D3D0000C4178354
:040D3E000000099315
:040D3F00F8051CE3B4
:040D40002007F7137E
:040D410004071E6322
:040D4200FFC7F7935D
:040D43000027E7930B
:040D44000434071359
:040D450000F416237D
:040D460000100793FF
:040D470007412483B9
:040D48000701290373
:040D490006C1298333
:040D4A0006812A03F1
:040D4B0000E420237D
:040D4C0000E4282374
:040D4D0000F42A2361
:040D4E00EEDFF06F75
:040D4F0040000A1343
:040D50000000099303
:040D5100F3DFF06F6D
:040D520000E4158321
:040D53000004851300
:040D5400010010EF9B
:040D55000205106320
:040D560000C417833B
:040D5700F51FF06F25
:040D580007412483A8
:040D59000701290362
:040D5A0006C1298322
:040D5B0006812A03E0
:040D5C00EB5FF06FEA
:040D5D0000C45783F4
:040D5E00FFC7F79341
:040D5F000017E793FF
:040D6000010797935D
:040D61004107D793DC
:040D6200F25FF06FDD
:040D6300F90101137E
:040D640006812423BD
:040D650000058413EE
:040D660000E595838C
:040D670006912223AC
:040D6800072120231C
:040D69000611262326
:040D6A0000060493E8
:040D6B0000068913E2
:040D6C000405CA634D
:040D6D0000810613E8
:040D6E00749000EF8E
:040D6F0004054463D0
:040D700000C1270394
:040D71000000F7B7D0
:040D720006C1208313
:040D730000E7F7B3EB
:040D7400FFFFE7375F
:040D750000E787B359
:040D760006812403CB
:040D77000017B79317
:040D780000F920233B
:040D7900400007131C
:040D7A0000E4A023CE
:040D7B000000153728
:040D7C000641248385
:040D7D00060129033F
:040D7E0080050513D4
:040D7F000701011354
:040D80000000806788
:040D810000C45783D0
:040D82000807F793D4
:040D83000207886378
:040D840006C1208301
:040D850006812403BC
:040D860000000793CF
:040D870000F920232C
:040D88000400071349
:040D890000E4A023BF
:040D8A000601290332
:040D8B000641248376
:040D8C00000005134B
:040D8D000701011346
:040D8E00000080677A
:040D8F0006C12083F6
:040D900006812403B1
:040D910000F9202322
:040D92004000071303
:040D930000E4A023B5
:040D94000601290328
:040D9500064124836C
:040D96000000051341
:040D9700070101133C
:040D98000000806770
:040D990000006517DA
:040D9A0055C5051323
:040D9B000940006F9C
:040D9C0000006517D7
:040D9D0055050513E0
:040D9E000A00006FD8
:040D9F0000050593B3
:040DA00000000693B6
:040DA1000000061335
:040DA2000000051335
:040DA3005080106FFD
:040DA400FF01011337
:040DA5000081242382
:040DA600000037977B
:040DA7005787879350
:040DA80000003417FC
:040DA90057040413D4
:040DAA0040F40433DA
:040DAB00009122236E
:040DAC0000112623E9
:040DAD0040245493F7
:040DAE000204806358
:040DAF00FFC4041366
:040DB00000F4043314
:040DB1000004278390
:040DB200FFF4849333
:040DB300FFC4041362
:040DB400000780E7CD
:040DB500FE0498E3BD
:040DB60000C12083D5
:040DB7000081240390
:040DB800004124834F
:040DB9000101011320
:040DBA00000080674E
:040DBB00000080674D
:040DBC00000080674C
:040DBD00000080674B
:040DBE00000080674A
:040DBF000000806749
:040DC0000000806748
:040DC1000010051306
:040DC2000000806746
:040DC3000010051304
:040DC4000000806744
:040DC5000000806743
:040DC6000000806742
:040DC700000505938B
:040DC8008201A503FC
:040DC9005850006F0F
:040DCA00FF01011311
:040DCB0000112623CA
:040DCC0001212023BE
:040DCD000E0582632A
:040DCE000081242359
:040DCF00009122234A
:040DD0000005841383
:040DD1000005049382
:040DD20000050663AF
:040DD300034527832A
:040DD4001007806321
:040DD5000644278326
:040DD60000C417033B
:040DD7000017F79377
:040DD8000A0796630D
:040DD9002007771365
:040DDA000E07086395
:040DDB000004059378
:040DDC000004851377
:040DDD00139000EF80
:040DDE0002C42783A1
:040DDF0000050913EF
:040DE00000078A631B
:040DE10001C42583A1
:040DE2000004851371
:040DE300000780E79E
:040DE4000A05406359
:040DE50000C457836C
:040DE6000807F79370
:040DE7000A07926302
:040DE8000304258358
:040DE90000058C6312
:040DEA000404079363
:040DEB0000F5866326
:040DEC000004851367
:040DED005F0000EFB4
:040DEE0002042823B0
:040DEF000444258310
:040DF000000588630F
:040DF1000004851362
:040DF2005DC000EFF1
:040DF30004042223AF
:040DF400C6DFE0EF87
:040DF5000644278306
:040DF60000041623BC
:040DF7000017F79357
:040DF8000A078663FD
:040DF9000584250345
:040DFA00F11FF0EF06
:040DFB00C5DFE0EF81
:040DFC0000C120838F
:040DFD00008124034A
:040DFE000041248309
:040DFF0000090513CF
:040E000000012903C1
:040E010001010113D7
:040E02000000806705
:040E0300F60710E3FB
:040E04000081240342
:040E05000041248301
:040E060000000913CC
:040E070000C1208383
:040E080000090513C5
:040E090000012903B8
:040E0A0001010113CE
:040E0B0000008067FC
:040E0C0000C4578344
:040E0D00FFF00913D6
:040E0E000807F79347
:040E0F00F60782E37D
:040E10000104258331
:040E11000004851341
:040E120055C000EFD8
:040E1300F55FF06F28
:040E1400B7DFE0EF75
:040E1500F01FF06F6B
:040E16000584250327
:040E1700EA5FF0EFAF
:040E180000C4178378
:040E1900F00794E367
:040E1A0006442783E0
:040E1B000017F79332
:040E1C00FA0790E35E
:040E1D000584250320
:040E1E0000000913B4
:040E1F00E9DFF0EF28
:040E20000081240326
:040E210000412483E5
:040E2200F95FF06F15
:040E2300058425031A
:040E2400E89FF0EF64
:040E2500F51FF06F56
:040E2600000505932B
:040E27008201A5039C
:040E2800E89FF06FE0
:040E290000F00313BF
:040E2A0000050713A5
:040E2B0002C37E631D
:040E2C0000F77793C1
:040E2D000A079063BD
:040E2E0008059263BE
:040E2F00FF067693B1
:040E300000F676133F
:040E310000E686B39E
:040E320000B72023C2
:040E330000B72223BF
:040E340000B72423BC
:040E350000B72623B9
:040E36000107071396
:040E3700FED766E399
:040E38000006146339
:040E390000008067CE
:040E3A0040C306B3F8
:040E3B000026969364
:040E3C000000029719
:040E3D00005686B322
:040E3E0000C6806703
:040E3F0000B70723CE
:040E400000B706A34E
:040E410000B70623CD
:040E420000B705A34D
:040E430000B70523CC
:040E440000B704A34C
:040E450000B70423CB
:040E460000B703A34B
:040E470000B70323CA
:040E480000B702A34A
:040E490000B70223C9
:040E4A0000B701A349
:040E4B0000B70123C8
:040E4C0000B700A348
:040E4D0000B70023C7
:040E4E0000008067B9
:040E4F000FF5F59313
:040E500000859693F0
:040E510000D5E5B330
:040E5200010596936D
:040E530000D5E5B32E
:040E5400F6DFF06F66
:040E55000027969349
:040E560000000297FF
:040E5700005686B308
:040E58000000829381
:040E5900FA0680E72E
:040E5A00000280937F
:040E5B00FF07879373
:040E5C0040F7073321
:040E5D0000F6063362
:040E5E00F6C378E37C
:040E5F00F3DFF06F5E
:040E600000A5C7B36F
:040E61000037F793CC
:040E620000C508B30C
:040E63000607946387
:040E640000300793C0
:040E650006C7F06369
:040E66000035779349
:040E67000005071368
:040E680006079A637C
:040E6900FFC8F613B5
:040E6A0040E606B3A5
:040E6B0002000793E7
:040E6C0008D7CE6372
:040E6D000005869363
:040E6E0000070793DF
:040E6F0002C77863DB
:040E70000006A803CD
:040E7100004787931C
:040E7200004686931D
:040E7300FF07AE23A4
:040E7400FEC7E8E3EA
:040E7500FFF60793EA
:040E760040E787B317
:040E7700FFC7F79327
:040E78000047879315
:040E790000F7073344
:040E7A0000F585B347
:040E7B000117686390
:040E7C00000080678B
:040E7D000005071352
:040E7E00051578637B
:040E7F000005C78320
:040E8000001707133D
:040E81000015859340
:040E8200FEF70FA3C5
:040E8300FEE898E30A
:040E84000000806783
:040E85000005C6831B
:040E86000017071337
:040E87000037779326
:040E8800FED70FA3DF
:040E89000015859338
:040E8A00F6078EE3F6
:040E8B000005C68315
:040E8C000017071331
:040E8D000037779320
:040E8E00FED70FA3D9
:040E8F000015859332
:040E9000FC079AE3DE
:040E9100F61FF06FE9
:040E92000000806775
:040E9300FF01011347
:040E94000081262390
:040E95000200041340
:040E96000005A3832D
:040E97000045A283ED
:040E98000085AF839F
:040E990000C5AF03DE
:040E9A000105AE831D
:040E9B000145AE035C
:040E9C000185A30326
:040E9D0001C5A803E0
:040E9E000205A68320
:040E9F0002470713EC
:040EA00040E607B36E
:040EA100FC772E2389
:040EA200FE572023B4
:040EA300FFF7222310
:040EA400FFE724231D
:040EA500FFD726232A
:040EA600FFC7282337
:040EA700FE672A2395
:040EA800FF072C23F1
:040EA900FED72E231F
:040EAA0002458593E5
:040EAB00FAF446E32C
:040EAC000005869324
:040EAD0000070793A0
:040EAE0002C778639C
:040EAF000006A8038E
:040EB00000478793DD
:040EB10000468693DE
:040EB200FF07AE2365
:040EB300FEC7E8E3AB
:040EB400FFF60793AB
:040EB50040E787B3D8
:040EB600FFC7F793E8
:040EB70000478793D6
:040EB80000F7073305
:040EB90000F585B308
:040EBA000117686351
:040EBB0000C124034B
:040EBC00010101131C
:040EBD00000080674A
:040EBE000005C783E1
:040EBF0000170713FE
:040EC0000015859301
:040EC100FEF70FA386
:040EC200FEE882E3E1
:040EC3000005C783DC
:040EC40000170713F9
:040EC50000158593FC
:040EC600FEF70FA381
:040EC700FCE89EE3C2
:040EC800FCDFF06FEC
:040EC900FD01011313
:040ECA00029122234C
:040ECB000005049387
:040ECC000005851385
:040ECD000281242357
:040ECE0002112623C4
:040ECF000005841383
:040ED000450010EFDA
:040ED10000150713EE
:040ED200000036974F
:040ED30010C686932C
:040ED40000E12623F0
:040ED5000344A783A8
:040ED60001010713FC
:040ED70000D12C23F7
:040ED80000E12223F0
:040ED900001006936C
:040EDA0000200713DA
:040EDB000081282347
:040EDC0000A12A2324
:040EDD0000D12E23EF
:040EDE0000E12423E8
:040EDF000084A403E4
:040EE0000C07826316
:040EE1000644278319
:040EE20000C417032E
:040EE3000017F6936B
:040EE400000696630B
:040EE50020077693D9
:040EE60008068C630B
:040EE7000127169336
:040EE8000206C063DB
:040EE900FFFFE6B76A
:040EEA00FFF68693F6
:040EEB0000002637A6
:040EEC0000C76733A1
:040EED0000D7F7B380
:040EEE0000E41623E3
:040EEF0006F42223C0
:040EF000012797132C
:040EF1000807466345
:040EF20000410613A2
:040EF300000405935F
:040EF400000485135E
:040EF5002AD000EF10
:040EF6000644278304
:040EF70006051A636F
:040EF80000A00493BF
:040EF9000017F79354
:040EFA0000079863F2
:040EFB0000C4578355
:040EFC002007F79341
:040EFD0000078E63F9
:040EFE0002C120838A
:040EFF000281240345
:040F00000004851351
:040F01000241248302
:040F020003010113D3
:040F03000000806703
:040F04000584250338
:040F0500B05FF0EFFA
:040F060002C1208381
:040F0700028124033C
:040F08000004851349
:040F090002412483FA
:040F0A0003010113CB
:040F0B0000008067FB
:040F0C000584250330
:040F0D00ACDFF0EF76
:040F0E0000C4170301
:040F0F0006442783EA
:040F1000F5DFF06FAA
:040F11000004851340
:040F1200F84FE0EFC5
:040F1300F39FF06FE9
:040F1400FFF0049353
:040F1500F91FF06F61
:040F1600000505933A
:040F17008201A503AB
:040F1800EC5FF06F2B
:040F1900FE010113C1
:040F1A0000812C2303
:040F1B0000912A23F4
:040F1C000121282364
:040F1D000131262355
:040F1E000141242346
:040F1F0000058993AD
:040F200000112E236B
:040F210000050913AB
:040F220000004A176A
:040F2300334A0A1330
:040F24009D5FF0EFEE
:040F2500008A270314
:040F2600000017B7F9
:040F2700FEF78793B7
:040F280000472483D7
:040F29000000173776
:040F2A00FFC4F49379
:040F2B0000F4843317
:040F2C004134043315
:040F2D0000C4541395
:040F2E00FFF40413B5
:040F2F0000C41413D3
:040F300000E44E6328
:040F31000000059324
:040F3200000905139A
:040F3300E6CFF0EF26
:040F3400008A278385
:040F3500009787B3E7
:040F360002F5086355
:040F37000009051395
:040F3800991FF0EF1E
:040F390001C120834F
:040F3A00018124030A
:040F3B0001412483C9
:040F3C000101290383
:040F3D0000C1298343
:040F3E0000812A0301
:040F3F000000051396
:040F40000201011396
:040F410000008067C5
:040F4200408005B333
:040F43000009051389
:040F4400E28FF0EF59
:040F4500FFF007931F
:040F460004F50A6341
:040F47000000671728
:040F4800070707137D
:040F490000072783F3
:040F4A00008A268370
:040F4B00408484B3A7
:040F4C000014E49316
:040F4D00408787B39F
:040F4E00000905137E
:040F4F000096A22343
:040F500000F7202363
:040F510092DFF0EF4C
:040F520001C1208336
:040F530001812403F1
:040F540001412483B0
:040F5500010129036A
:040F560000C129832A
:040F570000812A03E8
:040F5800001005136D
:040F5900020101137D
:040F5A0000008067AC
:040F5B0000000593FA
:040F5C000009051370
:040F5D00DC4FF0EF86
:040F5E00008A2703DB
:040F5F0000F0069305
:040F600040E507B3AE
:040F6100F4F6DCE3E3
:040F62008241A6839F
:040F630040D505333D
:040F64000017E793F8
:040F6500000066978B
:040F6600FEA6AC2314
:040F670000F722234A
:040F6800F3DFF06F54
:040F69001805826382
:040F6A00FF0101136F
:040F6B0000812423BA
:040F6C0000912223AB
:040F6D0000058413E4
:040F6E0000050493E3
:040F6F000011262324
:040F70008A5FF0EFB5
:040F7100FFC4258311
:040F7200FF840713DE
:040F7300000045171E
:040F74001F0505133D
:040F7500FFE5F7930A
:040F760000F7063347
:040F77000046268387
:040F780000852803C5
:040F7900FFC6F69326
:040F7A001AC802632C
:040F7B0000D6222357
:040F7C000015F593D4
:040F7D0000D608335F
:040F7E000A0590636D
:040F7F00FF842303C5
:040F8000004825837D
:040F8100000048978D
:040F82001C0888932C
:040F83004067073389
:040F840000872803B7
:040F8500006787B3C7
:040F86000015F593CA
:040F870015180263D4
:040F880000C7230378
:040F890000682623B3
:040F8A000103242318
:040F8B001A05886358
:040F8C000017E693D1
:040F8D0000D7222344
:040F8E0000F6202326
:040F8F001FF00693B6
:040F900006F6EC6312
:040F9100FF87F6934D
:040F920000868693BC
:040F9300004525836D
:040F940000D506B3CB
:040F95000006A603A9
:040F96000057D81315
:040F970000100793AC
:040F9800010797B303
:040F990000B7E7B303
:040F9A00FF868593B6
:040F9B0000B7262352
:040F9C0000C7242343
:040F9D0000F5222316
:040F9E0000E6A023A6
:040F9F0000E626231F
:040FA00000812403A5
:040FA10000C12083E8
:040FA20000048513AF
:040FA3000041248362
:040FA4000101011333
:040FA500FDCFF06F1D
:040FA6000048258357
:040FA7000015F593A9
:040FA800080586634F
:040FA9000017E693B4
:040FAA00FED42E2320
:040FAB0000F6202309
:040FAC001FF0069399
:040FAD00F8F6F8E377
:040FAE000097D6933F
:040FAF0000400613E5
:040FB00012D6626390
:040FB1000067D6936C
:040FB200039685938A
:040FB3000386861318
:040FB40000359593DC
:040FB50000B505B3CB
:040FB6000005A68309
:040FB700FF8585939A
:040FB80000D5986365
:040FB9001580006F30
:040FBA000086A68384
:040FBB0000D5886372
:040FBC000046A60342
:040FBD00FFC67613E2
:040FBE00FEC7E8E39F
:040FBF0000C6A58340
:040FC00000B726232D
:040FC10000D724230E
:040FC2000081240383
:040FC30000C12083C6
:040FC40000E5A4237D
:040FC500000485138C
:040FC600004124833F
:040FC70000E6A62377
:040FC800010101130F
:040FC900F4CFF06F02
:040FCA00000080673C
:040FCB0000D787B311
:040FCC000000489742
:040FCD0009488893B4
:040FCE0000862683F0
:040FCF000D168E630A
:040FD00000C628032C
:040FD1000017E5938D
:040FD20000F70633EB
:040FD3000106A6234A
:040FD40000D82423FA
:040FD50000B722231C
:040FD60000F62023DE
:040FD700EE1FF06FAA
:040FD80012059E63FD
:040FD90000862583E6
:040FDA0000C6260324
:040FDB0000F686B3E3
:040FDC000016E79381
:040FDD0000C5A62382
:040FDE0000B6242312
:040FDF0000F72223D2
:040FE00000D70733FC
:040FE10000D72023F2
:040FE200EF9FF06F1E
:040FE3000015F5936D
:040FE40000D786B3F9
:040FE500020590630E
:040FE600FF842583DC
:040FE70040B70733D5
:040FE80000C7278394
:040FE9000087260354
:040FEA0000B686B314
:040FEB0000F62623C3
:040FEC0000C7A42373
:040FED000016E79370
:040FEE0000F72223C3
:040FEF0000E52423D2
:040FF0008281A783D0
:040FF100EAF6EEE34B
:040FF20000006597FF
:040FF300BE05A5830F
:040FF400000485135D
:040FF500C91FF0EF31
:040FF600EA9FF06F0F
:040FF70000D787B3E5
:040FF800F59FF06F02
:040FF900014006139A
:040FFA0002D6706348
:040FFB000540061394
:040FFC0006D664634E
:040FFD0000C7D693C0
:040FFE0006F68593DB
:040FFF0006E6861369
:04100000003595938F
:04100100ED1FF06F80
:0410020005C6859307
:0410030005B6861395
:04100400003595938B
:04100500EC1FF06F7D
:0410060000E52A23B4
:0410070000E52823B5
:041008000017E69354
:041009000117262382
:04100A000117242383
:04100B0000D72223C5
:04100C0000F70733AF
:04100D0000F72023A5
:04100E00E49FF06FFC
:04100F00004528036D
:04101000402656130D
:041011000010079331
:0410120000C797B3C9
:041013000107E7B337
:0410140000F522239E
:04101500EADFF06FAF
:041016001540061368
:0410170000D66C6330
:0410180000F7D69374
:04101900078685932E
:04101A0007768613BC
:04101B000035959374
:04101C00E65FF06F2C
:04101D005540061321
:04101E0000D66C6329
:04101F000127D6933C
:0410200007D68593D7
:0410210007C6861365
:04102200003595936D
:04102300E49FF06FE7
:041024003F80059371
:0410250007E00613C7
:04102600E3DFF06FA5
:041027000017E69335
:0410280000D72223A8
:0410290000F620238A
:04102A00DD9FF06FE7
:04102B0000C5970362
:04102C00FE010113AD
:04102D0000812C23EF
:04102E000131262343
:04102F0000112E235B
:04103000008777932B
:04103100000584131F
:041032000005099319
:0410330012079063AD
:04103400000017B7EA
:041035008007879316
:041036000045A68348
:0410370000F767B3A4
:0410380000F5962306
:0410390018D0526316
:04103A000284280301
:04103B000E08046334
:04103C0000912A23D2
:04103D0001371693CE
:04103E000009A4837E
:04103F000009A023E1
:0410400001C425833F
:041041001606CE635E
:041042000000061391
:041043000010069300
:041044000009851307
:04104500000800E7B8
:04104600FFF007931D
:041047000005061387
:041048001AF504632E
:0410490000C4178345
:04104A0002842803F1
:04104B0001C4258334
:04104C000047F793CF
:04104D0000078E63A7
:04104E000044270330
:04104F0003042783EC
:0410500040E606333D
:0410510000078663AB
:0410520003C4278329
:0410530040F606332A
:0410540000000693FF
:0410550000098513F6
:04105600000800E7A7
:04105700FFF007930C
:0410580012F5146316
:041059000009A68361
:04105A0001D0079327
:04105B0000C41703B3
:04105C0016D7EA6356
:04105D00204007B771
:04105E00001787935D
:04105F0000D7D7B32C
:041060000017F793EB
:04106100160780638B
:04106200010426035C
:04106300FFFFF7B7DD
:041064007FF78793F8
:0410650000F777B366
:0410660000F4162359
:04106700000422233C
:0410680000C420237D
:0410690001371793A1
:04106A000007D46344
:04106B001006826386
:04106C0003042583D1
:04106D000099A02323
:04106E001005846382
:04106F0004040793DB
:0410700000F586639E
:0410710000098513DA
:04107200BDDFF0EFFF
:041073000141248390
:041074000204282327
:04107500000005135F
:0410760001C1208311
:0410770001812403CC
:0410780000C1298307
:04107900020101135C
:04107A00000080678B
:04107B000121282304
:04107C000105A903BE
:04107D0008090263F9
:04107E0000912A2390
:04107F000005A48341
:0410800000377713AB
:041081000125A02382
:04108200412484B3CE
:0410830000000793CF
:0410840000071463EA
:041085000145A783F7
:0410860000F424232B
:04108700009048632A
:041088000540006FB0
:0410890000A909337E
:04108A000490566315
:04108B000244278371
:04108C0001C42583F3
:04108D000004869342
:04108E00000906133C
:04108F0000098513BC
:04109000000780E7EE
:0410910040A484B340
:04109200FCA04EE38D
:0410930000C417037B
:04109400010129032A
:0410950004076713D2
:04109600014124836D
:0410970000E4162338
:04109800FFF005134D
:04109900F75FF06F9E
:04109A0003C5A68361
:04109B00E6D04EE36A
:04109C00F65FF06F9C
:04109D000141248366
:04109E000101290320
:04109F00F59FF06F5A
:0410A000050426031A
:0410A100EADFF06F23
:0410A20000C417036C
:0410A300010426839B
:0410A400FFFFF7B79C
:0410A5007FF78793B7
:0410A60000F777B325
:0410A70000F4162318
:0410A80000042223FB
:0410A90000D420232C
:0410AA000137179360
:0410AB00F007D2E395
:0410AC000304258391
:0410AD0004A428234C
:0410AE000099A023E2
:0410AF00F00590E3D5
:0410B0000141248353
:0410B100F11FF06FCC
:0410B2000009A78307
:0410B300E4078CE3DF
:0410B40001D007134D
:0410B50000E78C6361
:0410B60001600713BB
:0410B70000E7886363
:0410B80000C4170356
:0410B90004076713AE
:0410BA00F71FF06FBD
:0410BB000099A023D5
:0410BC000141248347
:0410BD00EE1FF06FC3
:0410BE00FF0101131A
:0410BF000081242365
:0410C0000091222356
:0410C10000112623D1
:0410C20001212023C5
:0410C300000504938D
:0410C400000584138C
:0410C50000050663B9
:0410C6000345278334
:0410C7000A078A6327
:0410C80000C41783C6
:0410C9000000091307
:0410CA000407806334
:0410CB0006442703AD
:0410CC00001777137F
:0410CD00000716639F
:0410CE002007F7936D
:0410CF00040784632B
:0410D0000004059380
:0410D100000485137F
:0410D200D65FF0EF06
:0410D3000644278325
:0410D40000050913F7
:0410D5000017F79376
:0410D6000007986314
:0410D70000C4578377
:0410D8002007F79363
:0410D9000407846321
:0410DA0000C12083AE
:0410DB000081240369
:0410DC000041248328
:0410DD0000090513EE
:0410DE0000012903E1
:0410DF0001010113F7
:0410E0000000806725
:0410E100058425035A
:0410E200B78FF0EFE5
:0410E300000405936D
:0410E400000485136C
:0410E500D19FF0EFB8
:0410E6000644278312
:0410E70000050913E4
:0410E8000017F79363
:0410E900FC0792E38B
:0410EA00FB5FF06F49
:0410EB000584250350
:0410EC00B68FF0EFDC
:0410ED0000C120839B
:0410EE000081240356
:0410EF000041248315
:0410F00000090513DB
:0410F10000012903CE
:0410F20001010113E4
:0410F3000000806712
:0410F400FFDFD0EF5B
:0410F500F4DFF06FC5
:0410F6000A050A637A
:0410F700FF010113E1
:0410F800008124232C
:0410F900012120238E
:0410FA000011262398
:0410FB00009122231B
:0410FC008201A903C1
:0410FD0000050413D3
:0410FE00000906637C
:0410FF0003492783F7
:0411000006078463F7
:0411010000C417838C
:041102000000049352
:0411030004078063FA
:041104000644270373
:041105000017771345
:041106000007166365
:041107002007F79333
:0411080004078A63EB
:041109000004059346
:04110A0000090513C0
:04110B00C81FF0EF1A
:04110C0006442783EB
:04110D000005049342
:04110E000017F7933C
:04110F0000079863DA
:0411100000C457833D
:041111002007F79329
:0411120002078C63E1
:0411130000C1208374
:04111400008124032F
:0411150000012903A9
:041116000004851339
:0411170000412483EC
:0411180001010113BD
:0411190000008067EB
:04111A0000090513B0
:04111B00F61FD0EFFC
:04111C00F95FF06F18
:04111D00058425031D
:04111E00A88FF0EFB7
:04111F00FA9FF06FD4
:04112000058425031A
:04112100A94FF0EFF3
:04112200FC5FF06F0F
:04112300000046176B
:04112400B2460613B6
:04112500000005972A
:04112600E645859382
:041127000000451768
:041128009F450513C7
:04112900B14FE06F73
:04112A00FF010113AD
:04112B0000812423F8
:04112C0000050413A3
:04112D000005851321
:04112E0000005797CF
:04112F006E07A02384
:041130000011262361
:041131001E4010EF5D
:04113200FFF0079330
:0411330000F50A6356
:0411340000C1208353
:04113500008124030E
:04113600010101139F
:0411370000008067CD
:0411380000005797C5
:041139006B87A78396
:04113A00FE0784E345
:04113B0000C120834C
:04113C0000F4202378
:04113D000081240306
:04113E000101011397
:04113F0000008067C5
:04114000FF01011397
:04114100000587130B
:0411420000812423E1
:04114300000605930A
:04114400000504138B
:041145000007051387
:0411460000005797B7
:041147006807A02372
:041148000011262349
:041149002E8010EFF5
:04114A00FFF0079318
:04114B0000F50A633E
:04114C0000C120833B
:04114D0000812403F6
:04114E000101011387
:04114F0000008067B5
:0411500000005797AD
:041151006587A78384
:04115200FE0784E32D
:0411530000C1208334
:0411540000F4202360
:0411550000812403EE
:04115600010101137F
:0411570000008067AD
:04115800FF0101137F
:0411590000812423CA
:04115A000005041375
:04115B0000058513F3
:04115C0000005797A1
:04115D006207A4235E
:04115E000011262333
:04115F00394010EF14
:04116000FFF0079302
:0411610000F50A6328
:0411620000C1208325
:0411630000812403E0
:041164000101011371
:04116500000080679F
:041166000000579797
:041167006007A783F3
:04116800FE0784E317
:0411690000C120831E
:04116A0000F420234A
:04116B0000812403D8
:04116C000101011369
:04116D000000806797
:04116E00FF01011369
:04116F0000058713DD
:0411700000812423B3
:0411710000060593DC
:04117200000504135D
:0411730000068613D9
:041174000007051358
:041175000000579788
:041176005C07A2234D
:04117700001126231A
:04117800470010EF2D
:04117900FFF00793E9
:04117A0000F50A630F
:04117B0000C120830C
:04117C0000812403C7
:04117D000101011358
:04117E000000806786
:04117F00000057977E
:0411800059C7A78321
:04118100FE0784E3FE
:0411820000C1208305
:0411830000F4202331
:0411840000812403BF
:041185000101011350
:04118600000080677E
:04118700FF01011350
:0411880000058713C4
:04118900008124239A
:04118A0000060593C3
:04118B000005041344
:04118C0000068613C0
:04118D00000705133F
:04118E00000057976F
:04118F005607A0233C
:041190000011262301
:041191007C4010EF9F
:04119200FFF00793D0
:0411930000F50A63F6
:0411940000C12083F3
:0411950000812403AE
:04119600010101133F
:04119700000080676D
:041198000000579765
:041199005387A7834E
:04119A00FE0784E3E5
:04119B0000C12083EC
:04119C0000F4202318
:04119D0000812403A6
:04119E000101011337
:04119F000000806765
:0411A000008627831B
:0411A1002C07846330
:0411A20000C596836B
:0411A300FD01011336
:0411A400028124237D
:0411A50001412C23B5
:0411A6000161282398
:0411A70002112623E8
:0411A8000086F79333
:0411A90000060B131E
:0411AA0000050A131F
:0411AB0000058413A4
:0411AC0008078E633F
:0411AD000105A7830E
:0411AE0008078A6341
:0411AF000291222364
:0411B00003212023D4
:0411B10001312E23B7
:0411B20001512A239A
:0411B3000026F79388
:0411B400000B248385
:0411B5000A0784633E
:0411B6000244278345
:0411B70001C42583C7
:0411B80080000AB7F2
:0411B9000000099396
:0411BA000000091315
:0411BB00C00A8A9349
:0411BC00000986138D
:0411BD00000A05130C
:0411BE0004090263BB
:0411BF00000906938A
:0411C000012AF463A9
:0411C100000A869307
:0411C200000780E7BB
:0411C30046A052638D
:0411C400008B2783F2
:0411C50000A989B341
:0411C60040A9093300
:0411C70040A787B303
:0411C80000FB2423E1
:0411C9001A07866318
:0411CA000244278331
:0411CB0001C42583B3
:0411CC00000986137D
:0411CD00000A0513FC
:0411CE00FC0912E323
:0411CF000004A983EC
:0411D0000044A9032B
:0411D100008484937F
:0411D200FA9FF06F21
:0411D300000405937C
:0411D400000A0513F5
:0411D50052C000EF15
:0411D6001C051C6375
:0411D70000C41683B7
:0411D800029122233B
:0411D90003212023AB
:0411DA0001312E238E
:0411DB0001512A2371
:0411DC000026F7935F
:0411DD00000B24835C
:0411DE00F60790E39D
:0411DF000171262351
:0411E0000181242342
:0411E1000016F7936A
:0411E2001C079663ED
:0411E300000427835A
:0411E4000084270359
:0411E50080000AB7C5
:0411E600019122232E
:0411E70000000B9366
:0411E8000000099367
:0411E900FFFA8A93EC
:0411EA000007851362
:0411EB0000070C13DA
:0411EC001009826301
:0411ED002006F613CF
:0411EE002806086364
:0411EF0000070C9356
:0411F00032E9E86395
:0411F1004806F713A2
:0411F20008070A637D
:0411F300014426038A
:0411F400010425834A
:0411F50000161713B6
:0411F60000C70733F4
:0411F70040B7893341
:0411F80001F75C138C
:0411F90000EC0C33C7
:0411FA00001907933E
:0411FB00401C5C1325
:0411FC00013787B37D
:0411FD00000C0613C9
:0411FE0000FC766318
:0411FF0000078C1346
:04120000000786134A
:041201004006F6931A
:0412020032068063CD
:041203000006059349
:04120400000A0513C4
:041205009DCFE0EFAA
:0412060000050C9340
:0412070034050E6339
:041208000104258335
:0412090000090613BF
:04120A00958FF0EFDD
:04120B0000C4578341
:04120C00B7F7F793A6
:04120D000807E79354
:04120E0000F41623AF
:04120F00012C8533F6
:04121000412C07B3B3
:0412110001942823F9
:0412120001842A2306
:0412130000A42023F0
:0412140000098C132E
:0412150000F424239A
:0412160000098C93AC
:04121700000C86132E
:04121800000B8593AF
:04121900620000EF80
:04121A000084270322
:04121B000004278321
:04121C000009891329
:04121D0041870733CB
:04121E00019787B3FA
:04121F0000E42423A0
:0412200000F4202393
:04122100000009932D
:04122200008B278393
:04122300012B8BB35D
:04122400412787B324
:0412250000FB242383
:0412260002078663D2
:041227000004278315
:041228000084270314
:0412290000C4168364
:04122A000007851321
:04122B0000070C1399
:04122C00F00992E350
:04122D000004AB838B
:04122E000044A9834C
:04122F000084849320
:04123000EE9FF06FCE
:0412310000C12B834A
:0412320000812C0308
:0412330000412C83C7
:0412340002C1208350
:04123500028124030B
:0412360002412483CA
:041237000201290384
:0412380001C1298344
:0412390001412A83C2
:04123A0001812A0301
:04123B0001012B037F
:04123C000000051396
:04123D000301011395
:04123E0000008067C5
:04123F00000405930F
:04124000000A051388
:041241009F5FF0EFCC
:041242000A050E6328
:0412430000C4178349
:0412440000C12B8337
:0412450000812C03F5
:0412460002412483BA
:041247000201290374
:0412480001C1298334
:0412490001412A83B2
:04124A000407E7931B
:04124B0000F4162372
:04124C0002C1208338
:04124D0002812403F3
:04124E0001812A03ED
:04124F0001012B036B
:04125000FFF0051393
:041251000301011381
:0412520000008067B1
:04125300000005137F
:0412540000008067AF
:0412550000000A93F8
:04125600000005137C
:0412570000000C1374
:0412580000000993F6
:04125900080982639B
:04125A0008050A6316
:04125B00000A87936B
:04125C0000098B9367
:04125D000137F463FE
:04125E0000078B9367
:04125F00000425035F
:0412600001042783DB
:0412610000842903D9
:04126200014426839A
:0412630000A7F66387
:0412640000D9093371
:04126500097944635C
:0412660016DBC2636E
:041267000244278393
:0412680001C4258315
:04126900000C06135C
:04126A00000A05135E
:04126B00000780E711
:04126C00000509135D
:04126D00F4A05CE3AA
:04126E00412A8AB3D4
:04126F000010051353
:04127000F20A8EE30D
:04127100008B278344
:04127200012C0C330C
:04127300412989B3D1
:04127400412787B3D4
:0412750000FB242333
:04127600F80796E3FC
:0412770000C12B8304
:0412780000812C03C2
:04127900EEDFF06F45
:04127A000044A98300
:04127B000004879351
:04127C0000848493D3
:04127D00FE098AE3F9
:04127E000007AC03B6
:04127F0000098613C9
:0412800000A0059332
:04128100000C051345
:041282003B8000EFBE
:0412830014050C63DF
:041284000015051339
:0412850041850AB3E2
:04128600F55FF06FB1
:04128700000C0593BF
:041288000009061340
:04128900460000EF2C
:04128A0000042783B2
:04128B0000040593C3
:04128C00000A05133C
:04128D00012787B3FB
:04128E0000F4202325
:04128F008BDFF0EF12
:04129000F6050CE370
:04129100EC9FF06F6F
:0412920001042683AA
:0412930004F6E46316
:041294000144258369
:0412950004B9E06355
:0412960000098913AF
:04129700013AF463C1
:04129800000A8913AC
:041299000009051330
:04129A003CD000EF55
:04129B00024427835F
:04129C0001C42583E1
:04129D0040A906B3AB
:04129E00000B8613A8
:04129F00000A051329
:0412A000000780E7DC
:0412A1000005091328
:0412A20004A05A63E7
:0412A300412989B3A1
:0412A400DF9FF06F69
:0412A5000007091322
:0412A60000E9F46304
:0412A700000989139E
:0412A80000078513A3
:0412A900000906131F
:0412AA00000B85931D
:0412AB003D8000EF93
:0412AC000084270390
:0412AD00000427838F
:0412AE00412707339A
:0412AF00012787B3D9
:0412B00000E424230F
:0412B10000F4202302
:0412B200FC0712E340
:0412B300000405939B
:0412B400000A051314
:0412B500825FF0EF75
:0412B600FA050AE348
:0412B70000C41783D5
:0412B80000C12B83C3
:0412B90000812C0381
:0412BA0000412C8340
:0412BB00E2DFF06F0F
:0412BC0000098C1386
:0412BD0000098C9305
:0412BE00D65FF06F98
:0412BF00000B861387
:0412C000000C059386
:0412C100380000EF02
:0412C200008427037A
:0412C3000004278379
:0412C400000B89137F
:0412C5004177073333
:0412C600017787B372
:0412C70000E42423F8
:0412C80000F42023EB
:0412C900E95FF06F7A
:0412CA00000A0513FE
:0412CB004F0000EFE1
:0412CC0000050C937A
:0412CD00D00514E351
:0412CE00010425836F
:0412CF00000A0513F9
:0412D000A64FF0EF46
:0412D10000C41783BB
:0412D20000C007133E
:0412D30000C12B83A8
:0412D40000812C0366
:0412D50000412C8325
:0412D60000EA2023E7
:0412D700F7F7F7939B
:0412D800DB9FF06F39
:0412D90000198793DE
:0412DA0000078A93EC
:0412DB00E05FF06F71
:0412DC0000C41783B0
:0412DD00DA5FF06F75
:0412DE0000C0071332
:0412DF0000C41783AD
:0412E00000C12B839B
:0412E10000812C0359
:0412E20000412C8318
:0412E30000EA2023DA
:0412E400D89FF06F30
:0412E500FE010113F2
:0412E6000121282397
:0412E70082C1891324
:0412E80000812C2332
:0412E90000050413E5
:0412EA0000092503CF
:0412EB0000912A2321
:0412EC000131262383
:0412ED000141242374
:0412EE0000112E239A
:0412EF0000058493DF
:0412F00000060A13D7
:0412F10000068993D7
:0412F200B39FE0EFD7
:0412F3000000571789
:0412F400FE070713D7
:0412F5000007278344
:0412F60008078663FC
:0412F7000047A70302
:0412F80001F0059369
:0412F90000092503C0
:0412FA0008E5C663DA
:0412FB000027159320
:0412FC0002041E6367
:0412FD0000170713BC
:0412FE0000E7A22340
:0412FF0000B787B3FA
:041300000097A4238B
:04130100B15FE0EF09
:0413020000000513CF
:0413030001C1208381
:04130400018124033C
:0413050001412483FB
:0413060001012903B5
:0413070000C1298375
:0413080000812A0333
:0413090002010113C9
:04130A0000008067F8
:04130B0000B788336C
:04130C000948242345
:04130D001887A68314
:04130E0000100613B2
:04130F0000E61633AB
:0413100000C6E6B37A
:0413110018D7A42322
:041312001138242347
:04131300002006931D
:04131400FAD412E312
:0413150018C7A683CC
:0413160000C6E6B374
:0413170018D7A6231A
:04131800F95FF06F1A
:0413190000005797E2
:04131A001507879399
:04131B0000F7202394
:04131C00F6DFF06F99
:04131D00AA5FE0EFF4
:04131E00FFF00513C4
:04131F00F91FF06F53
:04132000FF010113B5
:041321000081242300
:0413220000912223F1
:04132300001126236C
:041324008201A78318
:041325000005049328
:041326000005841327
:0413270000078663D2
:041328000347A703CD
:041329000E070C633C
:04132A0000C4178361
:04132B000087F7132D
:04132C0006070A6343
:04132D00010427038D
:04132E000807066343
:04132F000017F6931A
:0413300002068863C6
:0413310001442683CA
:04133200000424236C
:04133300000005139E
:0413340040D006B3EC
:0413350000D42C2391
:0413360002070A633D
:0413370000C120834E
:041338000081240309
:0413390000412483C8
:04133A000101011399
:04133B0000008067C7
:04133C000027F693FD
:04133D000000061393
:04133E0000069463AE
:04133F00014426033C
:0413400000C424239E
:041341000000051390
:04134200FC071AE3A7
:041343000807F7138D
:04134400FC0706E3B9
:041345000407E7931F
:0413460000F4162376
:04134700FFF005139B
:04134800FBDFF06F68
:041349000107F7138E
:04134A00080700632D
:04134B000047F7134D
:04134C0002071C6315
:04134D00010427036D
:04134E000087E7939A
:04134F0000F416236D
:04135000F6071EE39B
:041351002807F693E0
:04135200200006135E
:04135300F6C688E36F
:0413540000040593F9
:0413550000048513F8
:04135600E9CFE0EF0C
:0413570000C4178334
:041358000104270362
:04135900F59FF06F9D
:04135A0003042583E0
:04135B0000058E6398
:04135C00040407136B
:04135D0000E58863BC
:04135E0000048513EF
:04135F00828FF0EF9A
:0413600000C417832B
:041361000204282337
:041362000104270358
:04136300FDB7F79348
:04136400000422233C
:0413650000E420235D
:04136600FA1FF06F0B
:0413670000078513E3
:04136800E2CFD0EF11
:04136900F05FF06FD2
:04136A0000900713D5
:04136B0000E4A023D7
:04136C000407E793F8
:04136D0000F416234F
:04136E00FFF0051374
:04136F00F21FF06F0A
:04137000003577933A
:041371000FF5F693EB
:0413720002078A6381
:04137300FFF60793E7
:0413740002060E63FC
:04137500FFF006136C
:041376000180006F83
:041377000015051345
:0413780000357713B2
:0413790000070E63F8
:04137A00FFF787935F
:04137B0002C78063C2
:04137C00000547031E
:04137D00FED714E3A0
:04137E000000806784
:04137F0000060793CA
:04138000003007131F
:0413810000F76863A6
:041382000607906367
:04138300000005134E
:04138400000080677E
:041385000FF5F593D8
:041386000085971334
:0413870000B705B3F3
:0413880001059713B1
:04138900FEFF08B7A4
:04138A0080808837A0
:04138B0000E585B341
:04138C00EFF888935B
:04138D000808081331
:04138E000030031315
:04138F000100006FEA
:04139000FFC7879379
:0413910000450513FB
:04139200FCF370E315
:041393000005270327
:0413940000E5C73376
:041395000117063303
:04139600FFF7471303
:0413970000E67733C2
:04139800010777339F
:04139900FC070EE35C
:04139A0000F507B3A0
:04139B0000C0006F1F
:04139C000015051320
:04139D00F8F50CE370
:04139E0000054703FC
:04139F00FED71AE378
:0413A0000000806762
:0413A10002A5F66348
:0413A20000C58733C8
:0413A30002E572638A
:0413A40000C507B3C6
:0413A50004060663D1
:0413A600FFF7468384
:0413A700FFF7879332
:0413A800FFF7071331
:0413A90000D78023C6
:0413AA00FEF518E351
:0413AB000000806757
:0413AC0000F00793B3
:0413AD0002C7E86328
:0413AE00000507939C
:0413AF00FFF60693AC
:0413B0000C060263C2
:0413B1000016869309
:0413B20000D786B327
:0413B3000005C70367
:0413B4000017879304
:0413B5000015859307
:0413B600FEE78FA31C
:0413B700FED798E3E2
:0413B800000080674A
:0413B90000B567B361
:0413BA000037F7936E
:0413BB000807966326
:0413BC00FF0608938D
:0413BD00FF08F8939A
:0413BE000108889307
:0413BF00011506B35B
:0413C000000587138A
:0413C1000005079389
:0413C20000072803F5
:0413C3000107071304
:0413C4000107879303
:0413C500FF07A82353
:0413C600FF472803B2
:0413C700FF07AA234F
:0413C800FF87280370
:0413C900FF07AC234B
:0413CA00FFC728032E
:0413CB00FF07AE2347
:0413CC00FCD79CE3CB
:0413CD0000C67813CB
:0413CE00011585B3CD
:0413CF0000F677139A
:0413D00004080463A6
:0413D100FFC7081337
:0413D200FFC87813C5
:0413D30000480813B3
:0413D400010687B3D4
:0413D5000005871375
:0413D6000007288361
:0413D70000468693B3
:0413D80000470713B0
:0413D900FF16AE232A
:0413DA00FEF698E3A0
:0413DB00003676134F
:0413DC00010585B3CF
:0413DD00F49FF06F1A
:0413DE00FFF606937D
:0413DF00000507936B
:0413E000F45FF06F57
:0413E1000000806721
:0413E20000070613E7
:0413E300F31FF06F95
:0413E40000357793C6
:0413E50000050713E5
:0413E60004079C63F9
:0413E7007F7F86B7C7
:0413E800F7F68693FB
:0413E900FFF0059379
:0413EA0000072603CF
:0413EB00004707139D
:0413EC0000D677B3FD
:0413ED0000D787B3EB
:0413EE0000C7E7B39A
:0413EF0000D7E7B389
:0413F000FEB784E3DD
:0413F100FFC7468369
:0413F20040A707B356
:0413F3000406846305
:0413F400FFD7468356
:0413F50002068C63FD
:0413F600FFE74503C5
:0413F70000A03533EA
:0413F80000F50533C4
:0413F900FFE50513F4
:0413FA000000806708
:0413FB00FA0688E383
:0413FC00000747831C
:0413FD0000170713BB
:0413FE0000377693AB
:0413FF00FE0798E36A
:0414000040A70733C7
:04140100FFF70513D9
:0414020000008067FF
:04140300FFD7851377
:0414040000008067FD
:04140500FFC7851385
:0414060000008067FB
:04140700FD010113CF
:041408000291222308
:041409000211262383
:04140A000006049341
:04140B001E058863CF
:04140C000281242312
:04140D000321202374
:04140E00000584133E
:04140F0001312E2356
:0414100001512A2339
:0414110001412C2346
:0414120000050913B5
:04141300E18FE0EF96
:04141400FFC42703E7
:0414150000B4879305
:0414160001600693D8
:04141700FF840A93B1
:04141800FFC77993FE
:0414190010F6F26374
:04141A00FF87FA133B
:04141B001007C26391
:04141C00109A60635F
:04141D001349D2633A
:04141E000181242301
:04141F0000003C1776
:04142000F40C0C13A9
:04142100008C260312
:04142200013A86B352
:041423000046A78355
:041424001CD6086367
:04142500FFE7F613D4
:0414260000C6863343
:041427000046260352
:041428000016761321
:0414290014061A6328
:04142A00FFC7F7936E
:04142B0000F986330B
:04142C000D465863AE
:04142D00001777131A
:04142E0002071C6332
:04142F0001712623FE
:04143000FF842B8387
:04143100016128230A
:04143200417A8BB3BD
:04143300004BA703C0
:04143400FFC7771364
:0414350000E787B392
:0414360001378B33BC
:04143700334B5C6374
:0414380000E98B3309
:04143900294B586380
:04143A0001012B037E
:04143B0000C12B833E
:04143C000004859390
:04143D00000905138A
:04143E008F9FD0EFBD
:04143F00000504930D
:0414400040050863F8
:04144100FFC427833A
:04144200FF85071308
:04144300FFE7F79335
:0414440000FA87B370
:0414450024E78663AF
:04144600FFC9861341
:0414470002400793C5
:041448002EC7E46364
:041449000130071354
:04144A0020C76A63EA
:04144B0000050793FE
:04144C00000407137E
:04144D0000072683EB
:04144E0000D7A02300
:04144F0000472683A9
:0414500000D7A223FC
:0414510000872703E6
:0414520000E7A423E8
:0414530000040593F9
:041454000009051373
:04145500C51FE0EFE0
:041456000009051371
:04145700D14FE0EFA2
:0414580000812C03E0
:0414590006C0006F5A
:04145A0001000A1370
:04145B00F09A74E3AC
:04145C0000C0079332
:04145D0000F920234F
:04145E0000000493F3
:04145F000540006FD5
:0414600000C6A78398
:041461000086A70357
:0414620000812C03D6
:0414630000060993E3
:0414640000F7262344
:0414650000E7A423D5
:04146600004AA7830E
:04146700414986B3BE
:0414680000F0061377
:041469000017F793DE
:04146A00013A873389
:04146B0008D66263DA
:04146C000137E7B3AA
:04146D0000FAA223BC
:04146E000047278389
:04146F000017E793E8
:0414700000F722233C
:041471000009051356
:04147200CA8FE0EF4E
:0414730000040493DA
:0414740002812403CA
:0414750002C120830D
:041476000201290343
:0414770001C1298303
:0414780001812A03C1
:0414790001412A8380
:04147A0000048513D2
:04147B000241248383
:04147C000301011354
:04147D000000806784
:04147E0000177713C9
:04147F00EE071AE377
:0414800001712623AD
:04148100FF842B8336
:0414820001612823B9
:04148300417A8BB36C
:04148400004BA7036F
:04148500FFC7771313
:04148600EC9FF06F78
:0414870002C12083FB
:041488000241248376
:0414890000060593C1
:04148A000301011346
:04148B00FC4FD06FD3
:04148C000147E7B37A
:04148D0000FAA2239C
:04148E00014A85B3D7
:04148F000016E693CA
:0414900000D5A223BE
:041491000047278366
:0414920000858593B9
:041493000009051334
:041494000017E793C3
:0414950000F7222317
:04149600B4DFE0EFF0
:04149700F69FF06F5D
:04149800FFC7F79300
:04149900013786B3DE
:04149A00010A06132A
:04149B0026C6D0632E
:04149C0000177713AB
:04149D00E6071EE35D
:04149E00017126238F
:04149F00FF842B8318
:0414A000016128239B
:0414A100417A8BB34E
:0414A200004BA70351
:0414A300FFC77713F5
:0414A40000E787B323
:0414A50001378B334D
:0414A600E4CB44E36C
:0414A70000CBA7834C
:0414A800008BA7030B
:0414A900FFC98613DE
:0414AA000240069363
:0414AB0000F72623FD
:0414AC0000E7A4238E
:0414AD00008B849399
:0414AE0028C6E46305
:0414AF0001300713EE
:0414B000000487931A
:0414B10002C7726399
:0414B2000004270308
:0414B30001B00793EA
:0414B40000EBA42382
:0414B50000442703C5
:0414B60000EBA6237E
:0414B70026C7EA63F7
:0414B8000084041395
:0414B900010B879309
:0414BA000004270300
:0414BB0000E7A02383
:0414BC0000442703BE
:0414BD0000E7A2237F
:0414BE00008427037C
:0414BF0000E7A4237B
:0414C000014B873322
:0414C100414B07B3E1
:0414C20000EC2423F3
:0414C3000017E79394
:0414C40000F72223E8
:0414C500004BA783AE
:0414C6000009051301
:0414C7000017F79380
:0414C8000147E7B33E
:0414C90000FBA2235F
:0414CA00B48FE0EF0C
:0414CB0001012B03ED
:0414CC0000C12B83AD
:0414CD0000812C036B
:0414CE00E99FF06F33
:0414CF00000426836C
:0414D00001B007134D
:0414D10000D52023FF
:0414D2000044268329
:0414D30000D52223FB
:0414D40014C76E6368
:0414D5000084071375
:0414D60000850793F3
:0414D700DD9FF06F36
:0414D800FFC52783A2
:0414D90000812C035F
:0414DA00FFC7F793BE
:0414DB0000F989B3D8
:0414DC00E29FF06F2C
:0414DD0000CBA78316
:0414DE00008BA703D5
:0414DF00FFC98613A8
:0414E000024006932D
:0414E10000F72623C7
:0414E20000E7A42358
:0414E300008B849363
:0414E40010C6E663E5
:0414E50001300713B8
:0414E60000048793E4
:0414E70002C77C6359
:0414E80000042703D2
:0414E90001B00793B4
:0414EA0000EBA4234C
:0414EB00004427038F
:0414EC0000EBA62348
:0414ED0014C7F863C5
:0414EE0000842783CC
:0414EF0000FBA82333
:0414F00000C427838A
:0414F10000FBAA232F
:0414F2000AD60C63A7
:0414F30001040413D9
:0414F400018B87934E
:0414F50000042703C5
:0414F60000E7A02348
:0414F7000044270383
:0414F80000E7A22344
:0414F9000084270341
:0414FA0000E7A42340
:0414FB00000B099346
:0414FC00000B8A93C4
:0414FD0001012B03BB
:0414FE0000C12B837B
:0414FF0000812C0339
:04150000000484134C
:04150100D95FF06F4F
:041502000004059349
:04150300A79FF0EFBF
:04150400D3DFF06FD2
:0415050000C6A783F2
:041506000086A703B1
:04150700FFC986137F
:041508000240069304
:0415090000F726239E
:04150A0000E7A4232F
:04150B00008BA703A7
:04150C0000CBA783E6
:04150D00008B849338
:04150E0000F7262399
:04150F0000E7A4232A
:0415100004C6EE63BC
:04151100013007138B
:0415120000048793B7
:04151300F8C774E3BE
:0415140000042703A5
:0415150001B0079387
:0415160000EBA4231F
:041517000044270362
:0415180000EBA6231B
:041519000AC7F063AA
:04151A00008427031F
:04151B0002400793F0
:04151C0000EBA82315
:04151D0000C42703DC
:04151E0000EBAA2311
:04151F00F4F618E3E3
:041520000104270398
:04152100020B87939F
:041522000184041329
:0415230000EBAC230A
:04152400FFC42703D6
:0415250000EBAE2306
:04152600F3DFF06F90
:041527000004059324
:041528000004851323
:041529009E1FF0EF22
:04152A00F45FF06F0B
:04152B00008427030E
:04152C0000E524238F
:04152D0000C42703CC
:04152E0000E526238B
:04152F0006F6046355
:041530000104071398
:041531000105079316
:04153200C6DFF06FB1
:04153300014A8AB32C
:04153400414687B3F2
:04153500015C24230E
:041536000017E79320
:0415370000FAA223F1
:04153800FFC4278342
:04153900000905138D
:04153A000004049312
:04153B000017F7930B
:04153C000147E7B3C9
:04153D00FEF42E2367
:04153E00978FE0EFB4
:04153F0000812C03F8
:04154000CD1FF06F5C
:04154100008404130B
:04154200010B87937F
:04154300EC9FF06FBA
:041544000009051382
:0415450095CFE0EF6F
:04154600000004930A
:0415470000812C03F0
:04154800CB1FF06F56
:0415490001042683F0
:04154A0001840713FE
:04154B00018507937C
:04154C0000D528237B
:04154D0001442683AC
:04154E0000D52A2377
:04154F00BF9FF06FDB
:0415500000040593FB
:0415510000048513FA
:0415520093DFF0EF44
:04155300DB5FF06FFB
:041554000084278365
:0415550000FBA823CC
:0415560000C4278323
:0415570000FBAA23C8
:0415580000D608634E
:041559000104041372
:04155A00018B8793E7
:04155B00D7DFF06F77
:04155C00010427035C
:04155D00020B879363
:04155E0001840413ED
:04155F0000EBAC23CE
:04156000FFC427039A
:0415610000EBAE23CA
:04156200D61FF06F31
:041563000005061366
:04156400000005136B
:041565000015F693E4
:041566000006846394
:0415670000C5053383
:041568000015D59302
:04156900001616133F
:04156A00FE0596E301
:04156B000000806795
:04156C0006054063CD
:04156D000605C66346
:04156E0000058613DB
:04156F0000050593DB
:04157000FFF0051370
:0415710002060C63FF
:0415720000100693CC
:0415730000B67A63E1
:0415740000C05863F8
:041575000016161333
:041576000016969332
:04157700FEB66AE36F
:041578000000051357
:0415790000C5E66360
:04157A0040C585B330
:04157B0000D56533FF
:04157C000016D693EC
:04157D0000165613EB
:04157E00FE0696E3EC
:04157F000000806781
:041580000000829352
:04158100FB5FF0EF2D
:0415820000058513C8
:04158300000280677B
:0415840040A005334B
:0415850000B0486307
:0415860040B005B3B9
:04158700F9DFF06F29
:0415880040B005B3B7
:041589000000829349
:04158A00F91FF0EF66
:04158B0040A0053344
:04158C000002806772
:04158D000000829345
:04158E000005CA6327
:04158F0000054C63A4
:04159000F79FF0EFE2
:0415910000058513B9
:04159200000280676C
:0415930040B005B3AC
:04159400FE0558E315
:0415950040A005333A
:04159600F61FF0EF5D
:0415970040B0053328
:041598000002806766
:04159900FF0101133A
:04159A0000112623F3
:04159B000081242384
:04159C000101041332
:04159D008141A7835E
:04159E0000078A6355
:04159F008141A7835C
:0415A000000780E7D9
:0415A10000050793A7
:0415A20000C0006F16
:0415A3000000A7B7E6
:0415A400B9878793E9
:0415A50000078513A3
:0415A60000C12083DD
:0415A7000081240398
:0415A8000101011329
:0415A9000000806757
:0415AA00FD0101132B
:0415AB0002112623E0
:0415AC000281242371
:0415AD00030104131F
:0415AE00FCA42E2348
:0415AF00FDC42783CD
:0415B0000207C46307
:0415B100FDC427034B
:0415B2000007079394
:0415B30000179793F3
:0415B40000E787B312
:0415B50000279793E1
:0415B6000000873773
:0415B700D10707133E
:0415B80000E787B30E
:0415B9000080006F3F
:0415BA000000079393
:0415BB00FEF42423F3
:0415BC00FE842783FF
:0415BD000607866334
:0415BE00FE842783FD
:0415BF000007A783F7
:0415C0000107A783F5
:0415C100020780633A
:0415C200FE842783F9
:0415C3000007A783F3
:0415C4000107A783F1
:0415C500FE84250378
:0415C600000780E7B3
:0415C7000005079381
:0415C8000080006F30
:0415C9000000079384
:0415CA00FEF42623E2
:0415CB00FDC4250333
:0415CC00950FC0EFC8
:0415CD00FEC42783AE
:0415CE000207D063DD
:0415CF00F29FF0EFA8
:0415D00000050713F8
:0415D100FEC42783AA
:0415D20040F007B32B
:0415D30000F72023DA
:0415D400FFF007938A
:0415D5000200006FA1
:0415D6000000079377
:0415D7000180006F20
:0415D800F05FF0EFE1
:0415D90000050713EF
:0415DA00051007935E
:0415DB0000F72023D2
:0415DC00FFF0079382
:0415DD00000785136B
:0415DE0002C12083A3
:0415DF00028124035E
:0415E00003010113EF
:0415E100000080671F
:0415E200FD010113F3
:0415E3000281262338
:0415E40003010413E8
:0415E500FCA42E2311
:0415E60000000013EE
:0415E700FDC4278395
:0415E800FEF42623C4
:0415E900FEC4250314
:0415EA00000507935E
:0415EB00000786630C
:0415EC007C1030132C
:0415ED000080006F0B
:0415EE007C2030131A
:0415EF0000000013E5
:0415F00000000013E4
:0415F100FFDFF06FB9
:0415F200FF010113E1
:0415F300001126239A
:0415F400008124232B
:0415F50001010413D9
:0415F6008141A78305
:0415F70000078A63FC
:0415F8008141A78303
:0415F900000780E780
:0415FA00000507934E
:0415FB0000C0006FBD
:0415FC000000A7B78D
:0415FD00B987879390
:0415FE00000785134A
:0415FF0000C1208384
:04160000008124033E
:0416010001010113CF
:0416020000008067FD
:04160300FD010113D1
:041604000211262386
:041605000281242317
:0416060003010413C5
:04160700FCA42E23EE
:04160800FCB42C23DF
:04160900FDC4278372
:04160A000207C463AC
:04160B00FDC42703F0
:04160C000007079339
:04160D000017979398
:04160E0000E787B3B7
:04160F000027979386
:041610000000873718
:04161100D1070713E3
:0416120000E787B3B3
:041613000080006FE4
:041614000000079338
:04161500FEF4262396
:04161600FEC4278364
:0416170004078463DD
:04161800FEC4278362
:041619000007A7839C
:04161A000207A78399
:04161B0002078263DD
:04161C00FEC427835E
:04161D000007A78398
:04161E000207A78395
:04161F00FD8425839E
:04162000FEC42503DC
:04162100000780E757
:041622000005079325
:0416230002C0006F92
:04162400FD84278397
:041625000000273763
:0416260000E7A22314
:041627000000079325
:041628000180006FCE
:04162900F25FF0EF8D
:04162A00000507139D
:04162B00051007930C
:04162C0000F7202380
:04162D00FFF0079330
:04162E000007851319
:04162F0002C1208351
:04163000028124030C
:04163100030101139D
:0416320000008067CD
:04163300FF0101139F
:041634000011262358
:0416350000812423E9
:041636000101041397
:041637008141A783C3
:0416380000078A63BA
:041639008141A783C1
:04163A00000780E73E
:04163B00000507930C
:04163C0000C0006F7B
:04163D000000A7B74B
:04163E00B98787934E
:04163F000007851308
:0416400000C1208342
:0416410000812403FD
:04164200010101138E
:0416430000008067BC
:04164400F701011396
:04164500081126233F
:0416460008812423D0
:04164700090104137E
:04164800F6A42E23B3
:041649000000A7B73F
:04164A00BD07A7032E
:04164B00FEE4262370
:04164C000000071380
:04164D00F8042A2350
:04164E00F7C4278333
:04164F000207C46367
:04165000F7C42703B1
:0416510000070793F4
:041652000017979353
:0416530000E787B372
:041654000027979341
:0416550000008737D3
:04165600D10707139E
:0416570000E787B36E
:041658000080006F9F
:0416590000000793F3
:04165A00F8F4262357
:04165B00F8C4278325
:04165C0004078A6392
:04165D00F8C4278323
:04165E000007A78357
:04165F000207A78354
:041660000007966386
:0416610000100793DB
:041662000500006F10
:04166300F9040793EC
:041664000007859363
:04166500F7C425039E
:04166600351000EF4C
:0416670000050793E0
:041668000007D6633E
:0416690000000793E3
:04166A000300006F0A
:04166B00F944270314
:04166C00FFFFE7B7DE
:04166D0000F707B3C8
:04166E000017B79317
:04166F000FF7F793E7
:041670000180006F86
:04167100F09FF0EF07
:041672000005071355
:0416730005100793C4
:0416740000F7202338
:0416750000000793D7
:0416760000078713CF
:041677000000A7B711
:04167800FEC4268303
:04167900BD07A7837F
:04167A0000F6C7B3FC
:04167B0000000693D2
:04167C00000784637C
:04167D00235000EF07
:04167E000007051349
:04167F0008C12083FB
:0416800008812403B6
:041681000901011347
:04168200000080677D
:04168300FF0101134F
:041684000011262308
:041685000081242399
:041686000101041347
:041687008141A78373
:0416880000078A636A
:041689008141A78371
:04168A00000780E7EE
:04168B0000050793BC
:04168C0000C0006F2B
:04168D000000A7B7FB
:04168E00B9878793FE
:04168F0000078513B8
:0416900000C12083F2
:0416910000812403AD
:04169200010101133E
:04169300000080676C
:04169400FD01011340
:0416950002112623F5
:041696000281242386
:041697000301041334
:04169800FCA42E235D
:04169900FCB42C234E
:04169A00FCC42A233F
:04169B00FE04242302
:04169C00FDC42783DF
:04169D000207C46319
:04169E00FDC427035D
:04169F0000070793A6
:0416A0000017979305
:0416A10000E787B324
:0416A20000279793F3
:0416A3000000873785
:0416A400D107071350
:0416A50000E787B320
:0416A6000080006F51
:0416A70000000793A5
:0416A800FEF4262303
:0416A900FEC42783D1
:0416AA00040782634C
:0416AB00FEC42783CF
:0416AC000007A78309
:0416AD0001C7A78347
:0416AE000207846348
:0416AF00FEC42783CB
:0416B0000007A78305
:0416B10001C7A78343
:0416B200FD442603CA
:0416B300FD8425830A
:0416B400FEC4250348
:0416B500000780E7C3
:0416B600FEA4242347
:0416B7000180006F3F
:0416B800F7A00793FD
:0416B900FEF42423F4
:0416BA0000C0006FFD
:0416BB00FAF00793A7
:0416BC00FEF42423F1
:0416BD00FE842783FD
:0416BE000207D063EC
:0416BF00F11FF0EF38
:0416C0000005071307
:0416C100FE842783F9
:0416C20040F007B33A
:0416C30000F72023E9
:0416C400FFF0079399
:0416C500FEF42423E8
:0416C600FE842783F4
:0416C7000007851380
:0416C80002C12083B8
:0416C9000281240373
:0416CA000301011304
:0416CB000000806734
:0416CC00FF01011306
:0416CD0000112623BF
:0416CE000081242350
:0416CF0001010413FE
:0416D0008141A7832A
:0416D10000078A6321
:0416D2008141A78328
:0416D300000780E7A5
:0416D4000005079373
:0416D50000C0006FE2
:0416D6000000A7B7B2
:0416D700B9878793B5
:0416D800000785136F
:0416D90000C12083A9
:0416DA000081240364
:0416DB0001010113F5
:0416DC000000806723
:0416DD00FD010113F7
:0416DE00028126233C
:0416DF0003010413EC
:0416E000FCA42E2315
:0416E100FDC427839A
:0416E2000087A703D3
:0416E300400007B705
:0416E40000F7673371
:0416E500FDC4278396
:0416E60000E7A42352
:0416E700FE042623B4
:0416E8000980006F06
:0416E900000087B7BF
:0416EA00D10786930B
:0416EB00FEC427030F
:0416EC000007079359
:0416ED0000179793B8
:0416EE0000E787B3D7
:0416EF0000279793A6
:0416F00000F687B3C6
:0416F1000007A70344
:0416F200FDC4278389
:0416F3000007A783C2
:0416F40004F71E6376
:0416F500000087B7B3
:0416F600D1078693FF
:0416F700FEC4270303
:0416F800000707934D
:0416F90000179793AC
:0416FA0000E787B3CB
:0416FB00002797939A
:0416FC0000F687B3BA
:0416FD000087A78338
:0416FE000207DA63A2
:0416FF00FEC42703FB
:041700000007079344
:0417010000179793A3
:0417020000E787B3C2
:041703000027979391
:041704000000873723
:04170500D1070713EE
:0417060000E787B3BE
:04170700FDC42703F3
:0417080000F706637D
:04170900FF30079313
:04170A000240006F2A
:04170B00FEC427836E
:04170C0000178793A8
:04170D00FEF426239D
:04170E008101A7832B
:04170F000007871335
:04171000FEC4278369
:04171100F6F770E394
:041712000000079339
:041713000007851333
:0417140002C12403E7
:0417150003010113B8
:0417160000008067E8
:04171700FC010113BD
:0417180002112E2369
:0417190002812C23FA
:04171A0004010413AF
:04171B00FCA42623E1
:04171C00FCB42423D2
:04171D00FCC42223C3
:04171E00FFF007933E
:04171F00FEF4202391
:04172000FED007935D
:04172100FEF422238D
:04172200FE0424237A
:04172300000087B784
:041724003CC78593A6
:04172500FCC42503D8
:04172600474000EF49
:04172700FCA42E23CD
:04172800FDC4278352
:0417290000079C63B6
:04172A00FCC42503D3
:04172B00580000EF73
:04172C00FCA42E23C8
:04172D00001007930E
:04172E00FEF424237E
:04172F00FDC427834B
:041730000A078C63B5
:04173100FDC42503CB
:041732006A0000EF5A
:04173300FEA42023CD
:04173400FE04278305
:041735000007D8636E
:04173600FE04278303
:04173700FEF4222377
:041738000A00006F34
:04173900FE04270380
:04173A00000707930A
:04173B000017979369
:04173C0000E787B388
:04173D000027979357
:04173E0000008737E9
:04173F00D1070713B4
:0417400000E787B384
:04174100FEF4262369
:04174200FC842703F9
:04174300400007B7A4
:04174400FFF7879391
:0417450000F77733FF
:04174600FEC4278333
:0417470000E7A423F0
:04174800FE84278371
:0417490000079C6396
:04174A00FEC42503B1
:04174B00E49FF0EF38
:04174C00FEA42223B2
:04174D00FE442783AC
:04174E000407C46365
:04174F00FDC427832B
:0417500000C7A783A4
:0417510002078463A4
:04175200FDC4278328
:0417530000C7A783A1
:04175400FC442683A8
:04175500FC842603E7
:04175600FCC4258327
:04175700FEC42503A4
:04175800000780E71F
:0417590000050793ED
:04175A000080006F9C
:04175B0000000793F0
:04175C00FEF4222352
:04175D0000C0006F59
:04175E00FED007931F
:04175F00FEF422234F
:04176000FE44278399
:041761000207D46344
:04176200FE04250359
:04176300AF5FB0EFD5
:04176400DA1FF0EFA9
:041765000005071361
:04176600FE44278393
:0417670040F007B394
:0417680000F7202343
:04176900FFF00793F3
:04176A000080006F8C
:04176B00FE042783CE
:04176C0000078513DA
:04176D0003C1208311
:04176E0003812403CC
:04176F00040101135D
:04177000000080678E
:04177100FF01011360
:041772000011262319
:0417730000812423AA
:041774000101041358
:041775008141A78384
:0417760000078A637B
:041777008141A78382
:04177800000780E7FF
:0417790000050793CD
:04177A0000C0006F3C
:04177B000000A7B70C
:04177C00B98787930F
:04177D0000078513C9
:04177E0000C1208303
:04177F0000812403BE
:04178000010101134F
:04178100000080677D
:04178200FD01011351
:041783000211262306
:041784000281242397
:041785000301041345
:04178600FCA42E236E
:04178700FCB42C235F
:04178800FCC42A2350
:04178900FDC42783F1
:04178A000207C4632B
:04178B00FDC427036F
:04178C0000070793B8
:04178D000017979317
:04178E0000E787B336
:04178F000027979305
:041790000000873797
:04179100D107071362
:0417920000E787B332
:041793000080006F63
:0417940000000793B7
:04179500FEF4242317
:04179600FE84278323
:041797000807866356
:04179800FE84278321
:041799000087A7839B
:04179A000037F7130A
:04179B0000100793A0
:04179C0006F70263E7
:04179D00FE8427831C
:04179E000007A78316
:04179F000147A783D4
:0417A00004078A634D
:0417A100FE84278318
:0417A2000007A78312
:0417A3000147A783D0
:0417A400FD442703D6
:0417A5000007061320
:0417A600FD84258316
:0417A700FE84250394
:0417A800000780E7CF
:0417A900FEA4262351
:0417AA00FEC42783CF
:0417AB000207D063FE
:0417AC00F15FF0EF0A
:0417AD000005071319
:0417AE00FEC42783CB
:0417AF0040F007B34C
:0417B00000F72023FB
:0417B100FFF00793AB
:0417B2000340006F81
:0417B300FEC42783C6
:0417B40002C0006F00
:0417B500EF1FF0EF43
:0417B6000005071310
:0417B70000D00793C4
:0417B80000F72023F3
:0417B9000140006F7C
:0417BA00EDDFF0EF80
:0417BB00000507130B
:0417BC00051007937A
:0417BD0000F72023EE
:0417BE00FFF007939E
:0417BF000007851387
:0417C00002C12083BF
:0417C100028124037A
:0417C200030101130B
:0417C300000080673B
:0417C400FC01011310
:0417C50002812E234C
:0417C6000401041303
:0417C700FCA4262335
:0417C8000080079303
:0417C9003007B7F33B
:0417CA00FEF42223E4
:0417CB00FE4427832E
:0417CC00FCF42E23D8
:0417CD008301A7836A
:0417CE0000378793C6
:0417CF00FFC7F793C6
:0417D0000007871374
:0417D10082E1A823E6
:0417D2008301A703E5
:0417D300FCC42783A8
:0417D40000F70733E0
:0417D5000000F7B762
:0417D60000078793EE
:0417D70002E7F263D0
:0417D800FDC42783A2
:0417D900FEF42423D3
:0417DA00FE842783DF
:0417DB000087F793F9
:0417DC003007A073BF
:0417DD0000000013F5
:0417DE00FFF007937E
:0417DF000380006F14
:0417E0008301A78357
:0417E100FEF42023CF
:0417E2008301A703D5
:0417E300FCC4278398
:0417E40000F70733D0
:0417E50082E1A823D2
:0417E600FDC4278394
:0417E700FEF42623C3
:0417E800FEC4278391
:0417E9000087F793EB
:0417EA003007A073B1
:0417EB0000000013E7
:0417EC00FE0427834D
:0417ED000007851359
:0417EE0003C124030C
:0417EF0004010113DD
:0417F000000080670E
:0417F100FF010113E0
:0417F2000011262399
:0417F300008124232A
:0417F40001010413D8
:0417F5008141A78304
:0417F60000078A63FB
:0417F7008141A78302
:0417F800000780E77F
:0417F900000507934D
:0417FA0000C0006FBC
:0417FB000000A7B78C
:0417FC00B98787938F
:0417FD000007851349
:0417FE0000C1208383
:0417FF00008124033E
:0418000001010113CE
:0418010000008067FC
:04180200FD010113D0
:041803000211262385
:041804000281242316
:0418050003010413C4
:04180600FCA42E23ED
:04180700FCB42C23DE
:04180800FCC42A23CF
:04180900FDC4278370
:04180A000207C463AA
:04180B00FDC42703EE
:04180C000007079337
:04180D000017979396
:04180E0000E787B3B5
:04180F000027979384
:041810000000873716
:04181100D1070713E1
:0418120000E787B3B1
:041813000080006FE2
:041814000000079336
:04181500FEF4242396
:04181600FE842783A2
:0418170008078463D7
:04181800FE842783A0
:041819000087A7831A
:04181A000037F79309
:04181B0006078263D7
:04181C00FE8427839C
:04181D000007A78396
:04181E000187A78314
:04181F0004078A63CD
:04182000FE84278398
:041821000007A78392
:041822000187A78310
:04182300FD44270356
:0418240000070613A0
:04182500FD84258396
:04182600FE84250314
:04182700000780E74F
:04182800FEA42623D1
:04182900FEC427834F
:04182A000207D0637E
:04182B00F19FF0EF4A
:04182C000005071399
:04182D00FEC427834B
:04182E0040F007B3CC
:04182F0000F720237B
:04183000FFF007932B
:041831000340006F01
:04183200FEC4278346
:0418330002C0006F80
:04183400EF5FF0EF83
:041835000005071390
:0418360000D0079344
:0418370000F7202373
:041838000140006FFC
:04183900EE1FF0EFBF
:04183A00000507138B
:04183B0005100793FA
:04183C0000F720236E
:04183D00FFF007931E
:04183E000007851307
:04183F0002C120833F
:0418400002812403FA
:04184100030101138B
:0418420000008067BB
:04184300FD0101138F
:0418440002812623D4
:041845000301041384
:04184600FCA42E23AD
:04184700FCB42C239E
:04184800FE04222355
:04184900FE04242352
:04184A003E80079342
:04184B00FEF426235E
:04184C00FD8427836D
:04184D000007966397
:04184E0000000793FC
:04184F000E00006F18
:04185000FD84278369
:041851000007A78362
:04185200FEF422235B
:041853000C00006F16
:04185400FE04242347
:041855000380006F9D
:04185600FE442783A2
:041857000087A7035C
:04185800FE84278360
:0418590000F707B3DA
:04185A000007C703B9
:04185B00FE8427835D
:04185C00FDC426831E
:04185D0000F687B357
:04185E000007C78335
:04185F0004F7166311
:04186000FE84278358
:041861000017879352
:04186200FEF4242349
:04186300FE84278355
:04186400FDC4270395
:0418650000F707B3CE
:041866000007C7832D
:041867000207886389
:04186800FE44278390
:041869000087A7034A
:04186A00FE8427834E
:04186B0000F707B3C8
:04186C000007C78327
:04186D0000078C6381
:04186E00FE842703CA
:04186F00FEC4278309
:04187000F8F74CE356
:041871000080006F84
:04187200000000135F
:04187300FE84278345
:04187400FDC4270385
:0418750000F707B3BE
:041876000007C7831D
:04187700020792636F
:04187800FE44278380
:041879000087A7033A
:04187A00FE8427833E
:04187B0000F707B3B8
:04187C000007C78317
:04187D000007966367
:04187E00FE4427837A
:04187F000200006FF4
:04188000FE44278378
:041881000007A78332
:04188200FEF422232B
:04188300FE442703F5
:04188400FD84278335
:04188500F2F71EE375
:0418860000000793C4
:0418870000078513BE
:0418880002C1240372
:041889000301011343
:04188A000000806773
:04188B00FD01011347
:04188C00028126238C
:04188D00030104133C
:04188E00FCA42E2365
:04188F00000087B717
:041890003C478793B7
:041891000007A78322
:04189200FEF422231B
:04189300FE04242308
:041894003E800793F8
:04189500FEF4262314
:041896000EC0006F11
:04189700FE04242304
:041898000BC0006F12
:04189900FE4427835F
:04189A000087A70319
:04189B00FE8427831D
:04189C0000F707B397
:04189D000007C70376
:04189E0002F00793BA
:04189F0002F71063D9
:0418A000FE44278358
:0418A1000087A70312
:0418A200FE84278316
:0418A3000017879310
:0418A40000F707B38F
:0418A5000007C783EE
:0418A60000078E6346
:0418A700FE44278351
:0418A8000087A7030B
:0418A900FE8427830F
:0418AA0000F707B389
:0418AB000007C783E8
:0418AC0002079C6330
:0418AD00FE8427830B
:0418AE00FDC427034B
:0418AF0000F707B384
:0418B0000007C70363
:0418B10002F00793A7
:0418B20000F70C63CC
:0418B300FE84278305
:0418B400FDC4270345
:0418B50000F707B37E
:0418B6000007C783DD
:0418B7000407986327
:0418B800FE44278340
:0418B9000740006F75
:0418BA00FE4427833E
:0418BB000087A703F8
:0418BC00FE842783FC
:0418BD0000F707B376
:0418BE000007C70355
:0418BF00FE842783F9
:0418C000FDC42683BA
:0418C10000F687B3F3
:0418C2000007C783D1
:0418C30002F71463B1
:0418C400FE842783F4
:0418C50000178793EE
:0418C600FEF42423E5
:0418C700FE84270371
:0418C800FEC42783B0
:0418C900F4F740E30D
:0418CA000100006FAA
:0418CB000000001306
:0418CC000080006F29
:0418CD000000001304
:0418CE00FE4427832A
:0418CF000007A783E4
:0418D000FEF42223DD
:0418D100FE442703A7
:0418D200000087B7D4
:0418D3003C47879374
:0418D400F0F716E330
:0418D5000000079375
:0418D600000785136F
:0418D70002C1240323
:0418D80003010113F4
:0418D9000000806724
:0418DA00FD010113F8
:0418DB00028126233D
:0418DC0003010413ED
:0418DD00FCA42E2316
:0418DE00FE800793EE
:0418DF00FEF42623CA
:0418E000FE042423BB
:0418E1000800006F8C
:0418E200000087B7C4
:0418E300D107869310
:0418E400FE84270354
:0418E500000707935E
:0418E60000179793BD
:0418E70000E787B3DC
:0418E80000279793AB
:0418E90000F687B3CB
:0418EA000007A783C9
:0418EB0004079663F5
:0418EC00000087B7BA
:0418ED00D107869306
:0418EE00FE8427034A
:0418EF000007079354
:0418F00000179793B3
:0418F10000E787B3D2
:0418F20000279793A1
:0418F30000F687B3C1
:0418F400FDC4270305
:0418F50000E7A02345
:0418F6008101A78342
:0418F700FE84270341
:0418F80000E7D663CC
:0418F900FE8427033F
:0418FA0080E1A823BE
:0418FB00FE842783BD
:0418FC00FEF42623AD
:0418FD000200006F76
:0418FE00FE842783BA
:0418FF0000178793B4
:04190000FEF42423AA
:04190100FE84270336
:0419020001F0079356
:04190300F6E7DEE342
:0419040000000013CC
:04190500FEC4278372
:04190600000785133E
:0419070002C12403F2
:0419080003010113C3
:0419090000008067F3
:04190A00000017972B
:04190B008307879334
:04190C000007AF839E
:04190D000047AF03DD
:04190E000087AE831D
:04190F0000C7AE035C
:041910000107A30325
:041911000147A8835F
:041912000187A8039E
:041913000247A6835E
:041914000287A7039C
:0419150001C7A583DE
:041916000207A6031B
:0419170002C7C783B9
:04191800FC010113BA
:0419190000010513B1
:04191A0002112E2365
:04191B0001F1202393
:04191C0001E12223A0
:04191D0001D12423AD
:04191E0001C12623BA
:04191F000061282318
:0419200001112A2364
:0419210001012C2371
:0419220002D12223A9
:0419230002E1242396
:0419240002F10623A3
:0419250000B12E23BC
:0419260002C12023B7
:04192700AF5FE0EFDF
:04192800000506139D
:041929000001059321
:04192A000020051381
:04192B0058C000EFB1
:04192C00006005133F
:04192D002E0000EF99
:04192E0007F00513A6
:04192F00ACCFF0EF5A
:04193000FF0101139F
:041931000011262358
:04193200F61FF0EFBD
:0419330000003797E2
:0419340070478793DE
:041935000007A703FD
:04193600000716632D
:04193700FF0A073765
:0419380000E7A02301
:0419390000008067C3
:04193A00000586130B
:04193B00000505930B
:04193C008201A5037C
:04193D0080CFE06F08
:04193E001185278365
:04193F0000078663B4
:04194000000005138B
:0419410000008067BB
:04194200FF0101138D
:041943000800059300
:0419440000812423D7
:041945000011262344
:041946000005041381
:04194700CD4FC0EFD1
:0419480010A42C2398
:04194900020504632C
:04194A0008050793F2
:04194B000005202350
:04194C00004505133A
:04194D00FEF51CE3A4
:04194E00000005137D
:04194F0000C1208330
:0419500000812403EB
:04195100010101137C
:0419520000008067AA
:04195300FFF0051389
:04195400FEDFF06F53
:04195500FE0101137B
:0419560000912A23AF
:0419570000112E232A
:0419580001F0079300
:0419590000050493EE
:04195A0002B7EC6381
:04195B001185278348
:04195C0000812C23B7
:04195D0000058413EA
:04195E0002078C638D
:04195F000024141339
:04196000008787B3C2
:0419610001812403D9
:041962000007A503D2
:0419630000C7A023F6
:0419640001C120831A
:041965000141248395
:041966000201011366
:041967000000806795
:041968000160079380
:0419690000F5202342
:04196A00FFF0051372
:04196B00FE5FF06FBC
:04196C0008000593D7
:04196D0000C126236C
:04196E00C38FC0EF74
:04196F0010A4AC23F1
:0419700000C1260389
:0419710000050793D3
:041972000005071352
:0419730008050693CA
:0419740000050A63FD
:041975000007202324
:04197600004707130C
:04197700FED71CE398
:04197800F9DFF06F34
:0419790001812403C1
:04197A00FFF0051362
:04197B00FA5FF06FB0
:04197C00FF01011353
:04197D000091222390
:04197E00001126230B
:04197F0001F00793D9
:0419800000050493C7
:041981000AB7E0635E
:041982001185278321
:041983000081242398
:0419840000058413C3
:04198500040784636C
:04198600002597138E
:0419870000E787B33B
:041988000007A703AA
:0419890002070C63E2
:04198A0000100693B0
:04198B0000D70C6312
:04198C00FFF00693CF
:04198D0004D7086310
:04198E000007A0238B
:04198F0000058513B7
:04199000000700E765
:0419910000812403AA
:041992000000051339
:0419930000C12083EC
:041994000041248367
:041995000101011338
:041996000000806766
:0419970000048513B0
:0419980044C000EF58
:04199900000406132D
:04199A0000812403A1
:04199B0000C12083E4
:04199C0000050593AA
:04199D0000048513AA
:04199E00004124835D
:04199F00010101132E
:0419A0003CC0006FD8
:0419A100008124039A
:0419A20000C12083DD
:0419A3000160079345
:0419A40000F5202307
:0419A5000041248356
:0419A6000010051315
:0419A7000101011326
:0419A8000000806754
:0419A900016007933F
:0419AA0000F5202301
:0419AB00FFF0051331
:0419AC00F9DFF06F00
:0419AD0001F00793AB
:0419AE000CB7EA6325
:0419AF0011852783F4
:0419B000FF0101131F
:0419B100008124236A
:0419B200009122235B
:0419B30000112623D6
:0419B4000005841393
:0419B5000005049392
:0419B600080780633B
:0419B70000241713DE
:0419B80000E787B30A
:0419B9000007A70379
:0419BA0002070C63B1
:0419BB00FFF00693A0
:0419BC0006D70063E7
:0419BD00001006937D
:0419BE0004D70063E7
:0419BF000004051308
:0419C0000007A02359
:0419C100000700E734
:0419C2000000051309
:0419C30000C12083BC
:0419C4000081240377
:0419C5000041248336
:0419C6000101011307
:0419C7000000806735
:0419C80000C12083B7
:0419C9000081240372
:0419CA000041248331
:0419CB0000100513F0
:0419CC000101011301
:0419CD00000080672F
:0419CE0000C12083B1
:0419CF00008124036C
:0419D000004124832B
:0419D10000300513CA
:0419D20001010113FB
:0419D3000000806729
:0419D40000200513D7
:0419D500FB9FF06F15
:0419D600080005936D
:0419D700A94FC0EF65
:0419D80010A4AC2388
:0419D900000507936B
:0419DA0000050E6393
:0419DB0000050713E9
:0419DC000805069361
:0419DD0000072023BC
:0419DE0000470713A4
:0419DF00FED71CE330
:0419E000F5DFF06FD0
:0419E100FFF00513FB
:0419E200F85FF06F4B
:0419E300FFF00513F9
:0419E4000000806718
:0419E500FF010113EA
:0419E6000091222327
:0419E70000112623A2
:0419E80001F0079370
:0419E9008201A48350
:0419EA0008A7EE63F9
:0419EB001184A78339
:0419EC00008124232F
:0419ED0000050413DA
:0419EE000407826305
:0419EF0000251713A5
:0419F00000E787B3D2
:0419F1000007A70341
:0419F20002070A637B
:0419F3000010069347
:0419F40000D70A63AB
:0419F500FFF0069366
:0419F60004D70663A9
:0419F7000007A02322
:0419F800000700E7FD
:0419F9000081240342
:0419FA0000000513D1
:0419FB0000C1208384
:0419FC0000412483FF
:0419FD0001010113D0
:0419FE0000008067FE
:0419FF000004851348
:041A00002AC000EF09
:041A010000040613C4
:041A02000081240338
:041A030000C120837B
:041A04000005059341
:041A05000004851341
:041A060000412483F4
:041A070001010113C5
:041A080022C0006F89
:041A09000081240331
:041A0A0000C1208374
:041A0B0001600793DC
:041A0C0000F4A0231F
:041A0D0000100513AD
:041A0E0000412483EC
:041A0F0001010113BD
:041A100000008067EB
:041A110001600793D6
:041A120000F4A02319
:041A1300FFF00513C8
:041A1400F9DFF06F97
:041A1500FF010113B9
:041A16000121202367
:041A17000011262371
:041A180001F007933F
:041A19008201A9039A
:041A1A0004A7E263D8
:041A1B0000812423FF
:041A1C0000050413AA
:041A1D001189250303
:041A1E0000912223EE
:041A1F0000058493A7
:041A200002050E634A
:041A21000024141376
:041A2200008507B381
:041A23000007A50310
:041A24000081240316
:041A25000097A02363
:041A260000412483D4
:041A270000C1208357
:041A2800000129038D
:041A290001010113A3
:041A2A0000008067D1
:041A2B0001600793BC
:041A2C0000F920237A
:041A2D00FFF00513AE
:041A2E00FE5FF06FF8
:041A2F000800059313
:041A30000009051391
:041A310092CFC0EFA1
:041A320010A92C23A8
:041A33000005079310
:041A34000805071387
:041A350000050A633B
:041A36000007A023E2
:041A3700004787934A
:041A3800FEF71CE3B6
:041A3900FA1FF06F31
:041A3A000081240300
:041A3B0000412483BF
:041A3C00FFF005139F
:041A3D00FA9FF06FAD
:041A3E00FF01011390
:041A3F0000812423DB
:041A40008201A40378
:041A41001184278362
:041A42000011262346
:041A430000078C63A9
:041A44000000051386
:041A450000C1208339
:041A460000812403F4
:041A47000101011385
:041A480000008067B3
:041A490008000593F9
:041A4A00000405137C
:041A4B008C4FC0EF0D
:041A4C0010A42C2393
:041A4D0000050C6321
:041A4E0008050793ED
:041A4F00000520234B
:041A50000045051335
:041A5100FEF51CE39F
:041A5200FC9FF06F96
:041A5300FFF0051388
:041A5400FC5FF06FD4
:041A5500FF01011379
:041A560000912223B6
:041A57000011262331
:041A580001F00793FF
:041A59008201A483DF
:041A5A000CA7E4638E
:041A5B001184A783C8
:041A5C0000812423BE
:041A5D000005041369
:041A5E000807826390
:041A5F000024171335
:041A600000E787B361
:041A61000007A703D0
:041A620002070C6308
:041A6300FFF00693F7
:041A640006D700633E
:041A650000100693D4
:041A660004D700633E
:041A6700000405135F
:041A68000007A023B0
:041A6900000700E78B
:041A6A0000812403D0
:041A6B00000005135F
:041A6C0000C1208312
:041A6D00004124838D
:041A6E00010101135E
:041A6F00000080678C
:041A700000812403CA
:041A710000C120830D
:041A72000041248388
:041A73000010051347
:041A74000101011358
:041A75000000806786
:041A760000812403C4
:041A770000C1208307
:041A78000041248382
:041A79000030051321
:041A7A000101011352
:041A7B000000806780
:041A7C0000812403BE
:041A7D00002005132D
:041A7E00FB9FF06F6B
:041A7F0008000593C3
:041A800000048513C6
:041A8100FEDFB0EFE5
:041A820010A4AC23DD
:041A830000050793C0
:041A840000050E63E8
:041A8500000507133E
:041A860008050693B6
:041A87000007202311
:041A880000470713F9
:041A8900FEE69CE3F6
:041A8A00F55FF06FA5
:041A8B0000812403AF
:041A8C00FFF005134F
:041A8D00F7DFF06F20
:041A8E0000060693B5
:041A8F0000058613B5
:041A900000050593B5
:041A91008201A50326
:041A9200949FC06FEE
:041A9300FF0101133B
:041A940000058713AF
:041A95000081242385
:041A960000060593AE
:041A9700000504132F
:041A9800000705132B
:041A9900000037977B
:041A9A001207AA2362
:041A9B0000112623ED
:041A9C000A4000EF0D
:041A9D00FFF00793BC
:041A9E0000F50A63E2
:041A9F0000C12083DF
:041AA000008124039A
:041AA100010101132B
:041AA2000000806759
:041AA3000000379771
:041AA40010C7A7833D
:041AA500FE0784E3D1
:041AA60000C12083D8
:041AA70000F4202304
:041AA8000081240392
:041AA9000101011323
:041AAA000000806751
:041AAB000040006F88
:041AAC00FF01011322
:041AAD00008126236B
:041AAE00010104131B
:041AAF000000079399
:041AB0000007851393
:041AB10000C1240349
:041AB200010101131A
:041AB3000000806748
:041AB400FF0101131A
:041AB50000112623D3
:041AB6000081242364
:041AB7000101041312
:041AB8008141A7833E
:041AB90000078A6335
:041ABA008141A7833C
:041ABB00000780E7B9
:041ABC000005079387
:041ABD0000C0006FF6
:041ABE000000A7B7C6
:041ABF00B9878793C9
:041AC0000007851383
:041AC10000C12083BD
:041AC2000081240378
:041AC3000101011309
:041AC4000000806737
:041AC500FD0101130B
:041AC60002112623C0
:041AC7000281242351
:041AC80003010413FF
:041AC900FCA42E2328
:041ACA00FCB42C2319
:041ACB00FE042623CC
:041ACC00FDC42783AB
:041ACD0006F04E636E
:041ACE00FD842783E9
:041ACF00080784631D
:041AD000FD842783E7
:041AD1000607C063E1
:041AD200FD84270365
:041AD30001F0079384
:041AD40004E7CA63F6
:041AD500FD84270362
:041AD6000030079342
:041AD70004F7446369
:041AD800FD842783DF
:041AD90000100713DF
:041ADA0000F717B347
:041ADB00CF81073779
:041ADC00F78707136E
:041ADD0000E7F733F4
:041ADE0000E03733BA
:041ADF000FF7771373
:041AE00000071E637A
:041AE10000110737B2
:041AE20000E7F7B36F
:041AE30000F037B325
:041AE4000FF7F7936E
:041AE50002079C63F5
:041AE60000C0006FCD
:041AE70000000513E3
:041AE800BE9FE0EFCE
:041AE90001600793FE
:041AEA00FEF42623BD
:041AEB000240006F46
:041AEC00FDC427838B
:041AED0000F05E6344
:041AEE00003007932A
:041AEF00FEF42623B8
:041AF0000100006F82
:041AF10000000013DE
:041AF2000080006F01
:041AF30000000013DC
:041AF400FEC4278382
:041AF50000078E63F5
:041AF600EF9FF0EF7F
:041AF70000050713CC
:041AF800FEC427837E
:041AF90000F72023AF
:041AFA00FFF007935F
:041AFB000080006FF8
:041AFC00000007934C
:041AFD000007851346
:041AFE0002C120837E
:041AFF000281240339
:041B000003010113C9
:041B010000008067F9
:041B0200000033208C
:041B0300000064CCAE
:041B04006C6C654858
:041B050057202C6FCA
:041B0600646C726F2A
:041B070000000021B9
:041B08007665642F6B
:041B090061746A2F6A
:041B0A0061755F673B
:041B0B00305F747261
:041B0C0000000000D5
:041B0D007665642F66
:041B0E0061746A2F65
:041B0F0061755F6736
:041B1000305F74725C
:041B110000000000D0
:041B12007665642F61
:041B13006C756E2F50
:041B14000000006C61
:041B15000000000AC2
:041B1600202A2A2A2D
:041B1700636174731F
:041B18006D73206B5E
:041B19006968736123
:041B1A006420676E6E
:041B1B006365746525
:041B1C002064657468
:041B1D003A2A2A2A0C
:041B1E007265742058
:041B1F00616E696D1D
:041B20000A6465747A
:041B210000000000C0
:041B220000000000BF
:041B230000000000BE
:041B240000000000BD
:041B250000000000BC
:041B260000000000BB
:041B270000000000BA
:041B280000000000B9
:041B290000000000B8
:041B2A0000000000B7
:041B2B0000000000B6
:041B2C0000000000B5
:041B2D0000000000B4
:041B2E0000000000B3
:041B2F0000000000B2
:041B300000000000B1
:041B310000000000B0
:041B320000000000AF
:041B330000000000AE
:041B340000000000AD
:041B350000000000AC
:041B360000000000AB
:041B370000000000AA
:041B380000000000A9
:041B390000000000A8
:041B3A0000000000A7
:041B3B0000000000A6
:041B3C0000000000A5
:041B3D0000000000A4
:041B3E0000000000A3
:041B3F0000000000A2
:041B400000000000A1
:041B410000000000A0
:041B4200000000009F
:041B4300000000009E
:041B4400000000009D
:041B4500000000009C
:041B4600000000009B
:041B4700000000009A
:041B48000000000099
:041B49000000000098
:041B4A000000000097
:041B4B000000000096
:041B4C000000000095
:041B4D000000000094
:041B4E000000000093
:041B4F000000000092
:041B50000000000091
:041B51000000000090
:041B5200000000008F
:041B5300000000008E
:041B5400000000008D
:041B5500000000008C
:041B5600000000008B
:041B5700000000008A
:041B58000000000089
:041B59000000000088
:041B5A000000000087
:041B5B000000000086
:041B5C000000000085
:041B5D000000000084
:041B5E000000000083
:041B5F000000000082
:041B60000000000081
:041B61000000000080
:041B6200000000007F
:041B6300000000007E
:041B6400000000007D
:041B6500000000007C
:041B6600000000007B
:041B6700000000007A
:041B68000000000079
:041B69000000000078
:041B6A000000000077
:041B6B000000000076
:041B6C000000000075
:041B6D000000000074
:041B6E000000000073
:041B6F000000000072
:041B70000000000071
:041B71000000000070
:041B7200000000006F
:041B7300000000006E
:041B7400000000006D
:041B7500000000006C
:041B7600000000006B
:041B7700000000006A
:041B78000000000069
:041B79000000000068
:041B7A000000000067
:041B7B000000000066
:041B7C000000000065
:041B7D000000000064
:041B7E000000000063
:041B7F000000000062
:041B80000000000061
:041B81000000000060
:041B8200000000005F
:041B8300000000005E
:041B8400000000005D
:041B8500000000005C
:041B8600000000005B
:041B8700000000005A
:041B88000000000059
:041B89000000000058
:041B8A000000000057
:041B8B000000000056
:041B8C000000000055
:041B8D000000000054
:041B8E000000000053
:041B8F000000000052
:041B90000000000051
:041B91000000000050
:041B9200000000004F
:041B9300000000004E
:041B9400000000004D
:041B9500000000004C
:041B9600000000004B
:041B9700000000004A
:041B98000000000049
:041B99000000000048
:041B9A000000000047
:041B9B000000000046
:041B9C000000000045
:041B9D000000000044
:041B9E000000000043
:041B9F000000000042
:041BA0000000000041
:041BA1000000000040
:041BA200000000003F
:041BA300000000003E
:041BA400000000003D
:041BA500000000003C
:041BA600000000003B
:041BA700000000003A
:041BA8000000000039
:041BA9000000000038
:041BAA000000000037
:041BAB000000000036
:041BAC000000000035
:041BAD000000000034
:041BAE000000000033
:041BAF000000000032
:041BB0000000000031
:041BB1000000000030
:041BB200000000002F
:041BB300000000002E
:041BB400000000002D
:041BB500000000002C
:041BB600000000002B
:041BB700000000002A
:041BB8000000000029
:041BB9000000000028
:041BBA000000000027
:041BBB000000000026
:041BBC000000000025
:041BBD000000000024
:041BBE000000000023
:041BBF000000000022
:041BC0000000000021
:041BC1000000000020
:041BC200000000001F
:041BC300000000001E
:041BC400000000001D
:041BC500000000001C
:041BC600000000001B
:041BC700000000001A
:041BC8000000000019
:041BC9000000000018
:041BCA000000000017
:041BCB000000000016
:041BCC000000000015
:041BCD000000000014
:041BCE000000000013
:041BCF000000000012
:041BD0000000000011
:041BD1000000000010
:041BD200000000000F
:041BD300000000000E
:041BD400000000000D
:041BD500000000000C
:041BD600000000000B
:041BD700000000000A
:041BD8000000000009
:041BD9000000000008
:041BDA000000000007
:041BDB000000000006
:041BDC000000000005
:041BDD000000000004
:041BDE000000000003
:041BDF000000000002
:041BE0000000000001
:041BE1000000000000
:041BE20000000000FF
:041BE30000000000FE
:041BE40000000000FD
:041BE50000000000FC
:041BE60000000000FB
:041BE70000000000FA
:041BE80000000000F9
:041BE90000000000F8
:041BEA0000000000F7
:041BEB0000000000F6
:041BEC0000000000F5
:041BED0000000000F4
:041BEE0000000000F3
:041BEF0000000000F2
:041BF00000000000F1
:041BF10000000000F0
:041BF20000000000EF
:041BF30000000000EE
:041BF40000000000ED
:041BF50000000000EC
:041BF60000000000EB
:041BF70000000000EA
:041BF80000000000E9
:041BF90000000000E8
:041BFA0000000000E7
:041BFB0000000000E6
:041BFC0000000000E5
:041BFD0000000000E4
:041BFE0000000000E3
:041BFF0000000000E2
:041C000000000000E0
:041C010000000000DF
:041C020000000000DE
:041C030000000000DD
:041C040000000000DC
:041C050000000000DB
:041C060000000000DA
:041C070000000000D9
:041C080000000000D8
:041C090000000000D7
:041C0A0000000000D6
:041C0B0000000000D5
:041C0C0000000000D4
:041C0D0000000000D3
:041C0E0000000000D2
:041C0F0000000000D1
:041C100000000000D0
:041C110000000000CF
:041C120000000000CE
:041C130000000000CD
:041C140000000000CC
:041C150000000000CB
:041C160000000000CA
:041C170000000000C9
:041C180000000000C8
:041C190000000000C7
:041C1A0000000000C6
:041C1B0000000000C5
:041C1C0000000000C4
:041C1D0000000000C3
:041C1E0000000000C2
:041C1F0000000000C1
:041C200000000000C0
:041C210000000000BF
:041C220000000000BE
:041C230000000000BD
:041C240000000000BC
:041C250000000000BB
:041C260000000000BA
:041C270000000000B9
:041C280000000000B8
:041C290000000000B7
:041C2A0000000000B6
:041C2B0000000000B5
:041C2C0000000000B4
:041C2D0000000000B3
:041C2E0000000000B2
:041C2F0000000000B1
:041C300000000000B0
:041C310000000000AF
:041C320000000000AE
:041C330000000000AD
:041C340000000000AC
:041C350000000000AB
:041C360000000000AA
:041C370000000000A9
:041C380000000000A8
:041C390000000000A7
:041C3A0000000000A6
:041C3B0000000000A5
:041C3C0000000000A4
:041C3D0000000000A3
:041C3E0000000000A2
:041C3F0000000000A1
:041C400000000000A0
:041C4100000000009F
:041C4200000000009E
:041C4300000000009D
:041C4400000000009C
:041C4500000000009B
:041C4600000000009A
:041C47000000000099
:041C48000000000098
:041C49000000000097
:041C4A000000000096
:041C4B000000000095
:041C4C000000000094
:041C4D000000000093
:041C4E000000000092
:041C4F000000000091
:041C50000000000090
:041C5100000000008F
:041C5200000000008E
:041C5300000000008D
:041C5400000000008C
:041C5500000000008B
:041C5600000000008A
:041C57000000000089
:041C58000000000088
:041C59000000000087
:041C5A000000000086
:041C5B000000000085
:041C5C000000000084
:041C5D000000000083
:041C5E000000000082
:041C5F000000000081
:041C60000000000080
:041C6100000000007F
:041C6200000000007E
:041C6300000000007D
:041C6400000000007C
:041C6500000000007B
:041C6600000000007A
:041C67000000000079
:041C68000000000078
:041C69000000000077
:041C6A000000000076
:041C6B000000000075
:041C6C000000000074
:041C6D000000000073
:041C6E000000000072
:041C6F000000000071
:041C70000000000070
:041C7100000000006F
:041C7200000000006E
:041C7300000000006D
:041C7400000000006C
:041C7500000000006B
:041C7600000000006A
:041C77000000000069
:041C78000000000068
:041C79000000000067
:041C7A000000000066
:041C7B000000000065
:041C7C000000000064
:041C7D000000000063
:041C7E000000000062
:041C7F000000000061
:041C80000000000060
:041C8100000000005F
:041C8200000000005E
:041C8300000000005D
:041C8400000000005C
:041C8500000000005B
:041C8600000000005A
:041C87000000000059
:041C88000000000058
:041C89000000000057
:041C8A000000000056
:041C8B000000000055
:041C8C000000000054
:041C8D000000000053
:041C8E000000000052
:041C8F000000000051
:041C90000000000050
:041C9100000000004F
:041C9200000000004E
:041C9300000000004D
:041C9400000000004C
:041C9500000000004B
:041C9600000000004A
:041C97000000000049
:041C98000000000048
:041C99000000000047
:041C9A000000000046
:041C9B000000000045
:041C9C000000000044
:041C9D000000000043
:041C9E000000000042
:041C9F000000000041
:041CA0000000000040
:041CA100000000003F
:041CA200000000003E
:041CA300000000003D
:041CA400000000003C
:041CA500000000003B
:041CA600000000003A
:041CA7000000000039
:041CA8000000000038
:041CA9000000000037
:041CAA000000000036
:041CAB000000000035
:041CAC000000000034
:041CAD000000000033
:041CAE000000000032
:041CAF000000000031
:041CB0000000000030
:041CB100000000002F
:041CB200000000002E
:041CB300000000002D
:041CB400000000002C
:041CB500000000002B
:041CB600000000002A
:041CB7000000000029
:041CB8000000000028
:041CB9000000000027
:041CBA000000000026
:041CBB000000000025
:041CBC000000000024
:041CBD000000000023
:041CBE000000000022
:041CBF000000000021
:041CC0000000000020
:041CC100000000001F
:041CC200000000001E
:041CC300000000001D
:041CC400000000001C
:041CC500000000001B
:041CC600000000001A
:041CC7000000000019
:041CC8000000000018
:041CC9000000000017
:041CCA000000000016
:041CCB000000000015
:041CCC000000000014
:041CCD000000000013
:041CCE000000000012
:041CCF000000000011
:041CD0000000000010
:041CD100000000000F
:041CD200000000000E
:041CD300000000000D
:041CD400000000000C
:041CD500000000000B
:041CD600000000000A
:041CD7000000000009
:041CD8000000000008
:041CD9000000000007
:041CDA000000000006
:041CDB000000000005
:041CDC000000000004
:041CDD000000000003
:041CDE000000000002
:041CDF000000000001
:041CE0000000000000
:041CE10000000000FF
:041CE20000000000FE
:041CE30000000000FD
:041CE40000000000FC
:041CE50000000000FB
:041CE60000000000FA
:041CE70000000000F9
:041CE80000000000F8
:041CE90000000000F7
:041CEA0000000000F6
:041CEB0000000000F5
:041CEC0000000000F4
:041CED0000000000F3
:041CEE0000000000F2
:041CEF0000000000F1
:041CF00000000000F0
:041CF10000000000EF
:041CF20000000000EE
:041CF30000000000ED
:041CF40000000000EC
:041CF50000000000EB
:041CF60000000000EA
:041CF70000000000E9
:041CF80000000000E8
:041CF90000000000E7
:041CFA0000000000E6
:041CFB0000000000E5
:041CFC0000000000E4
:041CFD0000000000E3
:041CFE0000000000E2
:041CFF0000000000E1
:041D000000000000DF
:041D010000000000DE
:041D020000000000DD
:041D030000000000DC
:041D040000000000DB
:041D050000000000DA
:041D060000000000D9
:041D070000000000D8
:041D080000000000D7
:041D090000000000D6
:041D0A0000000000D5
:041D0B0000000000D4
:041D0C0000000000D3
:041D0D0000000000D2
:041D0E0000000000D1
:041D0F0000000000D0
:041D100000000000CF
:041D110000000000CE
:041D120000000000CD
:041D130000000000CC
:041D140000000000CB
:041D150000000000CA
:041D160000000000C9
:041D170000000000C8
:041D180000000000C7
:041D190000000000C6
:041D1A0000000000C5
:041D1B0000000000C4
:041D1C0000000000C3
:041D1D0000000000C2
:041D1E0000000000C1
:041D1F0000000000C0
:041D200000000000BF
:041D210000000000BE
:041D220000000000BD
:041D230000000000BC
:041D240000000000BB
:041D250000000000BA
:041D260000000000B9
:041D270000000000B8
:041D280000000000B7
:041D290000000000B6
:041D2A0000000000B5
:041D2B0000000000B4
:041D2C0000000000B3
:041D2D0000000000B2
:041D2E0000000000B1
:041D2F0000000000B0
:041D300000000000AF
:041D310000000000AE
:041D320000000000AD
:041D330000000000AC
:041D340000000000AB
:041D350000000000AA
:041D360000000000A9
:041D370000000000A8
:041D380000000000A7
:041D390000000000A6
:041D3A0000000000A5
:041D3B0000000000A4
:041D3C0000000000A3
:041D3D0000000000A2
:041D3E0000000000A1
:041D3F0000000000A0
:041D4000000000009F
:041D4100000000009E
:041D4200000000009D
:041D4300000000009C
:041D4400000000009B
:041D4500000000009A
:041D46000000000099
:041D47000000000098
:041D48000000000097
:041D49000000000096
:041D4A000000000095
:041D4B000000000094
:041D4C000000000093
:041D4D000000000092
:041D4E000000000091
:041D4F000000000090
:041D5000000000008F
:041D5100000000008E
:041D5200000000008D
:041D5300000000008C
:041D5400000000008B
:041D5500000000008A
:041D56000000000089
:041D57000000000088
:041D58000000000087
:041D59000000000086
:041D5A000000000085
:041D5B000000000084
:041D5C000000000083
:041D5D000000000082
:041D5E000000000081
:041D5F000000000080
:041D6000000000007F
:041D6100000000007E
:041D6200000000007D
:041D6300000000007C
:041D6400000000007B
:041D6500000000007A
:041D66000000000079
:041D67000000000078
:041D68000000000077
:041D69000000000076
:041D6A000000000075
:041D6B000000000074
:041D6C000000000073
:041D6D000000000072
:041D6E000000000071
:041D6F000000000070
:041D7000000000006F
:041D7100000000006E
:041D7200000000006D
:041D7300000000006C
:041D7400000000006B
:041D7500000000006A
:041D76000000000069
:041D77000000000068
:041D78000000000067
:041D79000000000066
:041D7A000000000065
:041D7B000000000064
:041D7C000000000063
:041D7D000000000062
:041D7E000000000061
:041D7F000000000060
:041D8000000000005F
:041D8100000000005E
:041D8200000000005D
:041D8300000000005C
:041D8400000000005B
:041D8500000000005A
:041D86000000000059
:041D87000000000058
:041D88000000000057
:041D89000000000056
:041D8A000000000055
:041D8B000000000054
:041D8C000000000053
:041D8D000000000052
:041D8E000000000051
:041D8F000000000050
:041D9000000000004F
:041D9100000000004E
:041D9200000000004D
:041D9300000000004C
:041D9400000000004B
:041D9500000000004A
:041D96000000000049
:041D97000000000048
:041D98000000000047
:041D99000000000046
:041D9A000000000045
:041D9B000000000044
:041D9C000000000043
:041D9D000000000042
:041D9E000000000041
:041D9F000000000040
:041DA000000000003F
:041DA100000000003E
:041DA200000000003D
:041DA300000000003C
:041DA400000000003B
:041DA500000000003A
:041DA6000000000039
:041DA7000000000038
:041DA8000000000037
:041DA9000000000036
:041DAA000000000035
:041DAB000000000034
:041DAC000000000033
:041DAD000000000032
:041DAE000000000031
:041DAF000000000030
:041DB000000000002F
:041DB100000000002E
:041DB200000000002D
:041DB300000000002C
:041DB400000000002B
:041DB500000000002A
:041DB6000000000029
:041DB7000000000028
:041DB8000000000027
:041DB9000000000026
:041DBA000000000025
:041DBB000000000024
:041DBC000000000023
:041DBD000000000022
:041DBE000000000021
:041DBF000000000020
:041DC000000000001F
:041DC100000000001E
:041DC200000000001D
:041DC300000000001C
:041DC400000000001B
:041DC500000000001A
:041DC6000000000019
:041DC7000000000018
:041DC8000000000017
:041DC9000000000016
:041DCA000000000015
:041DCB000000000014
:041DCC000000000013
:041DCD000000000012
:041DCE000000000011
:041DCF000000000010
:041DD000000000000F
:041DD100000000000E
:041DD200000000000D
:041DD300000000000C
:041DD400000000000B
:041DD500000000000A
:041DD6000000000009
:041DD7000000000008
:041DD8000000000007
:041DD9000000000006
:041DDA000000000005
:041DDB000000000004
:041DDC000000000003
:041DDD000000000002
:041DDE000000000001
:041DDF000000000000
:041DE00000000000FF
:041DE10000000000FE
:041DE20000000000FD
:041DE30000000000FC
:041DE40000000000FB
:041DE50000000000FA
:041DE60000000000F9
:041DE70000000000F8
:041DE80000000000F7
:041DE90000000000F6
:041DEA0000000000F5
:041DEB0000000000F4
:041DEC0000000000F3
:041DED0000000000F2
:041DEE0000000000F1
:041DEF0000000000F0
:041DF00000000000EF
:041DF10000000000EE
:041DF20000000000ED
:041DF30000000000EC
:041DF40000000000EB
:041DF50000000000EA
:041DF60000000000E9
:041DF70000000000E8
:041DF80000000000E7
:041DF90000000000E6
:041DFA0000000000E5
:041DFB0000000000E4
:041DFC0000000000E3
:041DFD0000000000E2
:041DFE0000000000E1
:041DFF0000000000E0
:041E000000000000DE
:041E010000000000DD
:041E020000000000DC
:041E030000000000DB
:041E040000000000DA
:041E050000000000D9
:041E060000000000D8
:041E070000000000D7
:041E080000000000D6
:041E090000000000D5
:041E0A0000000000D4
:041E0B0000000000D3
:041E0C0000000000D2
:041E0D0000000000D1
:041E0E0000000000D0
:041E0F0000000000CF
:041E100000000000CE
:041E110000000000CD
:041E120000000000CC
:041E130000000000CB
:041E140000000000CA
:041E150000000000C9
:041E160000000000C8
:041E170000000000C7
:041E180000000000C6
:041E190000000000C5
:041E1A0000000000C4
:041E1B0000000000C3
:041E1C0000000000C2
:041E1D0000000000C1
:041E1E0000000000C0
:041E1F0000000000BF
:041E200000000000BE
:041E210000000000BD
:041E220000000000BC
:041E230000000000BB
:041E240000000000BA
:041E250000000000B9
:041E260000000000B8
:041E270000000000B7
:041E280000000000B6
:041E290000000000B5
:041E2A0000000000B4
:041E2B0000000000B3
:041E2C0000000000B2
:041E2D0000000000B1
:041E2E0000000000B0
:041E2F0000000000AF
:041E300000000000AE
:041E310000000000AD
:041E320000000000AC
:041E330000000000AB
:041E340000000000AA
:041E350000000000A9
:041E360000000000A8
:041E370000000000A7
:041E380000000000A6
:041E390000000000A5
:041E3A0000000000A4
:041E3B0000000000A3
:041E3C0000000000A2
:041E3D0000000000A1
:041E3E0000000000A0
:041E3F00000000009F
:041E4000000000009E
:041E4100000000009D
:041E4200000000009C
:041E4300000000009B
:041E4400000000009A
:041E45000000000099
:041E46000000000098
:041E47000000000097
:041E48000000000096
:041E49000000000095
:041E4A000000000094
:041E4B000000000093
:041E4C000000000092
:041E4D000000000091
:041E4E000000000090
:041E4F00000000008F
:041E5000000000008E
:041E5100000000008D
:041E5200000000008C
:041E5300000000008B
:041E5400000000008A
:041E55000000000089
:041E56000000000088
:041E57000000000087
:041E58000000000086
:041E59000000000085
:041E5A000000000084
:041E5B000000000083
:041E5C000000000082
:041E5D000000000081
:041E5E000000000080
:041E5F00000000007F
:041E6000000000007E
:041E6100000000007D
:041E6200000000007C
:041E6300000000007B
:041E6400000000007A
:041E65000000000079
:041E66000000000078
:041E67000000000077
:041E68000000000076
:041E69000000000075
:041E6A000000000074
:041E6B000000000073
:041E6C000000000072
:041E6D000000000071
:041E6E000000000070
:041E6F00000000006F
:041E7000000000006E
:041E7100000000006D
:041E7200000000006C
:041E7300000000006B
:041E7400000000006A
:041E75000000000069
:041E76000000000068
:041E77000000000067
:041E78000000000066
:041E79000000000065
:041E7A000000000064
:041E7B000000000063
:041E7C000000000062
:041E7D000000000061
:041E7E000000000060
:041E7F00000000005F
:041E8000000000005E
:041E8100000000005D
:041E8200000000005C
:041E8300000000005B
:041E8400000000005A
:041E85000000000059
:041E86000000000058
:041E87000000000057
:041E88000000000056
:041E89000000000055
:041E8A000000000054
:041E8B000000000053
:041E8C000000000052
:041E8D000000000051
:041E8E000000000050
:041E8F00000000004F
:041E9000000000004E
:041E9100000000004D
:041E9200000000004C
:041E9300000000004B
:041E9400000000004A
:041E95000000000049
:041E96000000000048
:041E97000000000047
:041E98000000000046
:041E99000000000045
:041E9A000000000044
:041E9B000000000043
:041E9C000000000042
:041E9D000000000041
:041E9E000000000040
:041E9F00000000003F
:041EA000000000003E
:041EA100000000003D
:041EA200000000003C
:041EA300000000003B
:041EA400000000003A
:041EA5000000000039
:041EA6000000000038
:041EA7000000000037
:041EA8000000000036
:041EA9000000000035
:041EAA000000000034
:041EAB000000000033
:041EAC000000000032
:041EAD000000000031
:041EAE000000000030
:041EAF00000000002F
:041EB000000000002E
:041EB100000000002D
:041EB200000000002C
:041EB300000000002B
:041EB400000000002A
:041EB5000000000029
:041EB6000000000028
:041EB7000000000027
:041EB8000000000026
:041EB9000000000025
:041EBA000000000024
:041EBB000000000023
:041EBC000000000022
:041EBD000000000021
:041EBE000000000020
:041EBF00000000001F
:041EC000000000001E
:041EC100000000001D
:041EC200000000001C
:041EC300000000001B
:041EC400000000001A
:041EC5000000000019
:041EC6000000000018
:041EC7000000000017
:041EC8000000000016
:041EC9000000000015
:041ECA000000000014
:041ECB000000000013
:041ECC000000000012
:041ECD000000000011
:041ECE000000000010
:041ECF00000000000F
:041ED000000000000E
:041ED100000000000D
:041ED200000000000C
:041ED300000000000B
:041ED400000000000A
:041ED5000000000009
:041ED6000000000008
:041ED7000000000007
:041ED8000000000006
:041ED9000000000005
:041EDA000000000004
:041EDB000000000003
:041EDC000000000002
:041EDD000000000001
:041EDE000000000000
:041EDF0000000000FF
:041EE00000000000FE
:041EE10000000000FD
:041EE20000000000FC
:041EE30000000000FB
:041EE40000000000FA
:041EE50000000000F9
:041EE60000000000F8
:041EE70000000000F7
:041EE80000000000F6
:041EE90000000000F5
:041EEA0000000000F4
:041EEB0000000000F3
:041EEC0000000000F2
:041EED0000000000F1
:041EEE0000000000F0
:041EEF0000000000EF
:041EF00000000000EE
:041EF10000000000ED
:041EF20000000000EC
:041EF30000000000EB
:041EF40000000000EA
:041EF50000000000E9
:041EF60000000000E8
:041EF70000000000E7
:041EF80000000000E6
:041EF90000000000E5
:041EFA0000000000E4
:041EFB0000000000E3
:041EFC0000000000E2
:041EFD0000000000E1
:041EFE0000000000E0
:041EFF0000000000DF
:041F000000000000DD
:041F010000000000DC
:041F020000000000DB
:041F030000000000DA
:041F040000000000D9
:041F050000000000D8
:041F060000000000D7
:041F070000000000D6
:041F080000000000D5
:041F090000000000D4
:041F0A0000000000D3
:041F0B0000000000D2
:041F0C0000000000D1
:041F0D0000000000D0
:041F0E0000000000CF
:041F0F0000000000CE
:041F100000000000CD
:041F110000000000CC
:041F120000000000CB
:041F130000000000CA
:041F140000000000C9
:041F150000000000C8
:041F160000000000C7
:041F170000000000C6
:041F180000000000C5
:041F190000000000C4
:041F1A0000000000C3
:041F1B0000000000C2
:041F1C0000000000C1
:041F1D0000000000C0
:041F1E0000000000BF
:041F1F0000000000BE
:041F200000000000BD
:041F210000000000BC
:041F220000000000BB
:041F230000000000BA
:041F240000000000B9
:041F250000000000B8
:041F260000000000B7
:041F270000000000B6
:041F280000000000B5
:041F290000000000B4
:041F2A0000000000B3
:041F2B0000000000B2
:041F2C0000000000B1
:041F2D0000000000B0
:041F2E0000000000AF
:041F2F0000000000AE
:041F300000000000AD
:041F310000000000AC
:041F320000000000AB
:041F330000000000AA
:041F340000000000A9
:041F350000000000A8
:041F360000000000A7
:041F370000000000A6
:041F380000000000A5
:041F390000000000A4
:041F3A0000000000A3
:041F3B0000000000A2
:041F3C0000000000A1
:041F3D0000000000A0
:041F3E00000000009F
:041F3F00000000009E
:041F4000000000009D
:041F4100000000009C
:041F4200000000009B
:041F4300000000009A
:041F44000000000099
:041F45000000000098
:041F46000000000097
:041F47000000000096
:041F48000000000095
:041F49000000000094
:041F4A000000000093
:041F4B000000000092
:041F4C000000000091
:041F4D000000000090
:041F4E00000000008F
:041F4F00000000008E
:041F5000000000008D
:041F5100000000008C
:041F5200000000008B
:041F5300000000008A
:041F54000000000089
:041F55000000000088
:041F56000000000087
:041F57000000000086
:041F58000000000085
:041F59000000000084
:041F5A000000000083
:041F5B000000000082
:041F5C000000000081
:041F5D000000000080
:041F5E00000000007F
:041F5F00000000007E
:041F6000000000007D
:041F6100000000007C
:041F6200000000007B
:041F6300000000007A
:041F64000000000079
:041F65000000000078
:041F66000000000077
:041F67000000000076
:041F68000000000075
:041F69000000000074
:041F6A000000000073
:041F6B000000000072
:041F6C000000000071
:041F6D000000000070
:041F6E00000000006F
:041F6F00000000006E
:041F7000000000006D
:041F7100000000006C
:041F7200000000006B
:041F7300000000006A
:041F74000000000069
:041F75000000000068
:041F76000000000067
:041F77000000000066
:041F78000000000065
:041F79000000000064
:041F7A000000000063
:041F7B000000000062
:041F7C000000000061
:041F7D000000000060
:041F7E00000000005F
:041F7F00000000005E
:041F8000000000005D
:041F8100000000005C
:041F8200000000005B
:041F8300000000005A
:041F84000000000059
:041F85000000000058
:041F86000000000057
:041F87000000000056
:041F88000000000055
:041F89000000000054
:041F8A000000000053
:041F8B000000000052
:041F8C000000000051
:041F8D000000000050
:041F8E00000000004F
:041F8F00000000004E
:041F9000000000004D
:041F9100000000004C
:041F9200000000004B
:041F9300000000004A
:041F94000000000049
:041F95000000000048
:041F96000000000047
:041F97000000000046
:041F98000000000045
:041F99000000000044
:041F9A000000000043
:041F9B000000000042
:041F9C000000000041
:041F9D000000000040
:041F9E00000000003F
:041F9F00000000003E
:041FA000000000003D
:041FA100000000003C
:041FA200000000003B
:041FA300000000003A
:041FA4000000000039
:041FA5000000000038
:041FA6000000000037
:041FA7000000000036
:041FA8000000000035
:041FA9000000000034
:041FAA000000000033
:041FAB000000000032
:041FAC000000000031
:041FAD000000000030
:041FAE00000000002F
:041FAF00000000002E
:041FB000000000002D
:041FB100000000002C
:041FB200000000002B
:041FB300000000002A
:041FB4000000000029
:041FB5000000000028
:041FB6000000000027
:041FB7000000000026
:041FB8000000000025
:041FB9000000000024
:041FBA000000000023
:041FBB000000000022
:041FBC000000000021
:041FBD000000000020
:041FBE00000000001F
:041FBF00000000001E
:041FC000000000001D
:041FC100000000001C
:041FC200000000001B
:041FC300000000001A
:041FC4000000000019
:041FC5000000000018
:041FC6000000000017
:041FC7000000000016
:041FC8000000000015
:041FC9000000000014
:041FCA000000000013
:041FCB000000000012
:041FCC000000000011
:041FCD000000000010
:041FCE00000000000F
:041FCF00000000000E
:041FD000000000000D
:041FD100000000000C
:041FD200000000000B
:041FD300000000000A
:041FD4000000000009
:041FD5000000000008
:041FD6000000000007
:041FD7000000000006
:041FD8000000000005
:041FD9000000000004
:041FDA000000000003
:041FDB000000000002
:041FDC000000000001
:041FDD000000000000
:041FDE0000000000FF
:041FDF0000000000FE
:041FE00000000000FD
:041FE10000000000FC
:041FE20000000000FB
:041FE30000000000FA
:041FE40000000000F9
:041FE50000000000F8
:041FE60000000000F7
:041FE70000000000F6
:041FE80000000000F5
:041FE90000000000F4
:041FEA0000000000F3
:041FEB0000000000F2
:041FEC0000000000F1
:041FED0000000000F0
:041FEE0000000000EF
:041FEF0000000000EE
:041FF00000000000ED
:041FF10000000000EC
:041FF20000000000EB
:041FF30000000000EA
:041FF40000000000E9
:041FF50000000000E8
:041FF60000000000E7
:041FF70000000000E6
:041FF80000000000E5
:041FF90000000000E4
:041FFA0000000000E3
:041FFB0000000000E2
:041FFC0000000000E1
:041FFD0000000000E0
:041FFE0000000000DF
:041FFF0000000000DE
:0420000000000000DC
:0420010000000000DB
:0420020000000000DA
:0420030000000000D9
:0420040000000000D8
:0420050000000000D7
:0420060000000000D6
:0420070000000000D5
:0420080000000000D4
:0420090000000000D3
:04200A0000000000D2
:04200B0000000000D1
:04200C0000000000D0
:04200D0000000000CF
:04200E0000000000CE
:04200F0000000000CD
:0420100000000000CC
:0420110000000000CB
:0420120000000000CA
:0420130000000000C9
:0420140000000000C8
:0420150000000000C7
:0420160000000000C6
:0420170000000000C5
:0420180000000000C4
:0420190000000000C3
:04201A0000000000C2
:04201B0000000000C1
:04201C0000000000C0
:04201D0000000000BF
:04201E0000000000BE
:04201F0000000000BD
:0420200000000000BC
:0420210000000000BB
:0420220000000000BA
:0420230000000000B9
:0420240000000000B8
:0420250000000000B7
:0420260000000000B6
:0420270000000000B5
:0420280000000000B4
:0420290000000000B3
:04202A0000000000B2
:04202B0000000000B1
:04202C0000000000B0
:04202D0000000000AF
:04202E0000000000AE
:04202F0000000000AD
:0420300000000000AC
:0420310000000000AB
:0420320000000000AA
:0420330000000000A9
:0420340000000000A8
:0420350000000000A7
:0420360000000000A6
:0420370000000000A5
:0420380000000000A4
:0420390000000000A3
:04203A0000000000A2
:04203B0000000000A1
:04203C0000000000A0
:04203D00000000009F
:04203E00000000009E
:04203F00000000009D
:04204000000000009C
:04204100000000009B
:04204200000000009A
:042043000000000099
:042044000000000098
:042045000000000097
:042046000000000096
:042047000000000095
:042048000000000094
:042049000000000093
:04204A000000000092
:04204B000000000091
:04204C000000000090
:04204D00000000008F
:04204E00000000008E
:04204F00000000008D
:04205000000000008C
:04205100000000008B
:04205200000000008A
:042053000000000089
:042054000000000088
:042055000000000087
:042056000000000086
:042057000000000085
:042058000000000084
:042059000000000083
:04205A000000000082
:04205B000000000081
:04205C000000000080
:04205D00000000007F
:04205E00000000007E
:04205F00000000007D
:04206000000000007C
:04206100000000007B
:04206200000000007A
:042063000000000079
:042064000000000078
:042065000000000077
:042066000000000076
:042067000000000075
:042068000000000074
:042069000000000073
:04206A000000000072
:04206B000000000071
:04206C000000000070
:04206D00000000006F
:04206E00000000006E
:04206F00000000006D
:04207000000000006C
:04207100000000006B
:04207200000000006A
:042073000000000069
:042074000000000068
:042075000000000067
:042076000000000066
:042077000000000065
:042078000000000064
:042079000000000063
:04207A000000000062
:04207B000000000061
:04207C000000000060
:04207D00000000005F
:04207E00000000005E
:04207F00000000005D
:04208000000000005C
:04208100000000005B
:04208200000000005A
:042083000000000059
:042084000000000058
:042085000000000057
:042086000000000056
:042087000000000055
:042088000000000054
:042089000000000053
:04208A000000000052
:04208B000000000051
:04208C000000000050
:04208D00000000004F
:04208E00000000004E
:04208F00000000004D
:04209000000000004C
:04209100000000004B
:04209200000000004A
:042093000000000049
:042094000000000048
:042095000000000047
:042096000000000046
:042097000000000045
:042098000000000044
:042099000000000043
:04209A000000000042
:04209B000000000041
:04209C000000000040
:04209D00000000003F
:04209E00000000003E
:04209F00000000003D
:0420A000000000003C
:0420A100000000003B
:0420A200000000003A
:0420A3000000000039
:0420A4000000000038
:0420A5000000000037
:0420A6000000000036
:0420A7000000000035
:0420A8000000000034
:0420A9000000000033
:0420AA000000000032
:0420AB000000000031
:0420AC000000000030
:0420AD00000000002F
:0420AE00000000002E
:0420AF00000000002D
:0420B000000000002C
:0420B100000000002B
:0420B200000000002A
:0420B3000000000029
:0420B4000000000028
:0420B5000000000027
:0420B6000000000026
:0420B7000000000025
:0420B8000000000024
:0420B9000000000023
:0420BA000000000022
:0420BB000000000021
:0420BC000000000020
:0420BD00000000001F
:0420BE00000000001E
:0420BF00000000001D
:0420C000000000001C
:0420C100000000001B
:0420C200000000001A
:0420C3000000000019
:0420C4000000000018
:0420C5000000000017
:0420C6000000000016
:0420C7000000000015
:0420C8000000000014
:0420C9000000000013
:0420CA000000000012
:0420CB000000000011
:0420CC000000000010
:0420CD00000000000F
:0420CE00000000000E
:0420CF00000000000D
:0420D000000000000C
:0420D100000000000B
:0420D200000000000A
:0420D3000000000009
:0420D4000000000008
:0420D5000000000007
:0420D6000000000006
:0420D7000000000005
:0420D8000000000004
:0420D9000000000003
:0420DA000000000002
:0420DB000000000001
:0420DC000000000000
:0420DD0000000000FF
:0420DE0000000000FE
:0420DF0000000000FD
:0420E00000000000FC
:0420E10000000000FB
:0420E20000000000FA
:0420E30000000000F9
:0420E40000000000F8
:0420E50000000000F7
:0420E60000000000F6
:0420E70000000000F5
:0420E80000000000F4
:0420E90000000000F3
:0420EA0000000000F2
:0420EB0000000000F1
:0420EC0000000000F0
:0420ED0000000000EF
:0420EE0000000000EE
:0420EF0000000000ED
:0420F00000000000EC
:0420F10000000000EB
:0420F20000000000EA
:0420F30000000000E9
:0420F40000000000E8
:0420F50000000000E7
:0420F60000000000E6
:0420F70000000000E5
:0420F80000000000E4
:0420F90000000000E3
:0420FA0000000000E2
:0420FB0000000000E1
:0420FC0000000000E0
:0420FD0000000000DF
:0420FE0000000000DE
:0420FF0000000000DD
:0421000000006C343B
:0421010000000000DA
:04210200000006F0E3
:0421030000000628AA
:042104000000068C45
:0421050000000000D6
:0421060000000000D5
:042107000000074489
:0421080000021000C1
:042109000000000AC8
:04210A0000000000D1
:04210B0000000000D0
:04210C0000000000CF
:04210D0000000000CE
:04210E0000000000CD
:04210F0000000000CC
:0421100000000000CB
:0421110000000000CA
:0421120000000000C9
:0421130000000000C8
:0421140000000000C7
:0421150000000000C6
:0421160000000000C5
:0421170000000000C4
:0421180000000000C3
:0421190000000000C2
:04211A0000000000C1
:04211B0000000000C0
:04211C0000000000BF
:04211D0000000000BE
:04211E0000000000BD
:04211F0000000000BC
:0421200000000000BB
:0421210000000000BA
:0421220000000000B9
:0421230000000000B8
:0421240000000000B7
:0421250000000000B6
:0421260000000000B5
:0421270000000000B4
:0421280000000000B3
:0421290000000000B2
:04212A0000000000B1
:04212B0000000000B0
:04212C0000000000AF
:04212D0000000000AE
:04212E0000000000AD
:04212F0000000000AC
:0421300000000000AB
:0421310000000000AA
:0421320000000000A9
:0421330000000000A8
:0421340000000000A7
:0421350000000000A6
:0421360000000000A5
:0421370000000000A4
:0421380000000000A3
:0421390000000000A2
:04213A0000000000A1
:04213B0000000000A0
:04213C00000000009F
:04213D00000000009E
:04213E00000000009D
:04213F00000000009C
:04214000000000009B
:04214100000000009A
:042142000000000099
:042143000000000098
:042144000000000097
:042145000000000096
:042146000000000095
:042147000000000094
:042148000000000093
:042149000000000092
:04214A000000000091
:04214B000000000090
:04214C00000000008F
:04214D00000000008E
:04214E00000000008D
:04214F00000000008C
:04215000000000008B
:04215100000000008A
:042152000000000089
:042153000000000088
:042154000000000087
:042155000000000086
:042156000000000085
:042157000000000084
:042158000000000083
:042159000000000082
:04215A000000000081
:04215B000000000080
:04215C00000000007F
:04215D00000000007E
:04215E00000000007D
:04215F00000000007C
:04216000000000007B
:04216100000000007A
:042162000000000079
:042163000000000078
:042164000000000077
:042165000000000076
:042166000000000075
:042167000000000074
:042168000000000073
:042169000000000072
:04216A000000000071
:04216B000000000070
:04216C00000000006F
:04216D00000000006E
:04216E00000000006D
:04216F00000000006C
:04217000000000006B
:04217100000000006A
:042172000000000069
:042173000000000068
:042174000000000067
:042175000000000066
:042176000000000065
:042177000000000064
:042178000000000063
:042179000000000062
:04217A000000000061
:04217B000000000060
:04217C00000000005F
:04217D00000000005E
:04217E00000000005D
:04217F00000000005C
:04218000000000005B
:04218100000000005A
:042182000000000059
:042183000000000058
:042184000000000057
:042185000000000056
:042186000000000055
:042187000000000054
:042188000000000053
:042189000000000052
:04218A000000000051
:04218B000000000050
:04218C00000000004F
:04218D00000000004E
:04218E00000000004D
:04218F00000000004C
:04219000000000004B
:04219100000000004A
:042192000000000049
:042193000000000048
:042194000000000047
:042195000000000046
:042196000000000045
:042197000000000044
:042198000000000043
:042199000000000042
:04219A000000000041
:04219B000000000040
:04219C00000000003F
:04219D00000000003E
:04219E00000000003D
:04219F00000000003C
:0421A000000000003B
:0421A100000000003A
:0421A2000000000039
:0421A3000000000038
:0421A4000000000037
:0421A5000000000036
:0421A6000000000035
:0421A7000000000034
:0421A8000000000033
:0421A9000000000032
:0421AA000000000031
:0421AB000000000030
:0421AC00000000002F
:0421AD00000000002E
:0421AE00000000002D
:0421AF00000000002C
:0421B000000000002B
:0421B100000000002A
:0421B2000000000029
:0421B3000000000028
:0421B4000000000027
:0421B5000000000026
:0421B6000000000025
:0421B7000000000024
:0421B8000000000023
:0421B9000000000022
:0421BA000000000021
:0421BB000000000020
:0421BC00000000001F
:0421BD00000000001E
:0421BE00000000001D
:0421BF00000000001C
:0421C000000000001B
:0421C100000000001A
:0421C2000000000019
:0421C3000000000018
:0421C4000000000017
:0421C5000000000016
:0421C6000000000015
:0421C7000000000014
:0421C8000000000013
:0421C9000000000012
:0421CA000000000011
:0421CB000000000010
:0421CC00000000000F
:0421CD00000000000E
:0421CE00000000000D
:0421CF00000000000C
:0421D000000000000B
:0421D100000000000A
:0421D2000000000009
:0421D3000000000008
:0421D4000000000007
:0421D5000000000006
:0421D6000000000005
:0421D7000000000004
:0421D8000000000003
:0421D9000000000002
:0421DA000000000001
:0421DB000000000000
:0421DC0000000000FF
:0421DD0000000000FE
:0421DE0000000000FD
:0421DF0000000000FC
:0421E00000000000FB
:0421E10000000000FA
:0421E20000000000F9
:0421E30000000000F8
:0421E40000000000F7
:0421E50000000000F6
:0421E60000000000F5
:0421E70000000000F4
:0421E80000000000F3
:0421E90000000000F2
:0421EA0000000000F1
:0421EB0000000000F0
:0421EC0000000000EF
:0421ED0000000000EE
:0421EE0000000000ED
:0421EF0000000000EC
:0421F00000000000EB
:0421F10000000000EA
:0421F20000000000E9
:0421F30000000000E8
:0421F40000000000E7
:0421F50000000000E6
:0421F60000000000E5
:0421F70000000000E4
:0421F80000000000E3
:0421F90000000000E2
:0421FA0000000000E1
:0421FB0000000000E0
:0421FC0000000000DF
:0421FD0000000000DE
:0421FE0000000000DD
:0421FF0000000000DC
:0422000000000000DA
:0422010000000000D9
:0422020000000000D8
:0422030000000000D7
:0422040000000000D6
:0422050000000000D5
:0422060000000000D4
:0422070000000000D3
:0422080000000000D2
:0422090000000000D1
:04220A0000000000D0
:04220B0000000000CF
:04220C0000000000CE
:04220D0000000000CD
:04220E0000000000CC
:04220F0000000000CB
:0422100000000000CA
:0422110000000000C9
:0422120000000000C8
:0422130000000000C7
:0422140000000000C6
:0422150000000000C5
:0422160000000000C4
:0422170000000000C3
:0422180000000000C2
:0422190000000000C1
:04221A0000000000C0
:04221B0000000000BF
:04221C0000000000BE
:04221D0000000000BD
:04221E0000000000BC
:04221F0000000000BB
:0422200000000000BA
:0422210000000000B9
:0422220000000000B8
:0422230000000000B7
:0422240000000000B6
:0422250000000000B5
:0422260000000000B4
:0422270000000000B3
:0422280000000000B2
:0422290000000000B1
:04222A0000000000B0
:04222B0000000000AF
:04222C0000000000AE
:04222D0000000000AD
:04222E0000000000AC
:04222F0000000000AB
:0422300000000000AA
:0422310000000000A9
:0422320000000000A8
:0422330000000000A7
:0422340000000000A6
:0422350000000000A5
:0422360000000000A4
:0422370000000000A3
:0422380000000000A2
:0422390000000000A1
:04223A0000000000A0
:04223B00000000009F
:04223C00000000009E
:04223D00000000009D
:04223E00000000009C
:04223F00000000009B
:04224000000000009A
:042241000000000099
:042242000000000098
:042243000000000097
:042244000000000096
:042245000000000095
:042246000000000094
:042247000000000093
:042248000000000092
:042249000000000091
:04224A000000000090
:04224B00000000008F
:04224C00000000008E
:04224D00000000008D
:04224E00000000008C
:04224F00000000008B
:04225000000000008A
:042251000000000089
:042252000000000088
:042253000000000087
:042254000000000086
:042255000000000085
:042256000000000084
:042257000000000083
:042258000000000082
:042259000000000081
:04225A000000000080
:04225B00000000007F
:04225C00000000007E
:04225D00000000007D
:04225E00000000007C
:04225F00000000007B
:04226000000000007A
:042261000000000079
:042262000000000078
:042263000000000077
:042264000000000076
:042265000000000075
:042266000000000074
:042267000000000073
:042268000000000072
:042269000000000071
:04226A000000000070
:04226B00000000006F
:04226C00000000006E
:04226D00000000006D
:04226E00000000006C
:04226F00000000006B
:04227000000000006A
:042271000000000069
:042272000000000068
:042273000000000067
:042274000000000066
:042275000000000065
:042276000000000064
:042277000000000063
:042278000000000062
:042279000000000061
:04227A000000000060
:04227B00000000005F
:04227C00000000005E
:04227D00000000005D
:04227E00000000005C
:04227F00000000005B
:04228000000000005A
:042281000000000059
:042282000000000058
:042283000000000057
:042284000000000056
:042285000000000055
:042286000000000054
:042287000000000053
:042288000000000052
:042289000000000051
:04228A000000000050
:04228B00000000004F
:04228C00000000004E
:04228D00000000004D
:04228E00000000004C
:04228F00000000004B
:04229000000000004A
:042291000000000049
:042292000000000048
:042293000000000047
:042294000000000046
:042295000000000045
:042296000000000044
:042297000000000043
:042298000000000042
:042299000000000041
:04229A000000000040
:04229B00000000003F
:04229C00000000003E
:04229D00000000003D
:04229E00000000003C
:04229F00000000003B
:0422A000000000003A
:0422A1000000000039
:0422A2000000000038
:0422A3000000000037
:0422A4000000000036
:0422A5000000000035
:0422A6000000000034
:0422A7000000000033
:0422A8000000000032
:0422A9000000000031
:0422AA000000000030
:0422AB00000000002F
:0422AC00000000002E
:0422AD00000000002D
:0422AE00000000002C
:0422AF00000000002B
:0422B000000000002A
:0422B1000000000029
:0422B2000000000028
:0422B3000000000027
:0422B4000000000026
:0422B5000000000025
:0422B6000000000024
:0422B7000000000023
:0422B8000000000022
:0422B9000000000021
:0422BA000000000020
:0422BB00000000001F
:0422BC00000000001E
:0422BD00000000001D
:0422BE00000000001C
:0422BF00000000001B
:0422C000000000001A
:0422C1000000000019
:0422C2000000000018
:0422C3000000000017
:0422C4000000000016
:0422C5000000000015
:0422C6000000000014
:0422C7000000000013
:0422C8000000000012
:0422C9000000000011
:0422CA000000000010
:0422CB00000000000F
:0422CC00000000000E
:0422CD00000000000D
:0422CE00000000000C
:0422CF00000000000B
:0422D000000000000A
:0422D1000000000009
:0422D2000000000008
:0422D3000000000007
:0422D4000000000006
:0422D5000000000005
:0422D6000000000004
:0422D7000000000003
:0422D8000000000002
:0422D9000000000001
:0422DA000000000000
:0422DB0000000000FF
:0422DC0000000000FE
:0422DD0000000000FD
:0422DE0000000000FC
:0422DF0000000000FB
:0422E00000000000FA
:0422E10000000000F9
:0422E20000000000F8
:0422E30000000000F7
:0422E40000000000F6
:0422E50000000000F5
:0422E60000000000F4
:0422E70000000000F3
:0422E80000000000F2
:0422E90000000000F1
:0422EA0000000000F0
:0422EB0000000000EF
:0422EC0000000000EE
:0422ED0000000000ED
:0422EE0000000000EC
:0422EF0000000000EB
:0422F00000000000EA
:0422F10000000000E9
:0422F20000000000E8
:0422F30000000000E7
:0422F40000000000E6
:0422F50000000000E5
:0422F60000000000E4
:0422F70000000000E3
:0422F80000000000E2
:0422F90000000000E1
:0422FA0000000000E0
:0422FB0000000000DF
:0422FC0000000000DE
:0422FD0000000000DD
:0422FE0000000000DC
:0422FF0000000000DB
:0423000000000000D9
:0423010000000000D8
:0423020000000000D7
:0423030000000000D6
:0423040000000000D5
:0423050000000000D4
:0423060000000000D3
:0423070000000000D2
:0423080000000000D1
:0423090000000000D0
:04230A0000000000CF
:04230B0000000000CE
:04230C0000000000CD
:04230D0000000000CC
:04230E0000000000CB
:04230F0000000000CA
:0423100000000000C9
:0423110000000000C8
:0423120000000000C7
:0423130000000000C6
:0423140000000000C5
:0423150000000000C4
:0423160000000000C3
:0423170000000000C2
:0423180000000000C1
:0423190000000000C0
:04231A0000000000BF
:04231B0000000000BE
:04231C0000000000BD
:04231D0000000000BC
:04231E0000000000BB
:04231F0000000000BA
:0423200000000000B9
:0423210000000000B8
:0423220000000000B7
:0423230000000000B6
:0423240000000000B5
:0423250000000000B4
:0423260000000000B3
:0423270000000000B2
:0423280000000000B1
:0423290000000000B0
:04232A0000000000AF
:04232B0000000000AE
:04232C0000000000AD
:04232D0000000000AC
:04232E0000000000AB
:04232F0000000000AA
:0423300000000000A9
:0423310000000000A8
:0423320000000000A7
:0423330000000000A6
:0423340000000000A5
:0423350000000000A4
:0423360000000000A3
:0423370000000000A2
:0423380000000000A1
:0423390000000000A0
:04233A00000000009F
:04233B00000000009E
:04233C00000000009D
:04233D00000000009C
:04233E00000000009B
:04233F00000000009A
:042340000000000099
:042341000000000098
:042342000000000097
:042343000000000096
:042344000000000095
:042345000000000094
:042346000000000093
:042347000000000092
:042348000000000091
:042349000000000090
:04234A00000000008F
:04234B00000000008E
:04234C00000000008D
:04234D00000000008C
:04234E00000000008B
:04234F00000000008A
:042350000000000089
:042351000000000088
:042352000000000087
:042353000000000086
:042354000000000085
:042355000000000084
:042356000000000083
:042357000000000082
:042358000000000081
:042359000000000080
:04235A00000000007F
:04235B00000000007E
:04235C00000000007D
:04235D00000000007C
:04235E00000000007B
:04235F00000000007A
:042360000000000079
:042361000000000078
:042362000000000077
:042363000000000076
:042364000000000075
:042365000000000074
:042366000000000073
:042367000000000072
:042368000000000071
:042369000000000070
:04236A00000000006F
:04236B00000000006E
:04236C00000000006D
:04236D00000000006C
:04236E00000000006B
:04236F00000000006A
:042370000000000069
:042371000000000068
:042372000000000067
:042373000000000066
:042374000000000065
:042375000000000064
:042376000000000063
:042377000000000062
:042378000000000061
:042379000000000060
:04237A00000000005F
:04237B00000000005E
:04237C00000000005D
:04237D00000000005C
:04237E00000000005B
:04237F00000000005A
:042380000000000059
:042381000000000058
:042382000000000057
:042383000000000056
:042384000000000055
:042385000000000054
:042386000000000053
:042387000000000052
:042388000000000051
:042389000000000050
:04238A00000000004F
:04238B00000000004E
:04238C00000000004D
:04238D00000000004C
:04238E00000000004B
:04238F00000000004A
:042390000000000049
:042391000000000048
:042392000000000047
:042393000000000046
:042394000000000045
:042395000000000044
:042396000000000043
:042397000000000042
:042398000000000041
:042399000000000040
:04239A00000000003F
:04239B00000000003E
:04239C00000000003D
:04239D00000000003C
:04239E00000000003B
:04239F00000000003A
:0423A0000000000039
:0423A1000000000038
:0423A2000000000037
:0423A3000000000036
:0423A4000000000035
:0423A5000000000034
:0423A6000000000033
:0423A7000000000032
:0423A8000000000031
:0423A9000000000030
:0423AA00000000002F
:0423AB00000000002E
:0423AC00000000002D
:0423AD00000000002C
:0423AE00000000002B
:0423AF00000000002A
:0423B0000000000029
:0423B1000000000028
:0423B2000000000027
:0423B3000000000026
:0423B4000000000025
:0423B5000000000024
:0423B6000000000023
:0423B7000000000022
:0423B8000000000021
:0423B9000000000020
:0423BA00000000001F
:0423BB00000000001E
:0423BC00000000001D
:0423BD00000000001C
:0423BE00000000001B
:0423BF00000000001A
:0423C0000000000019
:0423C1000000000018
:0423C2000000000017
:0423C3000000000016
:0423C4000000000015
:0423C5000000000014
:0423C6000000000013
:0423C7000000000012
:0423C8000000000011
:0423C9000000000010
:0423CA00000000000F
:0423CB00000000000E
:0423CC00000000000D
:0423CD00000000000C
:0423CE00000000000B
:0423CF00000000000A
:0423D0000000000009
:0423D1000000000008
:0423D2000000000007
:0423D3000000000006
:0423D4000000000005
:0423D5000000000004
:0423D6000000000003
:0423D7000000000002
:0423D8000000000001
:0423D9000000000000
:0423DA0000000000FF
:0423DB0000000000FE
:0423DC0000000000FD
:0423DD0000000000FC
:0423DE0000000000FB
:0423DF0000000000FA
:0423E00000000000F9
:0423E10000000000F8
:0423E20000000000F7
:0423E30000000000F6
:0423E40000000000F5
:0423E50000000000F4
:0423E60000000000F3
:0423E70000000000F2
:0423E80000000000F1
:0423E90000000000F0
:0423EA0000000000EF
:0423EB0000000000EE
:0423EC0000000000ED
:0423ED0000000000EC
:0423EE0000000000EB
:0423EF0000000000EA
:0423F00000000000E9
:0423F10000000000E8
:0423F20000000000E7
:0423F30000000000E6
:0423F40000000000E5
:0423F50000000000E4
:0423F60000000000E3
:0423F70000000000E2
:0423F80000000000E1
:0423F90000000000E0
:0423FA0000000000DF
:0423FB0000000000DE
:0423FC0000000000DD
:0423FD0000000000DC
:0423FE0000000000DB
:0423FF0000000000DA
:0424000000000000D8
:0424010000000000D7
:0424020000000000D6
:0424030000000000D5
:0424040000000000D4
:0424050000000000D3
:0424060000000000D2
:0424070000000000D1
:0424080000000000D0
:0424090000000000CF
:04240A0000000000CE
:04240B0000000000CD
:04240C0000000000CC
:04240D0000000000CB
:04240E0000000000CA
:04240F0000000000C9
:0424100000000000C8
:0424110000000000C7
:0424120000000000C6
:0424130000000000C5
:0424140000000000C4
:0424150000000000C3
:0424160000000000C2
:0424170000000000C1
:0424180000000000C0
:0424190000000000BF
:04241A0000000000BE
:04241B0000000000BD
:04241C0000000000BC
:04241D0000000000BB
:04241E0000000000BA
:04241F0000000000B9
:0424200000000000B8
:0424210000000000B7
:0424220000000000B6
:0424230000000000B5
:0424240000000000B4
:0424250000000000B3
:0424260000000000B2
:0424270000000000B1
:0424280000000000B0
:0424290000000000AF
:04242A0000000000AE
:04242B0000000000AD
:04242C0000000000AC
:04242D0000000000AB
:04242E0000000000AA
:04242F0000000000A9
:0424300000000000A8
:0424310000000000A7
:0424320000000000A6
:0424330000000000A5
:0424340000000000A4
:0424350000000000A3
:0424360000000000A2
:0424370000000000A1
:0424380000000000A0
:04243900000000009F
:04243A00000000009E
:04243B00000000009D
:04243C00000000009C
:04243D00000000009B
:04243E00000000009A
:04243F000000000099
:042440000000000098
:042441000000000097
:042442000000000096
:042443000000000095
:042444000000000094
:042445000000000093
:042446000000000092
:042447000000000091
:042448000000000090
:04244900000000008F
:04244A00000000008E
:04244B00000000008D
:04244C00000000008C
:04244D00000000008B
:04244E00000000008A
:04244F000000000089
:042450000000000088
:042451000000000087
:042452000000000086
:042453000000000085
:042454000000000084
:042455000000000083
:042456000000000082
:042457000000000081
:042458000000000080
:04245900000000007F
:04245A00000000007E
:04245B00000000007D
:04245C00000000007C
:04245D00000000007B
:04245E00000000007A
:04245F000000000079
:042460000000000078
:042461000000000077
:042462000000000076
:042463000000000075
:042464000000000074
:042465000000000073
:042466000000000072
:042467000000000071
:042468000000000070
:04246900000000006F
:04246A00000000006E
:04246B00000000006D
:04246C00000000006C
:04246D00000000006B
:04246E00000000006A
:04246F000000000069
:042470000000000068
:042471000000000067
:042472000000000066
:042473000000000065
:042474000000000064
:042475000000000063
:042476000000000062
:042477000000000061
:042478000000000060
:04247900000000005F
:04247A00000000005E
:04247B00000000005D
:04247C00000000005C
:04247D00000000005B
:04247E00000000005A
:04247F000000000059
:042480000000000058
:042481000000000057
:042482000000000056
:042483000000000055
:042484000000000054
:042485000000000053
:042486000000000052
:042487000000000051
:042488000000000050
:04248900000000004F
:04248A00000000004E
:04248B00000000004D
:04248C00000000004C
:04248D00000000004B
:04248E00000000004A
:04248F000000000049
:042490000000000048
:042491000000000047
:042492000000000046
:042493000000000045
:042494000000000044
:042495000000000043
:042496000000000042
:042497000000000041
:042498000000000040
:04249900000000003F
:04249A00000000003E
:04249B00000000003D
:04249C00000000003C
:04249D00000000003B
:04249E00000000003A
:04249F000000000039
:0424A0000000000038
:0424A1000000000037
:0424A2000000000036
:0424A3000000000035
:0424A4000000000034
:0424A5000000000033
:0424A6000000000032
:0424A7000000000031
:0424A8000000000030
:0424A900000000002F
:0424AA00000000002E
:0424AB00000000002D
:0424AC00000000002C
:0424AD00000000002B
:0424AE00000000002A
:0424AF000000000029
:0424B0000000000028
:0424B1000000000027
:0424B2000000000026
:0424B3000000000025
:0424B4000000000024
:0424B5000000000023
:0424B6000000000022
:0424B7000000000021
:0424B8000000000020
:0424B900000000001F
:0424BA00000000001E
:0424BB00000000001D
:0424BC00000000001C
:0424BD00000000001B
:0424BE00000000001A
:0424BF000000000019
:0424C0000000000018
:0424C1000000000017
:0424C2000000000016
:0424C3000000000015
:0424C4000000000014
:0424C5000000000013
:0424C6000000000012
:0424C7000000000011
:0424C8000000000010
:0424C900000000000F
:0424CA00000000000E
:0424CB00000000000D
:0424CC00000000000C
:0424CD00000000000B
:0424CE00000000000A
:0424CF000000000009
:0424D0000000000008
:0424D1000000000007
:0424D2000000000006
:0424D3000000000005
:0424D4000000000004
:0424D5000000000003
:0424D6000000000002
:0424D7000000000001
:0424D8000000000000
:0424D90000000000FF
:0424DA0000000000FE
:0424DB0000000000FD
:0424DC0000000000FC
:0424DD0000000000FB
:0424DE0000000000FA
:0424DF0000000000F9
:0424E00000000000F8
:0424E10000000000F7
:0424E20000000000F6
:0424E30000000000F5
:0424E40000000000F4
:0424E50000000000F3
:0424E60000000000F2
:0424E70000000000F1
:0424E80000000000F0
:0424E90000000000EF
:0424EA0000000000EE
:0424EB0000000000ED
:0424EC0000000000EC
:0424ED0000000000EB
:0424EE0000000000EA
:0424EF0000000000E9
:0424F00000000000E8
:0424F10000000000E7
:0424F20000000000E6
:0424F30000000000E5
:0424F40000000000E4
:0424F50000000000E3
:0424F60000000000E2
:0424F70000000000E1
:0424F80000000000E0
:0424F90000000000DF
:0424FA0000000000DE
:0424FB0000000000DD
:0424FC0000000000DC
:0424FD0000000000DB
:0424FE0000000000DA
:0424FF0000000000D9
:0425000000000000D7
:0425010000000000D6
:0425020000000000D5
:0425030000000000D4
:0425040000000000D3
:0425050000000000D2
:0425060000000000D1
:0425070000000000D0
:0425080000000000CF
:0425090000000000CE
:04250A0000000000CD
:04250B0000000000CC
:04250C0000000000CB
:04250D0000000000CA
:04250E0000000000C9
:04250F0000000000C8
:0425100000000000C7
:0425110000000000C6
:0425120000000000C5
:0425130000000000C4
:0425140000000000C3
:0425150000000000C2
:04251600000083CC72
:04251700000083CC71
:0425180000006C480B
:0425190000000000BE
:04251A0000000000BD
:04251B0000000000BC
:04251C00000012A801
:04251D0000000000BA
:04251E0000000000B9
:04251F0000000000B8
:0425200000007CE853
:0425210000000000B6
:0425220000000000B5
:0425230000007CE850
:0425240000000000B3
:0425250000000000B2
:0425260000007CE84D
:0425270000000000B0
:0425280000000000AF
:0425290000000000AE
:04252A0000000000AD
:04252B0000000000AC
:04252C0000000000AB
:04252D0000000000AA
:04252E0000000000A9
:04252F0000000000A8
:0425300000000000A7
:0425310000000000A6
:0425320000000000A5
:0425330000000000A4
:0425340000000000A3
:0425350000000000A2
:0425360000000000A1
:0425370000000000A0
:04253800000000009F
:04253900000000009E
:04253A00000000009D
:04253B00000000009C
:04253C00000000009B
:04253D00000000009A
:04253E000000000099
:04253F000000000098
:042540000000000097
:042541000000000096
:042542000000000095
:042543000000000094
:042544000000000093
:042545000000000092
:042546000000000091
:042547000000000090
:04254800000000008F
:04254900000000008E
:04254A00000000008D
:04254B00000000008C
:04254C00000000008B
:04254D00000000008A
:04254E000000000089
:04254F000000000088
:042550000000000087
:042551000000000086
:042552000000000085
:042553000000000084
:042554000000000083
:042555000000000082
:042556000000000081
:042557000000000080
:04255800000000007F
:04255900000000007E
:04255A00000000007D
:04255B00000000007C
:04255C00000000007B
:04255D00000000007A
:04255E000000000079
:04255F000000000078
:042560000000000077
:042561000000000076
:042562000000000075
:042563000000000074
:042564000000000073
:042565000000000072
:042566000000000071
:042567000000000070
:04256800000000006F
:04256900000000006E
:04256A00000000006D
:04256B00000000006C
:04256C00000000006B
:04256D00000000006A
:04256E000000000069
:04256F000000000068
:042570000000000067
:042571000000000066
:042572000000000065
:042573000000000064
:042574000000000063
:042575000000000062
:042576000000000061
:042577000000000060
:04257800000000005F
:04257900000000005E
:04257A00000000005D
:04257B00000000005C
:04257C00000000005B
:04257D00000000005A
:04257E000000000059
:04257F000000000058
:042580000000000057
:0425810000009C5466
:0425820000009CBCFD
:0425830000009D2493
:042584000000000053
:042585000000000052
:042586000000000051
:042587000000000050
:04258800000000004F
:04258900000000004E
:04258A00000000004D
:04258B00000000004C
:04258C00000000004B
:04258D00000000004A
:04258E000000000049
:04258F000000000048
:042590000000000047
:042591000000000046
:042592000000000045
:042593000000000044
:042594000000000043
:042595000000000042
:042596000000000041
:042597000000000040
:04259800000000003F
:04259900000000003E
:04259A00000000003D
:04259B00000000003C
:04259C00000000003B
:04259D00000000003A
:04259E000000000039
:04259F000000000038
:0425A0000000000037
:0425A1000000000036
:0425A2000000000035
:0425A3000000000034
:0425A4000000000033
:0425A5000000000032
:0425A6000000000130
:0425A7000000000030
:0425A800ABCD330E76
:0425A900E66D123495
:0425AA000005DEEC5E
:0425AB000000000B21
:0425AC00000000002B
:0425AD00000000002A
:0425AE000000000029
:0425AF000000000028
:0425B0000000000027
:0425B1000000000026
:0425B2000000000025
:0425B3000000000024
:0425B4000000000023
:0425B5000000000022
:0425B6000000000021
:0425B7000000000020
:0425B800000000001F
:0425B900000000001E
:0425BA00000000001D
:0425BB00000000001C
:0425BC00000000001B
:0425BD00000000001A
:0425BE000000000019
:0425BF000000000018
:0425C0000000000017
:0425C1000000000016
:0425C2000000000015
:0425C3000000000014
:0425C4000000000013
:0425C5000000000012
:0425C6000000000011
:0425C7000000000010
:0425C800000000000F
:0425C900000000030B
:0425CA0000009C541D
:0425CB00000000000C
:0425CC00000000000B
:0425CD0000007FBCCF
:0425CE0000007FBCCE
:0425CF0000007FC4C5
:0425D00000007FC4C4
:0425D10000007FCCBB
:0425D20000007FCCBA
:0425D30000007FD4B1
:0425D40000007FD4B0
:0425D50000007FDCA7
:0425D60000007FDCA6
:0425D70000007FE49D
:0425D80000007FE49C
:0425D90000007FEC93
:0425DA0000007FEC92
:0425DB0000007FF489
:0425DC0000007FF488
:0425DD0000007FFC7F
:0425DE0000007FFC7E
:0425DF000000800474
:0425E0000000800473
:0425E1000000800C6A
:0425E2000000800C69
:0425E3000000801460
:0425E400000080145F
:0425E5000000801C56
:0425E6000000801C55
:0425E700000080244C
:0425E800000080244B
:0425E9000000802C42
:0425EA000000802C41
:0425EB000000803438
:0425EC000000803437
:0425ED000000803C2E
:0425EE000000803C2D
:0425EF000000804424
:0425F0000000804423
:0425F1000000804C1A
:0425F2000000804C19
:0425F3000000805410
:0425F400000080540F
:0425F5000000805C06
:0425F6000000805C05
:0425F70000008064FC
:0425F80000008064FB
:0425F9000000806CF2
:0425FA000000806CF1
:0425FB0000008074E8
:0425FC0000008074E7
:0425FD000000807CDE
:0425FE000000807CDD
:0425FF0000008084D4
:0426000000008084D2
:042601000000808CC9
:042602000000808CC8
:0426030000008094BF
:0426040000008094BE
:042605000000809CB5
:042606000000809CB4
:04260700000080A4AB
:04260800000080A4AA
:04260900000080ACA1
:04260A00000080ACA0
:04260B00000080B497
:04260C00000080B496
:04260D00000080BC8D
:04260E00000080BC8C
:04260F00000080C483
:04261000000080C482
:04261100000080CC79
:04261200000080CC78
:04261300000080D46F
:04261400000080D46E
:04261500000080DC65
:04261600000080DC64
:04261700000080E45B
:04261800000080E45A
:04261900000080EC51
:04261A00000080EC50
:04261B00000080F447
:04261C00000080F446
:04261D00000080FC3D
:04261E00000080FC3C
:04261F000000810432
:042620000000810431
:042621000000810C28
:042622000000810C27
:04262300000081141E
:04262400000081141D
:042625000000811C14
:042626000000811C13
:04262700000081240A
:042628000000812409
:042629000000812C00
:04262A000000812CFF
:04262B0000008134F6
:04262C0000008134F5
:04262D000000813CEC
:04262E000000813CEB
:04262F0000008144E2
:0426300000008144E1
:042631000000814CD8
:042632000000814CD7
:0426330000008154CE
:0426340000008154CD
:042635000000815CC4
:042636000000815CC3
:0426370000008164BA
:0426380000008164B9
:042639000000816CB0
:04263A000000816CAF
:04263B0000008174A6
:04263C0000008174A5
:04263D000000817C9C
:04263E000000817C9B
:04263F000000818492
:042640000000818491
:042641000000818C88
:042642000000818C87
:04264300000081947E
:04264400000081947D
:042645000000819C74
:042646000000819C73
:04264700000081A46A
:04264800000081A469
:04264900000081AC60
:04264A00000081AC5F
:04264B00000081B456
:04264C00000081B455
:04264D00000081BC4C
:04264E00000081BC4B
:04264F00000081C442
:04265000000081C441
:04265100000081CC38
:04265200000081CC37
:04265300000081D42E
:04265400000081D42D
:04265500000081DC24
:04265600000081DC23
:04265700000081E41A
:04265800000081E419
:04265900000081EC10
:04265A00000081EC0F
:04265B00000081F406
:04265C00000081F405
:04265D00000081FCFC
:04265E00000081FCFB
:04265F0000008204F1
:0426600000008204F0
:042661000000820CE7
:042662000000820CE6
:0426630000008214DD
:0426640000008214DC
:042665000000821CD3
:042666000000821CD2
:0426670000008224C9
:0426680000008224C8
:042669000000822CBF
:04266A000000822CBE
:04266B0000008234B5
:04266C0000008234B4
:04266D000000823CAB
:04266E000000823CAA
:04266F0000008244A1
:0426700000008244A0
:042671000000824C97
:042672000000824C96
:04267300000082548D
:04267400000082548C
:042675000000825C83
:042676000000825C82
:042677000000826479
:042678000000826478
:042679000000826C6F
:04267A000000826C6E
:04267B000000827465
:04267C000000827464
:04267D000000827C5B
:04267E000000827C5A
:04267F000000828451
:042680000000828450
:042681000000828C47
:042682000000828C46
:04268300000082943D
:04268400000082943C
:042685000000829C33
:042686000000829C32
:04268700000082A429
:04268800000082A428
:04268900000082AC1F
:04268A00000082AC1E
:04268B00000082B415
:04268C00000082B414
:04268D00000082BC0B
:04268E00000082BC0A
:04268F00000082C401
:04269000000082C400
:04269100000082CCF7
:04269200000082CCF6
:04269300000082D4ED
:04269400000082D4EC
:04269500000082DCE3
:04269600000082DCE2
:04269700000082E4D9
:04269800000082E4D8
:04269900000082ECCF
:04269A00000082ECCE
:04269B00000082F4C5
:04269C00000082F4C4
:04269D00000082FCBB
:04269E00000082FCBA
:04269F0000008304B0
:0426A00000008304AF
:0426A1000000830CA6
:0426A2000000830CA5
:0426A300000083149C
:0426A400000083149B
:0426A5000000831C92
:0426A6000000831C91
:0426A7000000832488
:0426A8000000832487
:0426A9000000832C7E
:0426AA000000832C7D
:0426AB000000833474
:0426AC000000833473
:0426AD000000833C6A
:0426AE000000833C69
:0426AF000000834460
:0426B000000083445F
:0426B1000000834C56
:0426B2000000834C55
:0426B300000083544C
:0426B400000083544B
:0426B5000000835C42
:0426B6000000835C41
:0426B7000000836438
:0426B8000000836437
:0426B9000000836C2E
:0426BA000000836C2D
:0426BB000000837424
:0426BC000000837423
:0426BD000000837C1A
:0426BE000000837C19
:0426BF000000838410
:0426C000000083840F
:0426C1000000838C06
:0426C2000000838C05
:0426C30000008394FC
:0426C40000008394FB
:0426C5000000839CF2
:0426C6000000839CF1
:0426C700000083A4E8
:0426C800000083A4E7
:0426C900000083ACDE
:0426CA00000083ACDD
:0426CB00000083B4D4
:0426CC00000083B4D3
:0426CD00000083C4C2
:0426CE00000083C4C1
:0426CF0000007CE8A3
:0426D00000007CE8A2
:0426D100FFFFFFFF09
:0426D2000000000004
:0426D300000083DCA4
:0426D400000083DCA3
:0426D50000007E90F3
:0426D600FFFFFFFF04
:0426D70000020000FD
:0426D80000009BC89B
:0426D90000009F441A
:0426DA0000000000FC
:0426DB0000000000FB
:0426DC0000000000FA
:0426DD0000000000F9
:0426DE0000000000F8
:0426DF0000000000F7
:0426E00000000000F6
:0426E10000000000F5
:0426E20000000000F4
:0426E30000000000F3
:0426E40000000000F2
:0426E50000000000F1
:0426E60000000000F0
:0426E70000000000EF
:0426E80000000000EE
:0426E90000000000ED
:0426EA0000000000EC
:0426EB0000000000EB
:0426EC0000000000EA
:0426ED0000000000E9
:0426EE0000000000E8
:0426EF0000000000E7
:0426F00000000000E6
:0426F10000000000E5
:0426F20000000000E4
:0426F30000000000E3
:0426F40000000000E2
:0426F50000000000E1
:0426F60000000000E0
:0426F70000000000DF
:0426F80000000000DE
:0426F90000000000DD
:0426FA0000000000DC
:0426FB0000000000DB
:0426FC0000000000DA
:0426FD0000000000D9
:0426FE0000000000D8
:0426FF0000000000D7
:0427000000000000D5
:0427010000000000D4
:0427020000000000D3
:0427030000000000D2
:0427040000000000D1
:0427050000000000D0
:0427060000000000CF
:0427070000000000CE
:0427080000000000CD
:0427090000000000CC
:04270A0000000000CB
:04270B0000000000CA
:04270C0000000000C9
:04270D0000000000C8
:04270E0000000000C7
:04270F0000000000C6
:0427100000000000C5
:0427110000000000C4
:0427120000000000C3
:0427130000000000C2
:0427140000000000C1
:0427150000000000C0
:0427160000000000BF
:0427170000000000BE
:0427180000000000BD
:0427190000000000BC
:04271A0000000000BB
:04271B0000000000BA
:04271C0000000000B9
:04271D0000000000B8
:04271E0000000000B7
:04271F0000000000B6
:0427200000000000B5
:0427210000000000B4
:0427220000000000B3
:0427230000000000B2
:0427240000000000B1
:0427250000000000B0
:0427260000000000AF
:0427270000000000AE
:0427280000000000AD
:0427290000000000AC
:04272A0000000000AB
:04272B0000000000AA
:04272C0000000000A9
:04272D0000000000A8
:04272E0000000000A7
:04272F0000000000A6
:0427300000000000A5
:0427310000000000A4
:0427320000000000A3
:0427330000000000A2
:0427340000000000A1
:0427350000000000A0
:04273600000000009F
:04273700000000009E
:04273800000000009D
:04273900000000009C
:04273A00000000009B
:04273B00000000009A
:04273C000000000099
:04273D000000000098
:04273E000000000097
:04273F000000000096
:042740000000000095
:042741000000000094
:042742000000000093
:042743000000000092
:042744000000000091
:042745000000000090
:04274600000000008F
:04274700000000008E
:04274800000000008D
:04274900000000008C
:04274A00000000008B
:04274B00000000008A
:04274C000000000089
:04274D000000000088
:04274E000000000087
:04274F000000000086
:042750000000000085
:042751000000000084
:042752000000000083
:042753000000000082
:042754000000000081
:042755000000000080
:04275600000000007F
:04275700000000007E
:04275800000000007D
:04275900000000007C
:04275A00000000007B
:04275B00000000007A
:04275C000000000079
:04275D000000000078
:04275E000000000077
:04275F000000000076
:042760000000000075
:042761000000000074
:042762000000000073
:042763000000000072
:042764000000000071
:042765000000000070
:04276600000000006F
:04276700000000006E
:04276800000000006D
:04276900000000006C
:04276A00000000006B
:04276B00000000006A
:04276C000000000069
:04276D000000000068
:04276E000000000067
:04276F000000000066
:042770000000000065
:042771000000000064
:042772000000000063
:042773000000000062
:042774000000000061
:042775000000000060
:04277600000000005F
:04277700000000005E
:04277800000000005D
:04277900000000005C
:04277A00000000005B
:04277B00000000005A
:04277C000000000059
:04277D000000000058
:04277E000000000057
:04277F000000000056
:042780000000000055
:042781000000000054
:042782000000000053
:042783000000000052
:042784000000000051
:042785000000000050
:04278600000000004F
:04278700000000004E
:04278800000000004D
:04278900000000004C
:04278A00000000004B
:04278B00000000004A
:04278C000000000049
:04278D000000000048
:04278E000000000047
:04278F000000000046
:042790000000000045
:042791000000000044
:042792000000000043
:042793000000000042
:042794000000000041
:042795000000000040
:04279600000000003F
:04279700000000003E
:04279800000000003D
:04279900000000003C
:04279A00000000003B
:04279B00000000003A
:04279C000000000039
:04279D000000000038
:04279E000000000037
:04279F000000000036
:0427A0000000000035
:0427A1000000000034
:0427A2000000000033
:0427A3000000000032
:0427A4000000000031
:0427A5000000000030
:0427A600000000002F
:0427A700000000002E
:0427A800000000002D
:0427A900000000002C
:0427AA00000000002B
:0427AB00000000002A
:0427AC000000000029
:0427AD000000000028
:0427AE000000000027
:0427AF000000000026
:0427B0000000000025
:0427B1000000000024
:0427B2000000000023
:0427B3000000000022
:0427B4000000000021
:0427B5000000000020
:0427B600000000001F
:0427B700000000001E
:0427B800000000001D
:0427B900000000001C
:0427BA00000000001B
:0427BB00000000001A
:0427BC000000000019
:0427BD000000000018
:0427BE000000000017
:0427BF000000000016
:0427C0000000000015
:0427C1000000000014
:0427C2000000000013
:0427C3000000000012
:0427C4000000000011
:0427C5000000000010
:0427C600000000000F
:0427C700000000000E
:0427C800000000000D
:0427C900000000000C
:0427CA00000000000B
:0427CB00000000000A
:0427CC000000000009
:0427CD000000000008
:0427CE000000000007
:0427CF000000000006
:0427D0000000000005
:0427D1000000000004
:0427D2000000000003
:0427D3000000000002
:0427D4000000000001
:0427D5000000000000
:0427D60000000000FF
:0427D70000000000FE
:0427D80000000000FD
:0427D90000000000FC
:0427DA0000000000FB
:0427DB0000000000FA
:0427DC0000000000F9
:0427DD0000000000F8
:0427DE0000000000F7
:0427DF0000000000F6
:0427E00000000000F5
:0427E10000000000F4
:0427E20000000000F3
:0427E30000000000F2
:0427E40000000000F1
:0427E50000000000F0
:0427E60000000000EF
:0427E70000000000EE
:0427E80000000000ED
:0427E90000000000EC
:0427EA0000000000EB
:0427EB0000000000EA
:0427EC0000000000E9
:0427ED0000000000E8
:0427EE0000000000E7
:0427EF0000000000E6
:0427F00000000000E5
:0427F10000000000E4
:0427F20000000000E3
:0427F30000000000E2
:0427F40000000000E1
:0427F50000000000E0
:0427F60000000000DF
:0427F70000000000DE
:0427F80000000000DD
:0427F90000000000DC
:0427FA0000000000DB
:0427FB0000000000DA
:0427FC0000000000D9
:0427FD0000000000D8
:0427FE0000000000D7
:0427FF0000000000D6
:0428000000000000D4
:0428010000000000D3
:0428020000000000D2
:0428030000000000D1
:0428040000000000D0
:0428050000000000CF
:0428060000000000CE
:0428070000000000CD
:0428080000000000CC
:0428090000000000CB
:04280A0000000000CA
:04280B0000000000C9
:04280C0000000000C8
:04280D0000000000C7
:04280E0000000000C6
:04280F0000000000C5
:0428100000000000C4
:0428110000000000C3
:0428120000000000C2
:0428130000000000C1
:0428140000000000C0
:0428150000000000BF
:0428160000000000BE
:0428170000000000BD
:0428180000000000BC
:0428190000000000BB
:04281A0000000000BA
:04281B0000000000B9
:04281C0000000000B8
:04281D0000000000B7
:04281E0000000000B6
:04281F0000000000B5
:0428200000000000B4
:0428210000000000B3
:0428220000000000B2
:0428230000000000B1
:0428240000000000B0
:0428250000000000AF
:0428260000000000AE
:0428270000000000AD
:0428280000000000AC
:0428290000000000AB
:04282A0000000000AA
:04282B0000000000A9
:04282C0000000000A8
:04282D0000000000A7
:04282E0000000000A6
:04282F0000000000A5
:0428300000000000A4
:0428310000000000A3
:0428320000000000A2
:0428330000000000A1
:0428340000000000A0
:04283500000000009F
:04283600000000009E
:04283700000000009D
:04283800000000009C
:04283900000000009B
:04283A00000000009A
:04283B000000000099
:04283C000000000098
:04283D000000000097
:04283E000000000096
:04283F000000000095
:042840000000000094
:042841000000000093
:042842000000000092
:042843000000000091
:042844000000000090
:04284500000000008F
:04284600000000008E
:04284700000000008D
:04284800000000008C
:04284900000000008B
:04284A00000000008A
:04284B000000000089
:04284C000000000088
:04284D000000000087
:04284E000000000086
:04284F000000000085
:042850000000000084
:042851000000000083
:042852000000000082
:042853000000000081
:042854000000000080
:04285500000000007F
:04285600000000007E
:04285700000000007D
:04285800000000007C
:04285900000000007B
:04285A00000000007A
:04285B000000000079
:04285C000000000078
:04285D000000000077
:04285E000000000076
:04285F000000000075
:042860000000000074
:042861000000000073
:042862000000000072
:042863000000000071
:042864000000000070
:04286500000000006F
:04286600000000006E
:04286700000000006D
:04286800000000006C
:04286900000000006B
:04286A00000000006A
:04286B000000000069
:04286C000000000068
:04286D000000000067
:04286E000000000066
:04286F000000000065
:042870000000000064
:042871000000000063
:042872000000000062
:042873000000000061
:042874000000000060
:04287500000000005F
:04287600000000005E
:04287700000000005D
:04287800000000005C
:04287900000000005B
:04287A00000000005A
:04287B000000000059
:04287C000000000058
:04287D000000000057
:04287E000000000056
:04287F000000000055
:042880000000000054
:042881000000000053
:042882000000000052
:042883000000000051
:042884000000000050
:04288500000000004F
:04288600000000004E
:04288700000000004D
:04288800000000004C
:04288900000000004B
:04288A00000000004A
:04288B000000000049
:04288C000000000048
:04288D000000000047
:04288E000000000046
:04288F000000000045
:042890000000000044
:042891000000000043
:042892000000000042
:042893000000000041
:042894000000000040
:04289500000000003F
:04289600000000003E
:04289700000000003D
:04289800000000003C
:04289900000000003B
:04289A00000000003A
:04289B000000000039
:04289C000000000038
:04289D000000000037
:04289E000000000036
:04289F000000000035
:0428A0000000000034
:0428A1000000000033
:0428A2000000000032
:0428A3000000000031
:0428A4000000000030
:0428A500000000002F
:0428A600000000002E
:0428A700000000002D
:0428A800000000002C
:0428A900000000002B
:0428AA00000000002A
:0428AB000000000029
:0428AC000000000028
:0428AD000000000027
:0428AE000000000026
:0428AF000000000025
:0428B0000000000024
:0428B1000000000023
:0428B2000000000022
:0428B3000000000021
:0428B4000000000020
:0428B500000000001F
:0428B600000000001E
:0428B700000000001D
:0428B800000000001C
:0428B900000000001B
:0428BA00000000001A
:0428BB000000000019
:0428BC000000000018
:0428BD000000000017
:0428BE000000000016
:0428BF000000000015
:0428C0000000000014
:0428C1000000000013
:0428C2000000000012
:0428C3000000000011
:0428C4000000000010
:0428C500000000000F
:0428C600000000000E
:0428C700000000000D
:0428C800000000000C
:0428C900000000000B
:0428CA00000000000A
:0428CB000000000009
:0428CC000000000008
:0428CD000000000007
:0428CE000000000006
:0428CF000000000005
:0428D0000000000004
:0428D1000000000003
:0428D2000000000002
:0428D3000000000001
:0428D4000000000000
:0428D50000000000FF
:0428D60000000000FE
:0428D70000000000FD
:0428D80000000000FC
:0428D90000000000FB
:0428DA0000000000FA
:0428DB0000000000F9
:0428DC0000000000F8
:0428DD0000000000F7
:0428DE0000000000F6
:0428DF0000000000F5
:0428E00000000000F4
:0428E10000000000F3
:0428E20000000000F2
:0428E30000000000F1
:0428E40000000000F0
:0428E50000000000EF
:0428E60000000000EE
:0428E70000000000ED
:0428E80000000000EC
:0428E90000000000EB
:0428EA0000000000EA
:0428EB0000000000E9
:0428EC0000000000E8
:0428ED0000000000E7
:0428EE0000000000E6
:0428EF0000000000E5
:0428F00000000000E4
:0428F10000000000E3
:0428F20000000000E2
:0428F30000000000E1
:0428F40000000000E0
:0428F50000000000DF
:0428F60000000000DE
:0428F70000000000DD
:0428F80000000000DC
:0428F90000000000DB
:0428FA0000000000DA
:0428FB0000000000D9
:0428FC0000000000D8
:0428FD0000000000D7
:0428FE0000000000D6
:0428FF0000000000D5
:0429000000000000D3
:0429010000000000D2
:0429020000000000D1
:0429030000000000D0
:0429040000000000CF
:0429050000000000CE
:0429060000000000CD
:0429070000000000CC
:0429080000000000CB
:0429090000000000CA
:04290A0000000000C9
:04290B0000000000C8
:04290C0000000000C7
:04290D0000000000C6
:04290E0000000000C5
:04290F0000000000C4
:0429100000000000C3
:0429110000000000C2
:0429120000000000C1
:0429130000000000C0
:0429140000000000BF
:0429150000000000BE
:0429160000000000BD
:0429170000000000BC
:0429180000000000BB
:0429190000000000BA
:04291A0000000000B9
:04291B0000000000B8
:04291C0000000000B7
:04291D0000000000B6
:04291E0000000000B5
:04291F0000000000B4
:0429200000000000B3
:0429210000000000B2
:0429220000000000B1
:0429230000000000B0
:0429240000000000AF
:0429250000000000AE
:0429260000000000AD
:0429270000000000AC
:0429280000000000AB
:0429290000000000AA
:04292A0000000000A9
:04292B0000000000A8
:04292C0000000000A7
:04292D0000000000A6
:04292E0000000000A5
:04292F0000000000A4
:0429300000000000A3
:0429310000000000A2
:0429320000000000A1
:0429330000000000A0
:04293400000000009F
:04293500000000009E
:04293600000000009D
:04293700000000009C
:04293800000000009B
:04293900000000009A
:04293A000000000099
:04293B000000000098
:04293C000000000097
:04293D000000000096
:04293E000000000095
:04293F000000000094
:042940000000000093
:042941000000000092
:042942000000000091
:042943000000000090
:04294400000000008F
:04294500000000008E
:04294600000000008D
:04294700000000008C
:04294800000000008B
:04294900000000008A
:04294A000000000089
:04294B000000000088
:04294C000000000087
:04294D000000000086
:04294E000000000085
:04294F000000000084
:042950000000000083
:042951000000000082
:042952000000000081
:042953000000000080
:04295400000000007F
:04295500000000007E
:04295600000000007D
:04295700000000007C
:04295800000000007B
:04295900000000007A
:04295A000000000079
:04295B000000000078
:04295C000000000077
:04295D000000000076
:04295E000000000075
:04295F000000000074
:042960000000000073
:042961000000000072
:042962000000000071
:042963000000000070
:04296400000000006F
:04296500000000006E
:04296600000000006D
:04296700000000006C
:04296800000000006B
:04296900000000006A
:04296A000000000069
:04296B000000000068
:04296C000000000067
:04296D000000000066
:04296E000000000065
:04296F000000000064
:042970000000000063
:042971000000000062
:042972000000000061
:042973000000000060
:04297400000000005F
:04297500000000005E
:04297600000000005D
:04297700000000005C
:04297800000000005B
:04297900000000005A
:04297A000000000059
:04297B000000000058
:04297C000000000057
:04297D000000000056
:04297E000000000055
:04297F000000000054
:042980000000000053
:042981000000000052
:042982000000000051
:042983000000000050
:04298400000000004F
:04298500000000004E
:04298600000000004D
:04298700000000004C
:04298800000000004B
:04298900000000004A
:04298A000000000049
:04298B000000000048
:04298C000000000047
:04298D000000000046
:04298E000000000045
:04298F000000000044
:042990000000000043
:042991000000000042
:042992000000000041
:042993000000000040
:04299400000000003F
:04299500000000003E
:04299600000000003D
:04299700000000003C
:04299800000000003B
:04299900000000003A
:04299A000000000039
:04299B000000000038
:04299C000000000037
:04299D000000000036
:04299E000000000035
:04299F000000000034
:0429A0000000000033
:0429A1000000000032
:0429A2000000000031
:0429A3000000000030
:0429A400000000002F
:0429A500000000002E
:0429A600000000002D
:0429A700000000002C
:0429A800000000002B
:0429A900000000002A
:0429AA000000000029
:0429AB000000000028
:0429AC000000000027
:0429AD000000000026
:0429AE000000000025
:0429AF000000000024
:0429B0000000000023
:0429B1000000000022
:0429B2000000000021
:0429B3000000000020
:0429B400000000001F
:0429B500000000001E
:0429B600000000001D
:0429B700000000001C
:0429B800000000001B
:0429B900000000001A
:0429BA000000000019
:0429BB000000000018
:0429BC000000000017
:0429BD000000000016
:0429BE000000000015
:0429BF000000000014
:0429C0000000000013
:0429C1000000000012
:0429C2000000000011
:0429C3000000000010
:0429C400000000000F
:0429C500000000000E
:0429C600000000000D
:0429C700000000000C
:0429C800000000000B
:0429C900000000000A
:0429CA000000000009
:0429CB000000000008
:0429CC000000000007
:0429CD000000000006
:0429CE000000000005
:0429CF000000000004
:0429D0000000000003
:0429D1000000000002
:0429D2000000000001
:0429D3000000000000
:0429D40000000000FF
:0429D50000000000FE
:0429D60000000000FD
:0429D70000000000FC
:0429D80000000000FB
:0429D90000000000FA
:0429DA0000000000F9
:0429DB0000000000F8
:0429DC0000000000F7
:0429DD0000000000F6
:0429DE0000000000F5
:0429DF0000000000F4
:0429E00000000000F3
:0429E10000000000F2
:0429E20000000000F1
:0429E30000000000F0
:0429E40000000000EF
:0429E50000000000EE
:0429E60000000000ED
:0429E70000000000EC
:0429E80000000000EB
:0429E90000000000EA
:0429EA0000000000E9
:0429EB0000000000E8
:0429EC0000000000E7
:0429ED0000000000E6
:0429EE0000000000E5
:0429EF0000000000E4
:0429F00000000000E3
:0429F10000000000E2
:0429F20000000000E1
:0429F30000000000E0
:0429F40000000000DF
:0429F50000000000DE
:0429F60000000000DD
:0429F70000000000DC
:0429F80000000000DB
:0429F90000000000DA
:0429FA0000000000D9
:0429FB0000000000D8
:0429FC0000000000D7
:0429FD0000000000D6
:0429FE0000000000D5
:0429FF0000000000D4
:042A000000000000D2
:042A010000000000D1
:042A020000000000D0
:042A030000000000CF
:042A040000000000CE
:042A050000000000CD
:042A060000000000CC
:042A070000000000CB
:042A080000000000CA
:042A090000000000C9
:042A0A0000000000C8
:042A0B0000000000C7
:042A0C0000000000C6
:042A0D0000000000C5
:042A0E0000000000C4
:042A0F0000000000C3
:042A100000000000C2
:042A110000000000C1
:042A120000000000C0
:042A130000000000BF
:042A140000000000BE
:042A150000000000BD
:042A160000000000BC
:042A170000000000BB
:042A180000000000BA
:042A190000000000B9
:042A1A0000000000B8
:042A1B0000000000B7
:042A1C0000000000B6
:042A1D0000000000B5
:042A1E0000000000B4
:042A1F0000000000B3
:042A200000000000B2
:042A210000000000B1
:042A220000000000B0
:042A230000000000AF
:042A240000000000AE
:042A250000000000AD
:042A260000000000AC
:042A270000000000AB
:042A280000000000AA
:042A290000000000A9
:042A2A0000000000A8
:042A2B0000000000A7
:042A2C0000000000A6
:042A2D0000000000A5
:042A2E0000000000A4
:042A2F0000000000A3
:042A300000000000A2
:042A310000000000A1
:042A320000000000A0
:042A3300000000009F
:042A3400000000009E
:042A3500000000009D
:042A3600000000009C
:042A3700000000009B
:042A3800000000009A
:042A39000000000099
:042A3A000000000098
:042A3B000000000097
:042A3C000000000096
:042A3D000000000095
:042A3E000000000094
:042A3F000000000093
:042A40000000000092
:042A41000000000091
:042A42000000000090
:042A4300000000008F
:042A4400000000008E
:042A4500000000008D
:042A4600000000008C
:042A4700000000008B
:042A4800000000008A
:042A49000000000089
:042A4A000000000088
:042A4B000000000087
:042A4C000000000086
:042A4D000000000085
:042A4E000000000084
:042A4F000000000083
:042A50000000000082
:042A51000000000081
:042A52000000000080
:042A5300000000007F
:042A5400000000007E
:042A5500000000007D
:042A5600000000007C
:042A5700000000007B
:042A5800000000007A
:042A59000000000079
:042A5A000000000078
:042A5B000000000077
:042A5C000000000076
:042A5D000000000075
:042A5E000000000074
:042A5F000000000073
:042A60000000000072
:042A61000000000071
:042A62000000000070
:042A6300000000006F
:042A6400000000006E
:042A6500000000006D
:042A6600000000006C
:042A6700000000006B
:042A6800000000006A
:042A69000000000069
:042A6A000000000068
:042A6B000000000067
:042A6C000000000066
:042A6D000000000065
:042A6E000000000064
:042A6F000000000063
:042A70000000000062
:042A71000000000061
:042A72000000000060
:042A7300000000005F
:042A7400000000005E
:042A7500000000005D
:042A7600000000005C
:042A7700000000005B
:042A7800000000005A
:042A79000000000059
:042A7A000000000058
:042A7B000000000057
:042A7C000000000056
:042A7D000000000055
:042A7E000000000054
:042A7F000000000053
:042A80000000000052
:042A81000000000051
:042A82000000000050
:042A8300000000004F
:042A8400000000004E
:042A8500000000004D
:042A8600000000004C
:042A8700000000004B
:042A8800000000004A
:042A89000000000049
:042A8A000000000048
:042A8B000000000047
:042A8C000000000046
:042A8D000000000045
:042A8E000000000044
:042A8F000000000043
:042A90000000000042
:042A91000000000041
:042A92000000000040
:042A9300000000003F
:042A9400000000003E
:042A9500000000003D
:042A9600000000003C
:042A9700000000003B
:042A9800000000003A
:042A99000000000039
:042A9A000000000038
:042A9B000000000037
:042A9C000000000036
:042A9D000000000035
:042A9E000000000034
:042A9F000000000033
:042AA0000000000032
:042AA1000000000031
:042AA2000000000030
:042AA300000000002F
:042AA400000000002E
:042AA500000000002D
:042AA600000000002C
:042AA700000000002B
:042AA800000000002A
:042AA9000000000029
:042AAA000000000028
:042AAB000000000027
:042AAC000000000026
:042AAD000000000025
:042AAE000000000024
:042AAF000000000023
:042AB0000000000022
:042AB1000000000021
:042AB2000000000020
:042AB300000000001F
:042AB400000000001E
:042AB500000000001D
:042AB600000000001C
:042AB700000000001B
:042AB800000000001A
:042AB9000000000019
:042ABA000000000018
:042ABB000000000017
:042ABC000000000016
:042ABD000000000015
:042ABE000000000014
:042ABF000000000013
:042AC0000000000012
:042AC1000000000011
:042AC2000000000010
:042AC300000000000F
:042AC400000000000E
:042AC500000000000D
:042AC600000000000C
:042AC700000000000B
:042AC800000000000A
:042AC9000000000009
:042ACA000000000008
:042ACB000000000007
:042ACC000000000006
:042ACD000000000005
:042ACE000000000004
:042ACF000000000003
:042AD0000000000002
:042AD1000000000001
:042AD2000000000000
:042AD30000000000FF
:042AD40000000000FE
:042AD50000000000FD
:042AD60000000000FC
:042AD70000000000FB
:042AD80000000000FA
:042AD90000000000F9
:042ADA0000000000F8
:042ADB0000000000F7
:042ADC0000000000F6
:042ADD0000000000F5
:042ADE0000000000F4
:042ADF0000000000F3
:042AE00000000000F2
:042AE10000000000F1
:042AE20000000000F0
:042AE30000000000EF
:042AE40000000000EE
:042AE50000000000ED
:042AE60000000000EC
:042AE70000000000EB
:042AE80000000000EA
:042AE90000000000E9
:042AEA0000000000E8
:042AEB0000000000E7
:042AEC0000000000E6
:042AED0000000000E5
:042AEE0000000000E4
:042AEF0000000000E3
:042AF00000000000E2
:042AF10000000000E1
:042AF20000000000E0
:042AF30000000000DF
:042AF40000000000DE
:042AF50000000000DD
:042AF60000000000DC
:042AF70000000000DB
:042AF80000000000DA
:042AF90000000000D9
:042AFA0000000000D8
:042AFB0000000000D7
:042AFC0000000000D6
:042AFD0000000000D5
:042AFE0000000000D4
:042AFF0000000000D3
:042B000000000000D1
:042B010000000000D0
:042B020000000000CF
:042B030000000000CE
:042B040000000000CD
:042B050000000000CC
:042B060000000000CB
:042B070000000000CA
:042B080000000000C9
:042B090000000000C8
:042B0A0000000000C7
:042B0B0000000000C6
:042B0C0000000000C5
:042B0D0000000000C4
:042B0E0000000000C3
:042B0F0000000000C2
:042B100000000000C1
:042B110000000000C0
:042B120000000000BF
:042B130000000000BE
:042B140000000000BD
:042B150000000000BC
:042B160000000000BB
:042B170000000000BA
:042B180000000000B9
:042B190000000000B8
:042B1A0000000000B7
:042B1B0000000000B6
:042B1C0000000000B5
:042B1D0000000000B4
:042B1E0000000000B3
:042B1F0000000000B2
:042B200000000000B1
:042B210000000000B0
:042B220000000000AF
:042B230000000000AE
:042B240000000000AD
:042B250000000000AC
:042B260000000000AB
:042B270000000000AA
:042B280000000000A9
:042B290000000000A8
:042B2A0000000000A7
:042B2B0000000000A6
:042B2C0000000000A5
:042B2D0000000000A4
:042B2E0000000000A3
:042B2F0000000000A2
:042B300000000000A1
:042B310000000000A0
:042B3200000000009F
:042B3300000000009E
:042B3400000000009D
:042B3500000000009C
:042B3600000000009B
:042B3700000000009A
:042B38000000000099
:042B39000000000098
:042B3A000000000097
:042B3B000000000096
:042B3C000000000095
:042B3D000000000094
:042B3E000000000093
:042B3F000000000092
:042B40000000000091
:042B41000000000090
:042B4200000000008F
:042B4300000000008E
:042B4400000000008D
:042B4500000000008C
:042B4600000000008B
:042B4700000000008A
:042B48000000000089
:042B49000000000088
:042B4A000000000087
:042B4B000000000086
:042B4C000000000085
:042B4D000000000084
:042B4E000000000083
:042B4F000000000082
:042B50000000000081
:042B51000000000080
:042B5200000000007F
:042B5300000000007E
:042B5400000000007D
:042B5500000000007C
:042B5600000000007B
:042B5700000000007A
:042B58000000000079
:042B59000000000078
:042B5A000000000077
:042B5B000000000076
:042B5C000000000075
:042B5D000000000074
:042B5E000000000073
:042B5F000000000072
:042B60000000000071
:042B61000000000070
:042B6200000000006F
:042B6300000000006E
:042B6400000000006D
:042B6500000000006C
:042B6600000000006B
:042B6700000000006A
:042B68000000000069
:042B69000000000068
:042B6A000000000067
:042B6B000000000066
:042B6C000000000065
:042B6D000000000064
:042B6E000000000063
:042B6F000000000062
:042B70000000000061
:042B71000000000060
:042B7200000000005F
:042B7300000000005E
:042B7400000000005D
:042B7500000000005C
:042B7600000000005B
:042B7700000000005A
:042B78000000000059
:042B79000000000058
:042B7A000000000057
:042B7B000000000056
:042B7C000000000055
:042B7D000000000054
:042B7E000000000053
:042B7F000000000052
:042B80000000000051
:042B81000000000050
:042B8200000000004F
:042B8300000000004E
:042B8400000000004D
:042B8500000000004C
:042B8600000000004B
:042B8700000000004A
:042B88000000000049
:042B89000000000048
:042B8A000000000047
:042B8B000000000046
:042B8C000000000045
:042B8D000000000044
:042B8E000000000043
:042B8F000000000042
:042B90000000000041
:042B91000000000040
:042B9200000000003F
:042B9300000000003E
:042B9400000000003D
:042B9500000000003C
:042B9600000000003B
:042B9700000000003A
:042B98000000000039
:042B99000000000038
:042B9A000000000037
:042B9B000000000036
:042B9C000000000035
:042B9D000000000034
:042B9E000000000033
:042B9F000000000032
:042BA0000000000031
:042BA1000000000030
:042BA200000000002F
:042BA300000000002E
:042BA400000000002D
:042BA500000000002C
:042BA600000000002B
:042BA700000000002A
:042BA8000000000029
:042BA9000000000028
:042BAA000000000027
:042BAB000000000026
:042BAC000000000025
:042BAD000000000024
:042BAE000000000023
:042BAF000000000022
:042BB0000000000021
:042BB1000000000020
:042BB200000000001F
:042BB300000000001E
:042BB400000000001D
:042BB500000000001C
:042BB600000000001B
:042BB700000000001A
:042BB8000000000019
:042BB9000000000018
:042BBA000000000017
:042BBB000000000016
:042BBC000000000015
:042BBD000000000014
:042BBE000000000013
:042BBF000000000012
:042BC0000000000011
:042BC1000000000010
:042BC200000000000F
:042BC300000000000E
:042BC400000000000D
:042BC500000000000C
:042BC600000000000B
:042BC700000000000A
:042BC8000000000009
:042BC9000000000008
:042BCA000000000007
:042BCB000000000006
:042BCC000000000005
:042BCD000000000004
:042BCE000000000003
:042BCF000000000002
:042BD0000000000001
:042BD1000000000000
:042BD20000000000FF
:042BD30000000000FE
:042BD40000000000FD
:042BD50000000000FC
:042BD60000000000FB
:042BD70000000000FA
:042BD80000000000F9
:042BD90000000000F8
:042BDA0000000000F7
:042BDB0000000000F6
:042BDC0000000000F5
:042BDD0000000000F4
:042BDE0000000000F3
:042BDF0000000000F2
:042BE00000000000F1
:042BE10000000000F0
:042BE20000000000EF
:042BE30000000000EE
:042BE40000000000ED
:042BE50000000000EC
:042BE60000000000EB
:042BE70000000000EA
:042BE80000000000E9
:042BE90000000000E8
:042BEA0000000000E7
:042BEB0000000000E6
:042BEC0000000000E5
:042BED0000000000E4
:042BEE0000000000E3
:042BEF0000000000E2
:042BF00000000000E1
:042BF10000000000E0
:042BF20000000000DF
:042BF30000000000DE
:042BF40000000000DD
:042BF50000000000DC
:042BF60000000000DB
:042BF70000000000DA
:042BF80000000000D9
:042BF90000000000D8
:042BFA0000000000D7
:042BFB0000000000D6
:042BFC0000000000D5
:042BFD0000000000D4
:042BFE0000000000D3
:042BFF0000000000D2
:042C000000000000D0
:042C010000000000CF
:042C020000000000CE
:042C030000000000CD
:042C040000000000CC
:042C050000000000CB
:042C060000000000CA
:042C070000000000C9
:042C080000000000C8
:042C090000000000C7
:042C0A0000000000C6
:042C0B0000000000C5
:042C0C0000000000C4
:042C0D0000000000C3
:042C0E0000000000C2
:042C0F0000000000C1
:042C100000000000C0
:042C110000000000BF
:042C120000000000BE
:042C130000000000BD
:042C140000000000BC
:042C150000000000BB
:042C160000000000BA
:042C170000000000B9
:042C180000000000B8
:042C190000000000B7
:042C1A0000000000B6
:042C1B0000000000B5
:042C1C0000000000B4
:042C1D0000000000B3
:042C1E0000000000B2
:042C1F0000000000B1
:042C200000000000B0
:042C210000000000AF
:042C220000000000AE
:042C230000000000AD
:042C240000000000AC
:042C250000000000AB
:042C260000000000AA
:042C270000000000A9
:042C280000000000A8
:042C290000000000A7
:042C2A0000000000A6
:042C2B0000000000A5
:042C2C0000000000A4
:042C2D0000000000A3
:042C2E0000000000A2
:042C2F0000000000A1
:042C300000000000A0
:042C3100000000009F
:042C3200000000009E
:042C3300000000009D
:042C3400000000009C
:042C3500000000009B
:042C3600000000009A
:042C37000000000099
:042C38000000000098
:042C39000000000097
:042C3A000000000096
:042C3B000000000095
:042C3C000000000094
:042C3D000000000093
:042C3E000000000092
:042C3F000000000091
:042C40000000000090
:042C4100000000008F
:042C4200000000008E
:042C4300000000008D
:042C4400000000008C
:042C4500000000008B
:042C4600000000008A
:042C47000000000089
:042C48000000000088
:042C49000000000087
:042C4A000000000086
:042C4B000000000085
:042C4C000000000084
:042C4D000000000083
:042C4E000000000082
:042C4F000000000081
:042C50000000000080
:042C5100000000007F
:042C5200000000007E
:042C5300000000007D
:042C5400000000007C
:042C5500000000007B
:042C5600000000007A
:042C57000000000079
:042C58000000000078
:042C59000000000077
:042C5A000000000076
:042C5B000000000075
:042C5C000000000074
:042C5D000000000073
:042C5E000000000072
:042C5F000000000071
:042C60000000000070
:042C6100000000006F
:042C6200000000006E
:042C6300000000006D
:042C6400000000006C
:042C6500000000006B
:042C6600000000006A
:042C67000000000069
:042C68000000000068
:042C69000000000067
:042C6A000000000066
:042C6B000000000065
:042C6C000000000064
:042C6D000000000063
:042C6E000000000062
:042C6F000000000061
:042C70000000000060
:042C7100000000005F
:042C7200000000005E
:042C7300000000005D
:042C7400000000005C
:042C7500000000005B
:042C7600000000005A
:042C77000000000059
:042C78000000000058
:042C79000000000057
:042C7A000000000056
:042C7B000000000055
:042C7C000000000054
:042C7D000000000053
:042C7E000000000052
:042C7F000000000051
:042C80000000000050
:042C8100000000004F
:042C8200000000004E
:042C8300000000004D
:042C8400000000004C
:042C8500000000004B
:042C8600000000004A
:042C87000000000049
:042C88000000000048
:042C89000000000047
:042C8A000000000046
:042C8B000000000045
:042C8C000000000044
:042C8D000000000043
:042C8E000000000042
:042C8F000000000041
:042C90000000000040
:042C9100000000003F
:042C9200000000003E
:042C9300000000003D
:042C9400000000003C
:042C9500000000003B
:042C9600000000003A
:042C97000000000039
:042C98000000000038
:042C99000000000037
:042C9A000000000036
:042C9B000000000035
:042C9C000000000034
:042C9D000000000033
:042C9E000000000032
:042C9F000000000031
:042CA0000000000030
:042CA100000000002F
:042CA200000000002E
:042CA300000000002D
:042CA400000000002C
:042CA500000000002B
:042CA600000000002A
:042CA7000000000029
:042CA8000000000028
:042CA9000000000027
:042CAA000000000026
:042CAB000000000025
:042CAC000000000024
:042CAD000000000023
:042CAE000000000022
:042CAF000000000021
:042CB0000000000020
:042CB100000000001F
:042CB200000000001E
:042CB300000000001D
:042CB400000000001C
:042CB500000000001B
:042CB600000000001A
:042CB7000000000019
:042CB8000000000018
:042CB9000000000017
:042CBA000000000016
:042CBB000000000015
:042CBC000000000014
:042CBD000000000013
:042CBE000000000012
:042CBF000000000011
:042CC0000000000010
:042CC100000000000F
:042CC200000000000E
:042CC300000000000D
:042CC400000000000C
:042CC500000000000B
:042CC600000000000A
:042CC7000000000009
:042CC8000000000008
:042CC9000000000007
:042CCA000000000006
:042CCB000000000005
:042CCC000000000004
:042CCD000000000003
:042CCE000000000002
:042CCF000000000001
:042CD0000000000000
:042CD10000000000FF
:042CD20000000000FE
:042CD30000000000FD
:042CD40000000000FC
:042CD50000000000FB
:042CD60000000000FA
:042CD70000000000F9
:042CD80000000000F8
:042CD90000000000F7
:042CDA0000000000F6
:042CDB0000000000F5
:042CDC0000000000F4
:042CDD0000000000F3
:042CDE0000000000F2
:042CDF0000000000F1
:042CE00000000000F0
:042CE10000000000EF
:042CE20000000000EE
:042CE30000000000ED
:042CE40000000000EC
:042CE50000000000EB
:042CE60000000000EA
:042CE70000000000E9
:042CE80000000000E8
:042CE90000000000E7
:042CEA0000000000E6
:042CEB0000000000E5
:042CEC0000000000E4
:042CED0000000000E3
:042CEE0000000000E2
:042CEF0000000000E1
:042CF00000000000E0
:042CF10000000000DF
:042CF20000000000DE
:042CF30000000000DD
:042CF40000000000DC
:042CF50000000000DB
:042CF60000000000DA
:042CF70000000000D9
:042CF80000000000D8
:042CF90000000000D7
:042CFA0000000000D6
:042CFB0000000000D5
:042CFC0000000000D4
:042CFD0000000000D3
:042CFE0000000000D2
:042CFF0000000000D1
:042D000000000000CF
:042D010000000000CE
:042D020000000000CD
:042D030000000000CC
:042D040000000000CB
:042D050000000000CA
:042D060000000000C9
:042D070000000000C8
:042D080000000000C7
:042D090000000000C6
:042D0A0000000000C5
:042D0B0000000000C4
:042D0C0000000000C3
:042D0D0000000000C2
:042D0E0000000000C1
:042D0F0000000000C0
:042D100000000000BF
:042D110000000000BE
:042D120000000000BD
:042D130000000000BC
:042D140000000000BB
:042D150000000000BA
:042D160000000000B9
:042D170000000000B8
:042D180000000000B7
:042D190000000000B6
:042D1A0000000000B5
:042D1B0000000000B4
:042D1C0000000000B3
:042D1D0000000000B2
:042D1E0000000000B1
:042D1F0000000000B0
:042D200000000000AF
:042D210000000000AE
:042D220000000000AD
:042D230000000000AC
:042D240000000000AB
:042D250000000000AA
:042D260000000000A9
:042D270000000000A8
:042D280000000000A7
:042D290000000000A6
:042D2A0000000000A5
:042D2B0000000000A4
:042D2C0000000000A3
:042D2D0000000000A2
:042D2E0000000000A1
:042D2F0000000000A0
:042D3000000000009F
:042D3100000000009E
:042D3200000000009D
:042D3300000000009C
:042D3400000000009B
:042D3500000000009A
:042D36000000000099
:042D37000000000098
:042D38000000000097
:042D39000000000096
:042D3A000000000095
:042D3B000000000094
:042D3C000000000093
:042D3D000000000092
:042D3E000000000091
:042D3F000000000090
:042D4000000000008F
:042D4100000000008E
:042D4200000000008D
:042D4300000000008C
:042D4400000000008B
:042D4500000000008A
:042D46000000000089
:042D47000000000088
:042D48000000000087
:042D49000000000086
:042D4A000000000085
:042D4B000000000084
:042D4C000000000083
:042D4D000000000082
:042D4E000000000081
:042D4F000000000080
:042D5000000000007F
:042D5100000000007E
:042D5200000000007D
:042D5300000000007C
:042D5400000000007B
:042D5500000000007A
:042D56000000000079
:042D57000000000078
:042D58000000000077
:042D59000000000076
:042D5A000000000075
:042D5B000000000074
:042D5C000000000073
:042D5D000000000072
:042D5E000000000071
:042D5F000000000070
:042D6000000000006F
:042D6100000000006E
:042D6200000000006D
:042D6300000000006C
:042D6400000000006B
:042D6500000000006A
:042D66000000000069
:042D67000000000068
:042D68000000000067
:042D69000000000066
:042D6A000000000065
:042D6B000000000064
:042D6C000000000063
:042D6D000000000062
:042D6E000000000061
:042D6F000000000060
:042D7000000000005F
:042D7100000000005E
:042D7200000000005D
:042D7300000000005C
:042D7400000000005B
:042D7500000000005A
:042D76000000000059
:042D77000000000058
:042D78000000000057
:042D79000000000056
:042D7A000000000055
:042D7B000000000054
:042D7C000000000053
:042D7D000000000052
:042D7E000000000051
:042D7F000000000050
:042D8000000000004F
:042D8100000000004E
:042D8200000000004D
:042D8300000000004C
:042D8400000000004B
:042D8500000000004A
:042D86000000000049
:042D87000000000048
:042D88000000000047
:042D89000000000046
:042D8A000000000045
:042D8B000000000044
:042D8C000000000043
:042D8D000000000042
:042D8E000000000041
:042D8F000000000040
:042D9000000000003F
:042D9100000000003E
:042D9200000000003D
:042D9300000000003C
:042D9400000000003B
:042D9500000000003A
:042D96000000000039
:042D97000000000038
:042D98000000000037
:042D99000000000036
:042D9A000000000035
:042D9B000000000034
:042D9C000000000033
:042D9D000000000032
:042D9E000000000031
:042D9F000000000030
:042DA000000000002F
:042DA100000000002E
:042DA200000000002D
:042DA300000000002C
:042DA400000000002B
:042DA500000000002A
:042DA6000000000029
:042DA7000000000028
:042DA8000000000027
:042DA9000000000026
:042DAA000000000025
:042DAB000000000024
:042DAC000000000023
:042DAD000000000022
:042DAE000000000021
:042DAF000000000020
:042DB000000000001F
:042DB100000000001E
:042DB200000000001D
:042DB300000000001C
:042DB400000000001B
:042DB500000000001A
:042DB6000000000019
:042DB7000000000018
:042DB8000000000017
:042DB9000000000016
:042DBA000000000015
:042DBB000000000014
:042DBC000000000013
:042DBD000000000012
:042DBE000000000011
:042DBF000000000010
:042DC000000000000F
:042DC100000000000E
:042DC200000000000D
:042DC300000000000C
:042DC400000000000B
:042DC500000000000A
:042DC6000000000009
:042DC7000000000008
:042DC8000000000007
:042DC9000000000006
:042DCA000000000005
:042DCB000000000004
:042DCC000000000003
:042DCD000000000002
:042DCE000000000001
:042DCF000000000000
:042DD00000000000FF
:042DD10000000000FE
:042DD20000000000FD
:042DD30000000000FC
:042DD40000000000FB
:042DD50000000000FA
:042DD60000000000F9
:042DD70000000000F8
:042DD80000000000F7
:042DD90000000000F6
:042DDA0000000000F5
:042DDB0000000000F4
:042DDC0000000000F3
:042DDD0000000000F2
:042DDE0000000000F1
:042DDF0000000000F0
:042DE00000000000EF
:042DE10000000000EE
:042DE20000000000ED
:042DE30000000000EC
:042DE40000000000EB
:042DE50000000000EA
:042DE60000000000E9
:042DE70000000000E8
:042DE80000000000E7
:042DE90000000000E6
:042DEA0000000000E5
:042DEB0000000000E4
:042DEC0000000000E3
:042DED0000000000E2
:042DEE0000000000E1
:042DEF0000000000E0
:042DF00000000000DF
:042DF10000000000DE
:042DF20000000000DD
:042DF30000000000DC
:042DF40000000000DB
:042DF50000000000DA
:042DF60000000000D9
:042DF70000000000D8
:042DF80000000000D7
:042DF90000000000D6
:042DFA0000000000D5
:042DFB0000000000D4
:042DFC0000000000D3
:042DFD0000000000D2
:042DFE0000000000D1
:042DFF0000000000D0
:042E000000000000CE
:042E010000000000CD
:042E020000000000CC
:042E030000000000CB
:042E040000000000CA
:042E050000000000C9
:042E060000000000C8
:042E070000000000C7
:042E080000000000C6
:042E090000000000C5
:042E0A0000000000C4
:042E0B0000000000C3
:042E0C0000000000C2
:042E0D0000000000C1
:042E0E0000000000C0
:042E0F0000000000BF
:042E100000000000BE
:042E110000000000BD
:042E120000000000BC
:042E130000000000BB
:042E140000000000BA
:042E150000000000B9
:042E160000000000B8
:042E170000000000B7
:042E180000000000B6
:042E190000000000B5
:042E1A0000000000B4
:042E1B0000000000B3
:042E1C0000000000B2
:042E1D0000000000B1
:042E1E0000000000B0
:042E1F0000000000AF
:042E200000000000AE
:042E210000000000AD
:042E220000000000AC
:042E230000000000AB
:042E240000000000AA
:042E250000000000A9
:042E260000000000A8
:042E270000000000A7
:042E280000000000A6
:042E290000000000A5
:042E2A0000000000A4
:042E2B0000000000A3
:042E2C0000000000A2
:042E2D0000000000A1
:042E2E0000000000A0
:042E2F00000000009F
:042E3000000000009E
:042E3100000000009D
:042E3200000000009C
:042E3300000000009B
:042E3400000000009A
:042E35000000000099
:042E36000000000098
:042E37000000000097
:042E38000000000096
:042E39000000000095
:042E3A000000000094
:042E3B000000000093
:042E3C000000000092
:042E3D000000000091
:042E3E000000000090
:042E3F00000000008F
:042E4000000000008E
:042E4100000000008D
:042E4200000000008C
:042E4300000000008B
:042E4400000000008A
:042E45000000000089
:042E46000000000088
:042E47000000000087
:042E48000000000086
:042E49000000000085
:042E4A000000000084
:042E4B000000000083
:042E4C000000000082
:042E4D000000000081
:042E4E000000000080
:042E4F00000000007F
:042E5000000000007E
:042E5100000000007D
:042E5200000000007C
:042E5300000000007B
:042E5400000000007A
:042E55000000000079
:042E56000000000078
:042E57000000000077
:042E58000000000076
:042E59000000000075
:042E5A000000000074
:042E5B000000000073
:042E5C000000000072
:042E5D000000000071
:042E5E000000000070
:042E5F00000000006F
:042E6000000000006E
:042E6100000000006D
:042E6200000000006C
:042E6300000000006B
:042E6400000000006A
:042E65000000000069
:042E66000000000068
:042E67000000000067
:042E68000000000066
:042E69000000000065
:042E6A000000000064
:042E6B000000000063
:042E6C000000000062
:042E6D000000000061
:042E6E000000000060
:042E6F00000000005F
:042E7000000000005E
:042E7100000000005D
:042E7200000000005C
:042E7300000000005B
:042E7400000000005A
:042E75000000000059
:042E76000000000058
:042E77000000000057
:042E78000000000056
:042E79000000000055
:042E7A000000000054
:042E7B000000000053
:042E7C000000000052
:042E7D000000000051
:042E7E000000000050
:042E7F00000000004F
:042E8000000000004E
:042E8100000000004D
:042E8200000000004C
:042E8300000000004B
:042E8400000000004A
:042E85000000000049
:042E86000000000048
:042E87000000000047
:042E88000000000046
:042E89000000000045
:042E8A000000000044
:042E8B000000000043
:042E8C000000000042
:042E8D000000000041
:042E8E000000000040
:042E8F00000000003F
:042E9000000000003E
:042E9100000000003D
:042E9200000000003C
:042E9300000000003B
:042E9400000000003A
:042E95000000000039
:042E96000000000038
:042E97000000000037
:042E98000000000036
:042E99000000000035
:042E9A000000000034
:042E9B000000000033
:042E9C000000000032
:042E9D000000000031
:042E9E000000000030
:042E9F00000000002F
:042EA000000000002E
:042EA100000000002D
:042EA200000000002C
:042EA300000000002B
:042EA400000000002A
:042EA5000000000029
:042EA6000000000028
:042EA7000000000027
:042EA8000000000026
:042EA9000000000025
:042EAA000000000024
:042EAB000000000023
:042EAC000000000022
:042EAD000000000021
:042EAE000000000020
:042EAF00000000001F
:042EB000000000001E
:042EB100000000001D
:042EB200000000001C
:042EB300000000001B
:042EB400000000001A
:042EB5000000000019
:042EB6000000000018
:042EB7000000000017
:042EB8000000000016
:042EB9000000000015
:042EBA000000000014
:042EBB000000000013
:042EBC000000000012
:042EBD000000000011
:042EBE000000000010
:042EBF00000000000F
:042EC000000000000E
:042EC100000000000D
:042EC200000000000C
:042EC300000000000B
:042EC400000000000A
:042EC5000000000009
:042EC6000000000008
:042EC7000000000007
:042EC8000000000006
:042EC9000000000005
:042ECA000000000004
:042ECB000000000003
:042ECC000000000002
:042ECD000000000001
:042ECE000000000000
:042ECF0000000000FF
:042ED00000000000FE
:042ED10000000000FD
:042ED20000000000FC
:042ED30000000000FB
:042ED40000000000FA
:042ED50000000000F9
:042ED60000000000F8
:042ED70000000000F7
:042ED80000000000F6
:042ED90000000000F5
:042EDA0000000000F4
:042EDB0000000000F3
:042EDC0000000000F2
:042EDD0000000000F1
:042EDE0000000000F0
:042EDF0000000000EF
:042EE00000000000EE
:042EE10000000000ED
:042EE20000000000EC
:042EE30000000000EB
:042EE40000000000EA
:042EE50000000000E9
:042EE60000000000E8
:042EE70000000000E7
:042EE80000000000E6
:042EE90000000000E5
:042EEA0000000000E4
:042EEB0000000000E3
:042EEC0000000000E2
:042EED0000000000E1
:042EEE0000000000E0
:042EEF0000000000DF
:042EF00000000000DE
:042EF10000000000DD
:042EF20000000000DC
:042EF30000000000DB
:042EF40000000000DA
:042EF50000000000D9
:042EF60000000000D8
:042EF70000000000D7
:042EF80000000000D6
:042EF90000000000D5
:042EFA0000000000D4
:042EFB0000000000D3
:042EFC0000000000D2
:042EFD0000000000D1
:042EFE0000000000D0
:042EFF0000000000CF
:042F000000000000CD
:042F010000000000CC
:042F020000000000CB
:042F030000000000CA
:042F040000000000C9
:042F050000000000C8
:042F060000000000C7
:042F070000000000C6
:042F080000000000C5
:042F090000000000C4
:042F0A0000000000C3
:042F0B0000000000C2
:042F0C0000000000C1
:042F0D0000000000C0
:042F0E0000000000BF
:042F0F0000000000BE
:042F100000000000BD
:042F110000000000BC
:042F120000000000BB
:042F130000000000BA
:042F140000000000B9
:042F150000000000B8
:042F160000000000B7
:042F170000000000B6
:042F180000000000B5
:042F190000000000B4
:042F1A0000000000B3
:042F1B0000000000B2
:042F1C0000000000B1
:042F1D0000000000B0
:042F1E0000000000AF
:042F1F0000000000AE
:042F200000000000AD
:042F210000000000AC
:042F220000000000AB
:042F230000000000AA
:042F240000000000A9
:042F250000000000A8
:042F260000000000A7
:042F270000000000A6
:042F280000000000A5
:042F290000000000A4
:042F2A0000000000A3
:042F2B0000000000A2
:042F2C0000000000A1
:042F2D0000000000A0
:042F2E00000000009F
:042F2F00000000009E
:042F3000000000009D
:042F3100000000009C
:042F3200000000009B
:042F3300000000009A
:042F34000000000099
:042F35000000000098
:042F36000000000097
:042F37000000000096
:042F38000000000095
:042F39000000000094
:042F3A000000000093
:042F3B000000000092
:042F3C000000000091
:042F3D000000000090
:042F3E00000000008F
:042F3F00000000008E
:042F4000000000008D
:042F4100000000008C
:042F4200000000008B
:042F4300000000008A
:042F44000000000089
:042F45000000000088
:042F46000000000087
:042F47000000000086
:042F48000000000085
:042F49000000000084
:042F4A000000000083
:042F4B000000000082
:042F4C000000000081
:042F4D000000000080
:042F4E00000000007F
:042F4F00000000007E
:042F5000000000007D
:042F5100000000007C
:042F5200000000007B
:042F5300000000007A
:042F54000000000079
:042F55000000000078
:042F56000000000077
:042F57000000000076
:042F58000000000075
:042F59000000000074
:042F5A000000000073
:042F5B000000000072
:042F5C000000000071
:042F5D000000000070
:042F5E00000000006F
:042F5F00000000006E
:042F6000000000006D
:042F6100000000006C
:042F6200000000006B
:042F6300000000006A
:042F64000000000069
:042F65000000000068
:042F66000000000067
:042F67000000000066
:042F68000000000065
:042F69000000000064
:042F6A000000000063
:042F6B000000000062
:042F6C000000000061
:042F6D000000000060
:042F6E00000000005F
:042F6F00000000005E
:042F7000000000005D
:042F7100000000005C
:042F7200000000005B
:042F7300000000005A
:042F74000000000059
:042F75000000000058
:042F76000000000057
:042F77000000000056
:042F78000000000055
:042F79000000000054
:042F7A000000000053
:042F7B000000000052
:042F7C000000000051
:042F7D000000000050
:042F7E00000000004F
:042F7F00000000004E
:042F8000000000004D
:042F8100000000004C
:042F8200000000004B
:042F8300000000004A
:042F84000000000049
:042F85000000000048
:042F86000000000047
:042F87000000000046
:042F88000000000045
:042F89000000000044
:042F8A000000000043
:042F8B000000000042
:042F8C000000000041
:042F8D000000000040
:042F8E00000000003F
:042F8F00000000003E
:042F9000000000003D
:042F9100000000003C
:042F9200000000003B
:042F9300000000003A
:042F94000000000039
:042F95000000000038
:042F96000000000037
:042F97000000000036
:042F98000000000035
:042F99000000000034
:042F9A000000000033
:042F9B000000000032
:042F9C000000000031
:042F9D000000000030
:042F9E00000000002F
:042F9F00000000002E
:042FA000000000002D
:042FA100000000002C
:042FA200000000002B
:042FA300000000002A
:042FA4000000000029
:042FA5000000000028
:042FA6000000000027
:042FA7000000000026
:042FA8000000000025
:042FA9000000000024
:042FAA000000000023
:042FAB000000000022
:042FAC000000000021
:042FAD000000000020
:042FAE00000000001F
:042FAF00000000001E
:042FB000000000001D
:042FB100000000001C
:042FB200000000001B
:042FB300000000001A
:042FB4000000000019
:042FB5000000000018
:042FB6000000000017
:042FB7000000000016
:042FB8000000000015
:042FB9000000000014
:042FBA000000000013
:042FBB000000000012
:042FBC000000000011
:042FBD000000000010
:042FBE00000000000F
:042FBF00000000000E
:042FC000000000000D
:042FC100000000000C
:042FC200000000000B
:042FC300000000000A
:042FC4000000000009
:042FC5000000000008
:042FC6000000000007
:042FC7000000000006
:042FC8000000000005
:042FC9000000000004
:042FCA000000000003
:042FCB000000000002
:042FCC000000000001
:042FCD000000000000
:042FCE0000000000FF
:042FCF0000000000FE
:042FD00000000000FD
:042FD10000000000FC
:042FD20000000000FB
:042FD30000000000FA
:042FD40000000000F9
:042FD50000000000F8
:042FD60000000000F7
:042FD70000000000F6
:042FD80000000000F5
:042FD90000000000F4
:042FDA0000000000F3
:042FDB0000000000F2
:042FDC0000000000F1
:042FDD0000000000F0
:042FDE0000000000EF
:042FDF0000000000EE
:042FE00000000000ED
:042FE10000000000EC
:042FE20000000000EB
:042FE30000000000EA
:042FE40000000000E9
:042FE50000000000E8
:042FE60000000000E7
:042FE70000000000E6
:042FE80000000000E5
:042FE90000000000E4
:042FEA0000000000E3
:042FEB0000000000E2
:042FEC0000000000E1
:042FED0000000000E0
:042FEE0000000000DF
:042FEF0000000000DE
:042FF00000000000DD
:042FF10000000000DC
:042FF20000000000DB
:042FF30000000000DA
:042FF40000000000D9
:042FF50000000000D8
:042FF60000000000D7
:042FF70000000000D6
:042FF80000000000D5
:042FF90000000000D4
:042FFA0000000000D3
:042FFB0000000000D2
:042FFC0000000000D1
:042FFD0000000000D0
:042FFE0000000000CF
:042FFF0000000000CE
:0430000000000000CC
:0430010000000000CB
:0430020000000000CA
:0430030000000000C9
:0430040000000000C8
:0430050000000000C7
:0430060000000000C6
:0430070000000000C5
:0430080000000000C4
:0430090000000000C3
:04300A0000000000C2
:04300B0000000000C1
:04300C0000000000C0
:04300D0000000000BF
:04300E0000000000BE
:04300F0000000000BD
:0430100000000000BC
:0430110000000000BB
:0430120000000000BA
:0430130000000000B9
:0430140000000000B8
:0430150000000000B7
:0430160000000000B6
:0430170000000000B5
:0430180000000000B4
:0430190000000000B3
:04301A0000000000B2
:04301B0000000000B1
:04301C0000000000B0
:04301D0000000000AF
:04301E0000000000AE
:04301F0000000000AD
:0430200000000000AC
:0430210000000000AB
:0430220000000000AA
:0430230000000000A9
:0430240000000000A8
:0430250000000000A7
:0430260000000000A6
:0430270000000000A5
:0430280000000000A4
:0430290000000000A3
:04302A0000000000A2
:04302B0000000000A1
:04302C0000000000A0
:04302D00000000009F
:04302E00000000009E
:04302F00000000009D
:04303000000000009C
:04303100000000009B
:04303200000000009A
:043033000000000099
:043034000000000098
:043035000000000097
:043036000000000096
:043037000000000095
:043038000000000094
:043039000000000093
:04303A000000000092
:04303B000000000091
:04303C000000000090
:04303D00000000008F
:04303E00000000008E
:04303F00000000008D
:04304000000000008C
:04304100000000008B
:04304200000000008A
:043043000000000089
:043044000000000088
:043045000000000087
:043046000000000086
:043047000000000085
:043048000000000084
:043049000000000083
:04304A000000000082
:04304B000000000081
:04304C000000000080
:04304D00000000007F
:04304E00000000007E
:04304F00000000007D
:04305000000000007C
:04305100000000007B
:04305200000000007A
:043053000000000079
:043054000000000078
:043055000000000077
:043056000000000076
:043057000000000075
:043058000000000074
:043059000000000073
:04305A000000000072
:04305B000000000071
:04305C000000000070
:04305D00000000006F
:04305E00000000006E
:04305F00000000006D
:04306000000000006C
:04306100000000006B
:04306200000000006A
:043063000000000069
:043064000000000068
:043065000000000067
:043066000000000066
:043067000000000065
:043068000000000064
:043069000000000063
:04306A000000000062
:04306B000000000061
:04306C000000000060
:04306D00000000005F
:04306E00000000005E
:04306F00000000005D
:04307000000000005C
:04307100000000005B
:04307200000000005A
:043073000000000059
:043074000000000058
:043075000000000057
:043076000000000056
:043077000000000055
:043078000000000054
:043079000000000053
:04307A000000000052
:04307B000000000051
:04307C000000000050
:04307D00000000004F
:04307E00000000004E
:04307F00000000004D
:04308000000000004C
:04308100000000004B
:04308200000000004A
:043083000000000049
:043084000000000048
:043085000000000047
:043086000000000046
:043087000000000045
:043088000000000044
:043089000000000043
:04308A000000000042
:04308B000000000041
:04308C000000000040
:04308D00000000003F
:04308E00000000003E
:04308F00000000003D
:04309000000000003C
:04309100000000003B
:04309200000000003A
:043093000000000039
:043094000000000038
:043095000000000037
:043096000000000036
:043097000000000035
:043098000000000034
:043099000000000033
:04309A000000000032
:04309B000000000031
:04309C000000000030
:04309D00000000002F
:04309E00000000002E
:04309F00000000002D
:0430A000000000002C
:0430A100000000002B
:0430A200000000002A
:0430A3000000000029
:0430A4000000000028
:0430A5000000000027
:0430A6000000000026
:0430A7000000000025
:0430A8000000000024
:0430A9000000000023
:0430AA000000000022
:0430AB000000000021
:0430AC000000000020
:0430AD00000000001F
:0430AE00000000001E
:0430AF00000000001D
:0430B000000000001C
:0430B100000000001B
:0430B200000000001A
:0430B3000000000019
:0430B4000000000018
:0430B5000000000017
:0430B6000000000016
:0430B7000000000015
:0430B8000000000014
:0430B9000000000013
:0430BA000000000012
:0430BB000000000011
:0430BC000000000010
:0430BD00000000000F
:0430BE00000000000E
:0430BF00000000000D
:0430C000000000000C
:0430C100000000000B
:0430C200000000000A
:0430C3000000000009
:0430C4000000000008
:0430C5000000000007
:0430C6000000000006
:0430C7000000000005
:0430C8000000000004
:0430C9000000000003
:0430CA000000000002
:0430CB000000000001
:0430CC000000000000
:0430CD0000000000FF
:0430CE0000000000FE
:0430CF0000000000FD
:0430D00000000000FC
:0430D10000000000FB
:0430D20000000000FA
:0430D30000000000F9
:0430D40000000000F8
:0430D50000000000F7
:0430D60000000000F6
:0430D70000000000F5
:0430D80000000000F4
:0430D90000000000F3
:0430DA0000000000F2
:0430DB0000000000F1
:0430DC0000000000F0
:0430DD0000000000EF
:0430DE0000000000EE
:0430DF0000000000ED
:0430E00000000000EC
:0430E10000000000EB
:0430E20000000000EA
:0430E30000000000E9
:0430E40000000000E8
:0430E50000000000E7
:0430E60000000000E6
:0430E70000000000E5
:0430E80000000000E4
:0430E90000000000E3
:0430EA0000000000E2
:0430EB0000000000E1
:0430EC0000000000E0
:0430ED0000000000DF
:0430EE0000000000DE
:0430EF0000000000DD
:0430F00000000000DC
:0430F10000000000DB
:0430F20000000000DA
:0430F30000000000D9
:0430F40000000000D8
:0430F50000000000D7
:0430F60000000000D6
:0430F70000000000D5
:0430F80000000000D4
:0430F90000000000D3
:0430FA0000000000D2
:0430FB0000000000D1
:0430FC0000000000D0
:0430FD0000000000CF
:0430FE0000000000CE
:0430FF0000000000CD
:0431000000000000CB
:0431010000000000CA
:0431020000000000C9
:0431030000000000C8
:0431040000000000C7
:0431050000000000C6
:0431060000000000C5
:0431070000000000C4
:0431080000000000C3
:0431090000000000C2
:04310A0000000000C1
:04310B0000000000C0
:04310C0000000000BF
:04310D0000000000BE
:04310E0000000000BD
:04310F0000000000BC
:0431100000000000BB
:0431110000000000BA
:0431120000000000B9
:0431130000000000B8
:0431140000000000B7
:0431150000000000B6
:0431160000000000B5
:0431170000000000B4
:0431180000000000B3
:0431190000000000B2
:04311A0000000000B1
:04311B0000000000B0
:04311C0000000000AF
:04311D0000000000AE
:04311E0000000000AD
:04311F0000000000AC
:0431200000000000AB
:0431210000000000AA
:0431220000000000A9
:0431230000000000A8
:0431240000000000A7
:0431250000000000A6
:0431260000000000A5
:0431270000000000A4
:0431280000000000A3
:0431290000000000A2
:04312A0000000000A1
:04312B0000000000A0
:04312C00000000009F
:04312D00000000009E
:04312E00000000009D
:04312F00000000009C
:04313000000000009B
:04313100000000009A
:043132000000000099
:043133000000000098
:043134000000000097
:043135000000000096
:043136000000000095
:043137000000000094
:043138000000000093
:043139000000000092
:04313A000000000091
:04313B000000000090
:04313C00000000008F
:04313D00000000008E
:04313E00000000008D
:04313F00000000008C
:04314000000000008B
:04314100000000008A
:043142000000000089
:043143000000000088
:043144000000000087
:043145000000000086
:043146000000000085
:043147000000000084
:043148000000000083
:043149000000000082
:04314A000000000081
:04314B000000000080
:04314C00000000007F
:04314D00000000007E
:04314E00000000007D
:04314F00000000007C
:04315000000000007B
:04315100000000007A
:043152000000000079
:043153000000000078
:043154000000000077
:043155000000000076
:043156000000000075
:043157000000000074
:043158000000000073
:043159000000000072
:04315A000000000071
:04315B000000000070
:04315C00000000006F
:04315D00000000006E
:04315E00000000006D
:04315F00000000006C
:04316000000000006B
:04316100000000006A
:043162000000000069
:043163000000000068
:043164000000000067
:043165000000000066
:043166000000000065
:043167000000000064
:043168000000000063
:043169000000000062
:04316A000000000061
:04316B000000000060
:04316C00000000005F
:04316D00000000005E
:04316E00000000005D
:04316F00000000005C
:04317000000000005B
:04317100000000005A
:043172000000000059
:043173000000000058
:043174000000000057
:043175000000000056
:043176000000000055
:043177000000000054
:043178000000000053
:043179000000000052
:04317A000000000051
:04317B000000000050
:04317C00000000004F
:04317D00000000004E
:04317E00000000004D
:04317F00000000004C
:04318000000000004B
:04318100000000004A
:043182000000000049
:043183000000000048
:043184000000000047
:043185000000000046
:043186000000000045
:043187000000000044
:043188000000000043
:043189000000000042
:04318A000000000041
:04318B000000000040
:04318C00000000003F
:04318D00000000003E
:04318E00000000003D
:04318F00000000003C
:04319000000000003B
:04319100000000003A
:043192000000000039
:043193000000000038
:043194000000000037
:043195000000000036
:043196000000000035
:043197000000000034
:043198000000000033
:043199000000000032
:04319A000000000031
:04319B000000000030
:04319C00000000002F
:04319D00000000002E
:04319E00000000002D
:04319F00000000002C
:0431A000000000002B
:0431A100000000002A
:0431A2000000000029
:0431A3000000000028
:0431A4000000000027
:0431A5000000000026
:0431A6000000000025
:0431A7000000000024
:0431A8000000000023
:0431A9000000000022
:0431AA000000000021
:0431AB000000000020
:0431AC00000000001F
:0431AD00000000001E
:0431AE00000000001D
:0431AF00000000001C
:0431B000000000001B
:0431B100000000001A
:0431B2000000000019
:0431B3000000000018
:0431B4000000000017
:0431B5000000000016
:0431B6000000000015
:0431B7000000000014
:0431B8000000000013
:0431B9000000000012
:0431BA000000000011
:0431BB000000000010
:0431BC00000000000F
:0431BD00000000000E
:0431BE00000000000D
:0431BF00000000000C
:0431C000000000000B
:0431C100000000000A
:0431C2000000000009
:0431C3000000000008
:0431C4000000000007
:0431C5000000000006
:0431C6000000000005
:0431C7000000000004
:0431C8000000000003
:0431C9000000000002
:0431CA000000000001
:0431CB000000000000
:0431CC0000000000FF
:0431CD0000000000FE
:0431CE0000000000FD
:0431CF0000000000FC
:0431D00000000000FB
:0431D10000000000FA
:0431D20000000000F9
:0431D30000000000F8
:0431D40000000000F7
:0431D50000000000F6
:0431D60000000000F5
:0431D70000000000F4
:0431D80000000000F3
:0431D90000000000F2
:0431DA0000000000F1
:0431DB0000000000F0
:0431DC0000000000EF
:0431DD0000000000EE
:0431DE0000000000ED
:0431DF0000000000EC
:0431E00000000000EB
:0431E10000000000EA
:0431E20000000000E9
:0431E30000000000E8
:0431E40000000000E7
:0431E50000000000E6
:0431E60000000000E5
:0431E70000000000E4
:0431E80000000000E3
:0431E90000000000E2
:0431EA0000000000E1
:0431EB0000000000E0
:0431EC0000000000DF
:0431ED0000000000DE
:0431EE0000000000DD
:0431EF0000000000DC
:0431F00000000000DB
:0431F10000000000DA
:0431F20000000000D9
:0431F30000000000D8
:0431F40000000000D7
:0431F50000000000D6
:0431F60000000000D5
:0431F70000000000D4
:0431F80000000000D3
:0431F90000000000D2
:0431FA0000000000D1
:0431FB0000000000D0
:0431FC0000000000CF
:0431FD0000000000CE
:0431FE0000000000CD
:0431FF0000000000CC
:0432000000000000CA
:0432010000000000C9
:0432020000000000C8
:0432030000000000C7
:0432040000000000C6
:0432050000000000C5
:0432060000000000C4
:0432070000000000C3
:0432080000000000C2
:0432090000000000C1
:04320A0000000000C0
:04320B0000000000BF
:04320C0000000000BE
:04320D0000000000BD
:04320E0000000000BC
:04320F0000000000BB
:0432100000000000BA
:0432110000000000B9
:0432120000000000B8
:0432130000000000B7
:0432140000000000B6
:0432150000000000B5
:0432160000000000B4
:0432170000000000B3
:0432180000000000B2
:0432190000000000B1
:04321A0000000000B0
:04321B0000000000AF
:04321C0000000000AE
:04321D0000000000AD
:04321E0000000000AC
:04321F0000000000AB
:0432200000000000AA
:0432210000000000A9
:0432220000000000A8
:0432230000000000A7
:0432240000000000A6
:0432250000000000A5
:0432260000000000A4
:0432270000000000A3
:0432280000000000A2
:0432290000000000A1
:04322A0000000000A0
:04322B00000000009F
:04322C00000000009E
:04322D00000000009D
:04322E00000000009C
:04322F00000000009B
:04323000000000009A
:043231000000000099
:043232000000000098
:043233000000000097
:043234000000000096
:043235000000000095
:043236000000000094
:043237000000000093
:043238000000000092
:043239000000000091
:04323A000000000090
:04323B00000000008F
:04323C00000000008E
:04323D00000000008D
:04323E00000000008C
:04323F00000000008B
:04324000000000008A
:043241000000000089
:043242000000000088
:043243000000000087
:043244000000000086
:043245000000000085
:043246000000000084
:043247000000000083
:043248000000000082
:043249000000000081
:04324A000000000080
:04324B00000000007F
:04324C00000000007E
:04324D00000000007D
:04324E00000000007C
:04324F00000000007B
:04325000000000007A
:043251000000000079
:043252000000000078
:043253000000000077
:043254000000000076
:043255000000000075
:043256000000000074
:043257000000000073
:043258000000000072
:043259000000000071
:04325A000000000070
:04325B00000000006F
:04325C00000000006E
:04325D00000000006D
:04325E00000000006C
:04325F00000000006B
:04326000000000006A
:043261000000000069
:043262000000000068
:043263000000000067
:043264000000000066
:043265000000000065
:043266000000000064
:043267000000000063
:043268000000000062
:043269000000000061
:04326A000000000060
:04326B00000000005F
:04326C00000000005E
:04326D00000000005D
:04326E00000000005C
:04326F00000000005B
:04327000000000005A
:043271000000000059
:043272000000000058
:043273000000000057
:043274000000000056
:043275000000000055
:043276000000000054
:043277000000000053
:043278000000000052
:043279000000000051
:04327A000000000050
:04327B00000000004F
:04327C00000000004E
:04327D00000000004D
:04327E00000000004C
:04327F00000000004B
:04328000000000004A
:043281000000000049
:043282000000000048
:043283000000000047
:043284000000000046
:043285000000000045
:043286000000000044
:043287000000000043
:043288000000000042
:043289000000000041
:04328A000000000040
:04328B00000000003F
:04328C00000000003E
:04328D00000000003D
:04328E00000000003C
:04328F00000000003B
:04329000000000003A
:043291000000000039
:043292000000000038
:043293000000000037
:043294000000000036
:043295000000000035
:043296000000000034
:043297000000000033
:043298000000000032
:043299000000000031
:04329A000000000030
:04329B00000000002F
:04329C00000000002E
:04329D00000000002D
:04329E00000000002C
:04329F00000000002B
:0432A000000000002A
:0432A1000000000029
:0432A2000000000028
:0432A3000000000027
:0432A4000000000026
:0432A5000000000025
:0432A6000000000024
:0432A7000000000023
:0432A8000000000022
:0432A9000000000021
:0432AA000000000020
:0432AB00000000001F
:0432AC00000000001E
:0432AD00000000001D
:0432AE00000000001C
:0432AF00000000001B
:0432B000000000001A
:0432B1000000000019
:0432B2000000000018
:0432B3000000000017
:0432B4000000000016
:0432B5000000000015
:0432B6000000000014
:0432B7000000000013
:0432B8000000000012
:0432B9000000000011
:0432BA000000000010
:0432BB00000000000F
:0432BC00000000000E
:0432BD00000000000D
:0432BE00000000000C
:0432BF00000000000B
:0432C000000000000A
:0432C1000000000009
:0432C2000000000008
:0432C3000000000007
:0432C4000000000006
:0432C5000000000005
:0432C6000000000004
:0432C7000000000003
:0432C8000000000002
:0432C9000000000001
:0432CA000000000000
:0432CB0000000000FF
:0432CC0000000000FE
:0432CD0000000000FD
:0432CE0000000000FC
:0432CF0000000000FB
:0432D00000000000FA
:0432D10000000000F9
:0432D20000000000F8
:0432D30000000000F7
:0432D40000000000F6
:0432D50000000000F5
:0432D60000000000F4
:0432D70000000000F3
:0432D80000000000F2
:0432D90000000000F1
:0432DA0000000000F0
:0432DB0000000000EF
:0432DC0000000000EE
:0432DD0000000000ED
:0432DE0000000000EC
:0432DF0000000000EB
:0432E00000000000EA
:0432E10000000000E9
:0432E20000000000E8
:0432E30000000000E7
:0432E40000000000E6
:0432E50000000000E5
:0432E60000000000E4
:0432E70000000000E3
:0432E80000000000E2
:0432E90000000000E1
:0432EA0000000000E0
:0432EB0000000000DF
:0432EC0000000000DE
:0432ED0000000000DD
:0432EE0000000000DC
:0432EF0000000000DB
:0432F00000000000DA
:0432F10000000000D9
:0432F20000000000D8
:0432F30000000000D7
:0432F40000000000D6
:0432F50000000000D5
:0432F60000000000D4
:0432F70000000000D3
:0432F80000000000D2
:0432F90000000000D1
:0432FA0000000000D0
:0432FB0000000000CF
:0432FC0000000000CE
:0432FD0000000000CD
:0432FE0000000000CC
:0432FF0000000000CB
:0433000000000000C9
:0433010000000000C8
:0433020000000000C7
:0433030000000000C6
:0433040000000000C5
:0433050000000000C4
:0433060000000000C3
:0433070000000000C2
:0433080000000000C1
:0433090000000000C0
:04330A0000000000BF
:04330B0000000000BE
:04330C0000000000BD
:04330D0000000000BC
:04330E0000000000BB
:04330F0000000000BA
:0433100000000000B9
:0433110000000000B8
:0433120000000000B7
:0433130000000000B6
:0433140000000000B5
:0433150000000000B4
:0433160000000000B3
:0433170000000000B2
:0433180000000000B1
:0433190000000000B0
:04331A0000000000AF
:04331B0000000000AE
:04331C0000000000AD
:04331D0000000000AC
:04331E0000000000AB
:04331F0000000000AA
:0433200000000000A9
:0433210000000000A8
:0433220000000000A7
:0433230000000000A6
:0433240000000000A5
:0433250000000000A4
:0433260000000000A3
:0433270000000000A2
:0433280000000000A1
:0433290000000000A0
:04332A00000000009F
:04332B00000000009E
:04332C00000000009D
:04332D00000000009C
:04332E00000000009B
:04332F00000000009A
:043330000000000099
:043331000000000098
:043332000000000097
:043333000000000096
:043334000000000095
:043335000000000094
:043336000000000093
:043337000000000092
:043338000000000091
:043339000000000090
:04333A00000000008F
:04333B00000000008E
:04333C00000000008D
:04333D00000000008C
:04333E00000000008B
:04333F00000000008A
:043340000000000089
:043341000000000088
:043342000000000087
:043343000000000086
:043344000000000085
:043345000000000084
:043346000000000083
:043347000000000082
:043348000000000081
:043349000000000080
:04334A00000000007F
:04334B00000000007E
:04334C00000000007D
:04334D00000000007C
:04334E00000000007B
:04334F00000000007A
:043350000000000079
:043351000000000078
:043352000000000077
:043353000000000076
:043354000000000075
:043355000000000074
:043356000000000073
:043357000000000072
:043358000000000071
:043359000000000070
:04335A00000000006F
:04335B00000000006E
:04335C00000000006D
:04335D00000000006C
:04335E00000000006B
:04335F00000000006A
:043360000000000069
:043361000000000068
:043362000000000067
:043363000000000066
:043364000000000065
:043365000000000064
:043366000000000063
:043367000000000062
:043368000000000061
:043369000000000060
:04336A00000000005F
:04336B00000000005E
:04336C00000000005D
:04336D00000000005C
:04336E00000000005B
:04336F00000000005A
:043370000000000059
:043371000000000058
:043372000000000057
:043373000000000056
:043374000000000055
:043375000000000054
:043376000000000053
:043377000000000052
:043378000000000051
:043379000000000050
:04337A00000000004F
:04337B00000000004E
:04337C00000000004D
:04337D00000000004C
:04337E00000000004B
:04337F00000000004A
:043380000000000049
:043381000000000048
:043382000000000047
:043383000000000046
:043384000000000045
:043385000000000044
:043386000000000043
:043387000000000042
:043388000000000041
:043389000000000040
:04338A00000000003F
:04338B00000000003E
:04338C00000000003D
:04338D00000000003C
:04338E00000000003B
:04338F00000000003A
:043390000000000039
:043391000000000038
:043392000000000037
:043393000000000036
:043394000000000035
:043395000000000034
:043396000000000033
:043397000000000032
:043398000000000031
:043399000000000030
:04339A00000000002F
:04339B00000000002E
:04339C00000000002D
:04339D00000000002C
:04339E00000000002B
:04339F00000000002A
:0433A0000000000029
:0433A1000000000028
:0433A2000000000027
:0433A3000000000026
:0433A4000000000025
:0433A5000000000024
:0433A6000000000023
:0433A7000000000022
:0433A8000000000021
:0433A9000000000020
:0433AA00000000001F
:0433AB00000000001E
:0433AC00000000001D
:0433AD00000000001C
:0433AE00000000001B
:0433AF00000000001A
:0433B0000000000019
:0433B1000000000018
:0433B2000000000017
:0433B3000000000016
:0433B4000000000015
:0433B5000000000014
:0433B6000000000013
:0433B7000000000012
:0433B8000000000011
:0433B9000000000010
:0433BA00000000000F
:0433BB00000000000E
:0433BC00000000000D
:0433BD00000000000C
:0433BE00000000000B
:0433BF00000000000A
:0433C0000000000009
:0433C1000000000008
:0433C2000000000007
:0433C3000000000006
:0433C4000000000005
:0433C5000000000004
:0433C6000000000003
:0433C7000000000002
:0433C8000000000001
:0433C9000000000000
:0433CA0000000000FF
:0433CB0000000000FE
:0433CC0000000000FD
:0433CD0000000000FC
:0433CE0000000000FB
:0433CF0000000000FA
:0433D00000000000F9
:0433D10000000000F8
:0433D20000000000F7
:0433D30000000000F6
:0433D40000000000F5
:0433D50000000000F4
:0433D60000000000F3
:0433D70000000000F2
:0433D80000000000F1
:0433D90000000000F0
:0433DA0000000000EF
:0433DB0000000000EE
:0433DC0000000000ED
:0433DD0000000000EC
:0433DE0000000000EB
:0433DF0000000000EA
:0433E00000000000E9
:0433E10000000000E8
:0433E20000000000E7
:0433E30000000000E6
:0433E40000000000E5
:0433E50000000000E4
:0433E60000000000E3
:0433E70000000000E2
:0433E80000000000E1
:0433E90000000000E0
:0433EA0000000000DF
:0433EB0000000000DE
:0433EC0000000000DD
:0433ED0000000000DC
:0433EE0000000000DB
:0433EF0000000000DA
:0433F00000000000D9
:0433F10000000000D8
:0433F20000000000D7
:0433F30000000000D6
:0433F40000000000D5
:0433F50000000000D4
:0433F60000000000D3
:0433F70000000000D2
:0433F80000000000D1
:0433F90000000000D0
:0433FA0000000000CF
:0433FB0000000000CE
:0433FC0000000000CD
:0433FD0000000000CC
:0433FE0000000000CB
:0433FF0000000000CA
:0434000000000000C8
:0434010000000000C7
:0434020000000000C6
:0434030000000000C5
:0434040000000000C4
:0434050000000000C3
:0434060000000000C2
:0434070000000000C1
:0434080000000000C0
:0434090000000000BF
:04340A0000000000BE
:04340B0000000000BD
:04340C0000000000BC
:04340D0000000000BB
:04340E0000000000BA
:04340F0000000000B9
:0434100000000000B8
:0434110000000000B7
:0434120000000000B6
:0434130000000000B5
:0434140000000000B4
:0434150000000000B3
:0434160000000000B2
:0434170000000000B1
:0434180000000000B0
:0434190000000000AF
:04341A0000000000AE
:04341B0000000000AD
:04341C0000000000AC
:04341D0000000000AB
:04341E0000000000AA
:04341F0000000000A9
:0434200000000000A8
:0434210000000000A7
:0434220000000000A6
:0434230000000000A5
:0434240000000000A4
:0434250000000000A3
:0434260000000000A2
:0434270000000000A1
:0434280000000000A0
:04342900000000009F
:04342A00000000009E
:04342B00000000009D
:04342C00000000009C
:04342D00000000009B
:04342E00000000009A
:04342F000000000099
:043430000000000098
:043431000000000097
:043432000000000096
:043433000000000095
:043434000000000094
:043435000000000093
:043436000000000092
:043437000000000091
:043438000000000090
:04343900000000008F
:04343A00000000008E
:04343B00000000008D
:04343C00000000008C
:04343D00000000008B
:04343E00000000008A
:04343F000000000089
:043440000000000088
:043441000000000087
:043442000000000086
:043443000000000085
:043444000000000084
:043445000000000083
:043446000000000082
:043447000000000081
:043448000000000080
:04344900000000007F
:04344A00000000007E
:04344B00000000007D
:04344C00000000007C
:04344D00000000007B
:04344E00000000007A
:04344F000000000079
:043450000000000078
:043451000000000077
:043452000000000076
:043453000000000075
:043454000000000074
:043455000000000073
:043456000000000072
:043457000000000071
:043458000000000070
:04345900000000006F
:04345A00000000006E
:04345B00000000006D
:04345C00000000006C
:04345D00000000006B
:04345E00000000006A
:04345F000000000069
:043460000000000068
:043461000000000067
:043462000000000066
:043463000000000065
:043464000000000064
:043465000000000063
:043466000000000062
:043467000000000061
:043468000000000060
:04346900000000005F
:04346A00000000005E
:04346B00000000005D
:04346C00000000005C
:04346D00000000005B
:04346E00000000005A
:04346F000000000059
:043470000000000058
:043471000000000057
:043472000000000056
:043473000000000055
:043474000000000054
:043475000000000053
:043476000000000052
:043477000000000051
:043478000000000050
:04347900000000004F
:04347A00000000004E
:04347B00000000004D
:04347C00000000004C
:04347D00000000004B
:04347E00000000004A
:04347F000000000049
:043480000000000048
:043481000000000047
:043482000000000046
:043483000000000045
:043484000000000044
:043485000000000043
:043486000000000042
:043487000000000041
:043488000000000040
:04348900000000003F
:04348A00000000003E
:04348B00000000003D
:04348C00000000003C
:04348D00000000003B
:04348E00000000003A
:04348F000000000039
:043490000000000038
:043491000000000037
:043492000000000036
:043493000000000035
:043494000000000034
:043495000000000033
:043496000000000032
:043497000000000031
:043498000000000030
:04349900000000002F
:04349A00000000002E
:04349B00000000002D
:04349C00000000002C
:04349D00000000002B
:04349E00000000002A
:04349F000000000029
:0434A0000000000028
:0434A1000000000027
:0434A2000000000026
:0434A3000000000025
:0434A4000000000024
:0434A5000000000023
:0434A6000000000022
:0434A7000000000021
:0434A8000000000020
:0434A900000000001F
:0434AA00000000001E
:0434AB00000000001D
:0434AC00000000001C
:0434AD00000000001B
:0434AE00000000001A
:0434AF000000000019
:0434B0000000000018
:0434B1000000000017
:0434B2000000000016
:0434B3000000000015
:0434B4000000000014
:0434B5000000000013
:0434B6000000000012
:0434B7000000000011
:0434B8000000000010
:0434B900000000000F
:0434BA00000000000E
:0434BB00000000000D
:0434BC00000000000C
:0434BD00000000000B
:0434BE00000000000A
:0434BF000000000009
:0434C0000000000008
:0434C1000000000007
:0434C2000000000006
:0434C3000000000005
:0434C4000000000004
:0434C5000000000003
:0434C6000000000002
:0434C7000000000001
:0434C8000000000000
:0434C90000000000FF
:0434CA0000000000FE
:0434CB0000000000FD
:0434CC0000000000FC
:0434CD0000000000FB
:0434CE0000000000FA
:0434CF0000000000F9
:0434D00000000000F8
:0434D10000000000F7
:0434D20000000000F6
:0434D30000000000F5
:0434D40000000000F4
:0434D50000000000F3
:0434D60000000000F2
:0434D70000000000F1
:0434D80000000000F0
:0434D90000000000EF
:0434DA0000000000EE
:0434DB0000000000ED
:0434DC0000000000EC
:0434DD0000000000EB
:0434DE0000000000EA
:0434DF0000000000E9
:0434E00000000000E8
:0434E10000000000E7
:0434E20000000000E6
:0434E30000000000E5
:0434E40000000000E4
:0434E50000000000E3
:0434E60000000000E2
:0434E70000000000E1
:0434E80000000000E0
:0434E90000000000DF
:0434EA0000000000DE
:0434EB0000000000DD
:0434EC0000000000DC
:0434ED0000000000DB
:0434EE0000000000DA
:0434EF0000000000D9
:0434F00000000000D8
:0434F10000000000D7
:0434F20000000000D6
:0434F30000000000D5
:0434F40000000000D4
:0434F50000000000D3
:0434F60000000000D2
:0434F70000000000D1
:0434F80000000000D0
:0434F90000000000CF
:0434FA0000000000CE
:0434FB0000000000CD
:0434FC0000000000CC
:0434FD0000000000CB
:0434FE0000000000CA
:0434FF0000000000C9
:0435000000000000C7
:0435010000000000C6
:0435020000000000C5
:0435030000000000C4
:0435040000000000C3
:0435050000000000C2
:0435060000000000C1
:0435070000000000C0
:0435080000000000BF
:0435090000000000BE
:04350A0000000000BD
:04350B0000000000BC
:04350C0000000000BB
:04350D0000000000BA
:04350E0000000000B9
:04350F0000000000B8
:0435100000000000B7
:0435110000000000B6
:0435120000000000B5
:0435130000000000B4
:0435140000000000B3
:0435150000000000B2
:0435160000000000B1
:0435170000000000B0
:0435180000000000AF
:0435190000000000AE
:04351A0000000000AD
:04351B0000000000AC
:04351C0000000000AB
:04351D0000000000AA
:04351E0000000000A9
:04351F0000000000A8
:0435200000000000A7
:0435210000000000A6
:0435220000000000A5
:0435230000000000A4
:0435240000000000A3
:0435250000000000A2
:0435260000000000A1
:0435270000000000A0
:04352800000000009F
:04352900000000009E
:04352A00000000009D
:04352B00000000009C
:04352C00000000009B
:04352D00000000009A
:04352E000000000099
:04352F000000000098
:043530000000000097
:043531000000000096
:043532000000000095
:043533000000000094
:043534000000000093
:043535000000000092
:043536000000000091
:043537000000000090
:04353800000000008F
:04353900000000008E
:04353A00000000008D
:04353B00000000008C
:04353C00000000008B
:04353D00000000008A
:04353E000000000089
:04353F000000000088
:043540000000000087
:043541000000000086
:043542000000000085
:043543000000000084
:043544000000000083
:043545000000000082
:043546000000000081
:043547000000000080
:04354800000000007F
:04354900000000007E
:04354A00000000007D
:04354B00000000007C
:04354C00000000007B
:04354D00000000007A
:04354E000000000079
:04354F000000000078
:043550000000000077
:043551000000000076
:043552000000000075
:043553000000000074
:043554000000000073
:043555000000000072
:043556000000000071
:043557000000000070
:04355800000000006F
:04355900000000006E
:04355A00000000006D
:04355B00000000006C
:04355C00000000006B
:04355D00000000006A
:04355E000000000069
:04355F000000000068
:043560000000000067
:043561000000000066
:043562000000000065
:043563000000000064
:043564000000000063
:043565000000000062
:043566000000000061
:043567000000000060
:04356800000000005F
:04356900000000005E
:04356A00000000005D
:04356B00000000005C
:04356C00000000005B
:04356D00000000005A
:04356E000000000059
:04356F000000000058
:043570000000000057
:043571000000000056
:043572000000000055
:043573000000000054
:043574000000000053
:043575000000000052
:043576000000000051
:043577000000000050
:04357800000000004F
:04357900000000004E
:04357A00000000004D
:04357B00000000004C
:04357C00000000004B
:04357D00000000004A
:04357E000000000049
:04357F000000000048
:043580000000000047
:043581000000000046
:043582000000000045
:043583000000000044
:043584000000000043
:043585000000000042
:043586000000000041
:043587000000000040
:04358800000000003F
:04358900000000003E
:04358A00000000003D
:04358B00000000003C
:04358C00000000003B
:04358D00000000003A
:04358E000000000039
:04358F000000000038
:043590000000000037
:043591000000000036
:043592000000000035
:043593000000000034
:043594000000000033
:043595000000000032
:043596000000000031
:043597000000000030
:04359800000000002F
:04359900000000002E
:04359A00000000002D
:04359B00000000002C
:04359C00000000002B
:04359D00000000002A
:04359E000000000029
:04359F000000000028
:0435A0000000000027
:0435A1000000000026
:0435A2000000000025
:0435A3000000000024
:0435A4000000000023
:0435A5000000000022
:0435A6000000000021
:0435A7000000000020
:0435A800000000001F
:0435A900000000001E
:0435AA00000000001D
:0435AB00000000001C
:0435AC00000000001B
:0435AD00000000001A
:0435AE000000000019
:0435AF000000000018
:0435B0000000000017
:0435B1000000000016
:0435B2000000000015
:0435B3000000000014
:0435B4000000000013
:0435B5000000000012
:0435B6000000000011
:0435B7000000000010
:0435B800000000000F
:0435B900000000000E
:0435BA00000000000D
:0435BB00000000000C
:0435BC00000000000B
:0435BD00000000000A
:0435BE000000000009
:0435BF000000000008
:0435C0000000000007
:0435C1000000000006
:0435C2000000000005
:0435C3000000000004
:0435C4000000000003
:0435C5000000000002
:0435C6000000000001
:0435C7000000000000
:0435C80000000000FF
:0435C90000000000FE
:0435CA0000000000FD
:0435CB0000000000FC
:0435CC0000000000FB
:0435CD0000000000FA
:0435CE0000000000F9
:0435CF0000000000F8
:0435D00000000000F7
:0435D10000000000F6
:0435D20000000000F5
:0435D30000000000F4
:0435D40000000000F3
:0435D50000000000F2
:0435D60000000000F1
:0435D70000000000F0
:0435D80000000000EF
:0435D90000000000EE
:0435DA0000000000ED
:0435DB0000000000EC
:0435DC0000000000EB
:0435DD0000000000EA
:0435DE0000000000E9
:0435DF0000000000E8
:0435E00000000000E7
:0435E10000000000E6
:0435E20000000000E5
:0435E30000000000E4
:0435E40000000000E3
:0435E50000000000E2
:0435E60000000000E1
:0435E70000000000E0
:0435E80000000000DF
:0435E90000000000DE
:0435EA0000000000DD
:0435EB0000000000DC
:0435EC0000000000DB
:0435ED0000000000DA
:0435EE0000000000D9
:0435EF0000000000D8
:0435F00000000000D7
:0435F10000000000D6
:0435F20000000000D5
:0435F30000000000D4
:0435F40000000000D3
:0435F50000000000D2
:0435F60000000000D1
:0435F70000000000D0
:0435F80000000000CF
:0435F90000000000CE
:0435FA0000000000CD
:0435FB0000000000CC
:0435FC0000000000CB
:0435FD0000000000CA
:0435FE0000000000C9
:0435FF0000000000C8
:0436000000000000C6
:0436010000000000C5
:0436020000000000C4
:0436030000000000C3
:0436040000000000C2
:0436050000000000C1
:0436060000000000C0
:0436070000000000BF
:0436080000000000BE
:0436090000000000BD
:04360A0000000000BC
:04360B0000000000BB
:04360C0000000000BA
:04360D0000000000B9
:04360E0000000000B8
:04360F0000000000B7
:0436100000000000B6
:0436110000000000B5
:0436120000000000B4
:0436130000000000B3
:0436140000000000B2
:0436150000000000B1
:0436160000000000B0
:0436170000000000AF
:0436180000000000AE
:0436190000000000AD
:04361A0000000000AC
:04361B0000000000AB
:04361C0000000000AA
:04361D0000000000A9
:04361E0000000000A8
:04361F0000000000A7
:0436200000000000A6
:0436210000000000A5
:0436220000000000A4
:0436230000000000A3
:0436240000000000A2
:0436250000000000A1
:0436260000000000A0
:04362700000000009F
:04362800000000009E
:04362900000000009D
:04362A00000000009C
:04362B00000000009B
:04362C00000000009A
:04362D000000000099
:04362E000000000098
:04362F000000000097
:043630000000000096
:043631000000000095
:043632000000000094
:043633000000000093
:043634000000000092
:043635000000000091
:043636000000000090
:04363700000000008F
:04363800000000008E
:04363900000000008D
:04363A00000000008C
:04363B00000000008B
:04363C00000000008A
:04363D000000000089
:04363E000000000088
:04363F000000000087
:043640000000000086
:043641000000000085
:043642000000000084
:043643000000000083
:043644000000000082
:043645000000000081
:043646000000000080
:04364700000000007F
:04364800000000007E
:04364900000000007D
:04364A00000000007C
:04364B00000000007B
:04364C00000000007A
:04364D000000000079
:04364E000000000078
:04364F000000000077
:043650000000000076
:043651000000000075
:043652000000000074
:043653000000000073
:043654000000000072
:043655000000000071
:043656000000000070
:04365700000000006F
:04365800000000006E
:04365900000000006D
:04365A00000000006C
:04365B00000000006B
:04365C00000000006A
:04365D000000000069
:04365E000000000068
:04365F000000000067
:043660000000000066
:043661000000000065
:043662000000000064
:043663000000000063
:043664000000000062
:043665000000000061
:043666000000000060
:04366700000000005F
:04366800000000005E
:04366900000000005D
:04366A00000000005C
:04366B00000000005B
:04366C00000000005A
:04366D000000000059
:04366E000000000058
:04366F000000000057
:043670000000000056
:043671000000000055
:043672000000000054
:043673000000000053
:043674000000000052
:043675000000000051
:043676000000000050
:04367700000000004F
:04367800000000004E
:04367900000000004D
:04367A00000000004C
:04367B00000000004B
:04367C00000000004A
:04367D000000000049
:04367E000000000048
:04367F000000000047
:043680000000000046
:043681000000000045
:043682000000000044
:043683000000000043
:043684000000000042
:043685000000000041
:043686000000000040
:04368700000000003F
:04368800000000003E
:04368900000000003D
:04368A00000000003C
:04368B00000000003B
:04368C00000000003A
:04368D000000000039
:04368E000000000038
:04368F000000000037
:043690000000000036
:043691000000000035
:043692000000000034
:043693000000000033
:043694000000000032
:043695000000000031
:043696000000000030
:04369700000000002F
:04369800000000002E
:04369900000000002D
:04369A00000000002C
:04369B00000000002B
:04369C00000000002A
:04369D000000000029
:04369E000000000028
:04369F000000000027
:0436A0000000000026
:0436A1000000000025
:0436A2000000000024
:0436A3000000000023
:0436A4000000000022
:0436A5000000000021
:0436A6000000000020
:0436A700000000001F
:0436A800000000001E
:0436A900000000001D
:0436AA00000000001C
:0436AB00000000001B
:0436AC00000000001A
:0436AD000000000019
:0436AE000000000018
:0436AF000000000017
:0436B0000000000016
:0436B1000000000015
:0436B2000000000014
:0436B3000000000013
:0436B4000000000012
:0436B5000000000011
:0436B6000000000010
:0436B700000000000F
:0436B800000000000E
:0436B900000000000D
:0436BA00000000000C
:0436BB00000000000B
:0436BC00000000000A
:0436BD000000000009
:0436BE000000000008
:0436BF000000000007
:0436C0000000000006
:0436C1000000000005
:0436C2000000000004
:0436C3000000000003
:0436C4000000000002
:0436C5000000000001
:0436C6000000000000
:0436C70000000000FF
:0436C80000000000FE
:0436C90000000000FD
:0436CA0000000000FC
:0436CB0000000000FB
:0436CC0000000000FA
:0436CD0000000000F9
:0436CE0000000000F8
:0436CF0000000000F7
:0436D00000000000F6
:0436D10000000000F5
:0436D20000000000F4
:0436D30000000000F3
:0436D40000000000F2
:0436D50000000000F1
:0436D60000000000F0
:0436D70000000000EF
:0436D80000000000EE
:0436D90000000000ED
:0436DA0000000000EC
:0436DB0000000000EB
:0436DC0000000000EA
:0436DD0000000000E9
:0436DE0000000000E8
:0436DF0000000000E7
:0436E00000000000E6
:0436E10000000000E5
:0436E20000000000E4
:0436E30000000000E3
:0436E40000000000E2
:0436E50000000000E1
:0436E60000000000E0
:0436E70000000000DF
:0436E80000000000DE
:0436E90000000000DD
:0436EA0000000000DC
:0436EB0000000000DB
:0436EC0000000000DA
:0436ED0000000000D9
:0436EE0000000000D8
:0436EF0000000000D7
:0436F00000000000D6
:0436F10000000000D5
:0436F20000000000D4
:0436F30000000000D3
:0436F40000000000D2
:0436F50000000000D1
:0436F60000000000D0
:0436F70000000000CF
:0436F80000000000CE
:0436F90000000000CD
:0436FA0000000000CC
:0436FB0000000000CB
:0436FC0000000000CA
:0436FD0000000000C9
:0436FE0000000000C8
:0436FF0000000000C7
:0437000000000000C5
:0437010000000000C4
:0437020000000000C3
:0437030000000000C2
:0437040000000000C1
:0437050000000000C0
:0437060000000000BF
:0437070000000000BE
:0437080000000000BD
:0437090000000000BC
:04370A0000000000BB
:04370B0000000000BA
:04370C0000000000B9
:04370D0000000000B8
:04370E0000000000B7
:04370F0000000000B6
:0437100000000000B5
:0437110000000000B4
:0437120000000000B3
:0437130000000000B2
:0437140000000000B1
:0437150000000000B0
:0437160000000000AF
:0437170000000000AE
:0437180000000000AD
:0437190000000000AC
:04371A0000000000AB
:04371B0000000000AA
:04371C0000000000A9
:04371D0000000000A8
:04371E0000000000A7
:04371F0000000000A6
:0437200000000000A5
:0437210000000000A4
:0437220000000000A3
:0437230000000000A2
:0437240000000000A1
:0437250000000000A0
:04372600000000009F
:04372700000000009E
:04372800000000009D
:04372900000000009C
:04372A00000000009B
:04372B00000000009A
:04372C000000000099
:04372D000000000098
:04372E000000000097
:04372F000000000096
:043730000000000095
:043731000000000094
:043732000000000093
:043733000000000092
:043734000000000091
:043735000000000090
:04373600000000008F
:04373700000000008E
:04373800000000008D
:04373900000000008C
:04373A00000000008B
:04373B00000000008A
:04373C000000000089
:04373D000000000088
:04373E000000000087
:04373F000000000086
:043740000000000085
:043741000000000084
:043742000000000083
:043743000000000082
:043744000000000081
:043745000000000080
:04374600000000007F
:04374700000000007E
:04374800000000007D
:04374900000000007C
:04374A00000000007B
:04374B00000000007A
:04374C000000000079
:04374D000000000078
:04374E000000000077
:04374F000000000076
:043750000000000075
:043751000000000074
:043752000000000073
:043753000000000072
:043754000000000071
:043755000000000070
:04375600000000006F
:04375700000000006E
:04375800000000006D
:04375900000000006C
:04375A00000000006B
:04375B00000000006A
:04375C000000000069
:04375D000000000068
:04375E000000000067
:04375F000000000066
:043760000000000065
:043761000000000064
:043762000000000063
:043763000000000062
:043764000000000061
:043765000000000060
:04376600000000005F
:04376700000000005E
:04376800000000005D
:04376900000000005C
:04376A00000000005B
:04376B00000000005A
:04376C000000000059
:04376D000000000058
:04376E000000000057
:04376F000000000056
:043770000000000055
:043771000000000054
:043772000000000053
:043773000000000052
:043774000000000051
:043775000000000050
:04377600000000004F
:04377700000000004E
:04377800000000004D
:04377900000000004C
:04377A00000000004B
:04377B00000000004A
:04377C000000000049
:04377D000000000048
:04377E000000000047
:04377F000000000046
:043780000000000045
:043781000000000044
:043782000000000043
:043783000000000042
:043784000000000041
:043785000000000040
:04378600000000003F
:04378700000000003E
:04378800000000003D
:04378900000000003C
:04378A00000000003B
:04378B00000000003A
:04378C000000000039
:04378D000000000038
:04378E000000000037
:04378F000000000036
:043790000000000035
:043791000000000034
:043792000000000033
:043793000000000032
:043794000000000031
:043795000000000030
:04379600000000002F
:04379700000000002E
:04379800000000002D
:04379900000000002C
:04379A00000000002B
:04379B00000000002A
:04379C000000000029
:04379D000000000028
:04379E000000000027
:04379F000000000026
:0437A0000000000025
:0437A1000000000024
:0437A2000000000023
:0437A3000000000022
:0437A4000000000021
:0437A5000000000020
:0437A600000000001F
:0437A700000000001E
:0437A800000000001D
:0437A900000000001C
:0437AA00000000001B
:0437AB00000000001A
:0437AC000000000019
:0437AD000000000018
:0437AE000000000017
:0437AF000000000016
:0437B0000000000015
:0437B1000000000014
:0437B2000000000013
:0437B3000000000012
:0437B4000000000011
:0437B5000000000010
:0437B600000000000F
:0437B700000000000E
:0437B800000000000D
:0437B900000000000C
:0437BA00000000000B
:0437BB00000000000A
:0437BC000000000009
:0437BD000000000008
:0437BE000000000007
:0437BF000000000006
:0437C0000000000005
:0437C1000000000004
:0437C2000000000003
:0437C3000000000002
:0437C4000000000001
:0437C5000000000000
:0437C60000000000FF
:0437C70000000000FE
:0437C80000000000FD
:0437C90000000000FC
:0437CA0000000000FB
:0437CB0000000000FA
:0437CC0000000000F9
:0437CD0000000000F8
:0437CE0000000000F7
:0437CF0000000000F6
:0437D00000000000F5
:0437D10000000000F4
:0437D20000000000F3
:0437D30000000000F2
:0437D40000000000F1
:0437D50000000000F0
:0437D60000000000EF
:0437D70000000000EE
:0437D80000000000ED
:0437D90000000000EC
:0437DA0000000000EB
:0437DB0000000000EA
:0437DC0000000000E9
:0437DD0000000000E8
:0437DE0000000000E7
:0437DF0000000000E6
:0437E00000000000E5
:0437E10000000000E4
:0437E20000000000E3
:0437E30000000000E2
:0437E40000000000E1
:0437E50000000000E0
:0437E60000000000DF
:0437E70000000000DE
:0437E80000000000DD
:0437E90000000000DC
:0437EA0000000000DB
:0437EB0000000000DA
:0437EC0000000000D9
:0437ED0000000000D8
:0437EE0000000000D7
:0437EF0000000000D6
:0437F00000000000D5
:0437F10000000000D4
:0437F20000000000D3
:0437F30000000000D2
:0437F40000000000D1
:0437F50000000000D0
:0437F60000000000CF
:0437F70000000000CE
:0437F80000000000CD
:0437F90000000000CC
:0437FA0000000000CB
:0437FB0000000000CA
:0437FC0000000000C9
:0437FD0000000000C8
:0437FE0000000000C7
:0437FF0000000000C6
:0438000000000000C4
:0438010000000000C3
:0438020000000000C2
:0438030000000000C1
:0438040000000000C0
:0438050000000000BF
:0438060000000000BE
:0438070000000000BD
:0438080000000000BC
:0438090000000000BB
:04380A0000000000BA
:04380B0000000000B9
:04380C0000000000B8
:04380D0000000000B7
:04380E0000000000B6
:04380F0000000000B5
:0438100000000000B4
:0438110000000000B3
:0438120000000000B2
:0438130000000000B1
:0438140000000000B0
:0438150000000000AF
:0438160000000000AE
:0438170000000000AD
:0438180000000000AC
:0438190000000000AB
:04381A0000000000AA
:04381B0000000000A9
:04381C0000000000A8
:04381D0000000000A7
:04381E0000000000A6
:04381F0000000000A5
:0438200000000000A4
:0438210000000000A3
:0438220000000000A2
:0438230000000000A1
:0438240000000000A0
:04382500000000009F
:04382600000000009E
:04382700000000009D
:04382800000000009C
:04382900000000009B
:04382A00000000009A
:04382B000000000099
:04382C000000000098
:04382D000000000097
:04382E000000000096
:04382F000000000095
:043830000000000094
:043831000000000093
:043832000000000092
:043833000000000091
:043834000000000090
:04383500000000008F
:04383600000000008E
:04383700000000008D
:04383800000000008C
:04383900000000008B
:04383A00000000008A
:04383B000000000089
:04383C000000000088
:04383D000000000087
:04383E000000000086
:04383F000000000085
:043840000000000084
:043841000000000083
:043842000000000082
:043843000000000081
:043844000000000080
:04384500000000007F
:04384600000000007E
:04384700000000007D
:04384800000000007C
:04384900000000007B
:04384A00000000007A
:04384B000000000079
:04384C000000000078
:04384D000000000077
:04384E000000000076
:04384F000000000075
:043850000000000074
:043851000000000073
:043852000000000072
:043853000000000071
:043854000000000070
:04385500000000006F
:04385600000000006E
:04385700000000006D
:04385800000000006C
:04385900000000006B
:04385A00000000006A
:04385B000000000069
:04385C000000000068
:04385D000000000067
:04385E000000000066
:04385F000000000065
:043860000000000064
:043861000000000063
:043862000000000062
:043863000000000061
:043864000000000060
:04386500000000005F
:04386600000000005E
:04386700000000005D
:04386800000000005C
:04386900000000005B
:04386A00000000005A
:04386B000000000059
:04386C000000000058
:04386D000000000057
:04386E000000000056
:04386F000000000055
:043870000000000054
:043871000000000053
:043872000000000052
:043873000000000051
:043874000000000050
:04387500000000004F
:04387600000000004E
:04387700000000004D
:04387800000000004C
:04387900000000004B
:04387A00000000004A
:04387B000000000049
:04387C000000000048
:04387D000000000047
:04387E000000000046
:04387F000000000045
:043880000000000044
:043881000000000043
:043882000000000042
:043883000000000041
:043884000000000040
:04388500000000003F
:04388600000000003E
:04388700000000003D
:04388800000000003C
:04388900000000003B
:04388A00000000003A
:04388B000000000039
:04388C000000000038
:04388D000000000037
:04388E000000000036
:04388F000000000035
:043890000000000034
:043891000000000033
:043892000000000032
:043893000000000031
:043894000000000030
:04389500000000002F
:04389600000000002E
:04389700000000002D
:04389800000000002C
:04389900000000002B
:04389A00000000002A
:04389B000000000029
:04389C000000000028
:04389D000000000027
:04389E000000000026
:04389F000000000025
:0438A0000000000024
:0438A1000000000023
:0438A2000000000022
:0438A3000000000021
:0438A4000000000020
:0438A500000000001F
:0438A600000000001E
:0438A700000000001D
:0438A800000000001C
:0438A900000000001B
:0438AA00000000001A
:0438AB000000000019
:0438AC000000000018
:0438AD000000000017
:0438AE000000000016
:0438AF000000000015
:0438B0000000000014
:0438B1000000000013
:0438B2000000000012
:0438B3000000000011
:0438B4000000000010
:0438B500000000000F
:0438B600000000000E
:0438B700000000000D
:0438B800000000000C
:0438B900000000000B
:0438BA00000000000A
:0438BB000000000009
:0438BC000000000008
:0438BD000000000007
:0438BE000000000006
:0438BF000000000005
:0438C0000000000004
:0438C1000000000003
:0438C2000000000002
:0438C3000000000001
:0438C4000000000000
:0438C50000000000FF
:0438C60000000000FE
:0438C70000000000FD
:0438C80000000000FC
:0438C90000000000FB
:0438CA0000000000FA
:0438CB0000000000F9
:0438CC0000000000F8
:0438CD0000000000F7
:0438CE0000000000F6
:0438CF0000000000F5
:0438D00000000000F4
:0438D10000000000F3
:0438D20000000000F2
:0438D30000000000F1
:0438D40000000000F0
:0438D50000000000EF
:0438D60000000000EE
:0438D70000000000ED
:0438D80000000000EC
:0438D90000000000EB
:0438DA0000000000EA
:0438DB0000000000E9
:0438DC0000000000E8
:0438DD0000000000E7
:0438DE0000000000E6
:0438DF0000000000E5
:0438E00000000000E4
:0438E10000000000E3
:0438E20000000000E2
:0438E30000000000E1
:0438E40000000000E0
:0438E50000000000DF
:0438E60000000000DE
:0438E70000000000DD
:0438E80000000000DC
:0438E90000000000DB
:0438EA0000000000DA
:0438EB0000000000D9
:0438EC0000000000D8
:0438ED0000000000D7
:0438EE0000000000D6
:0438EF0000000000D5
:0438F00000000000D4
:0438F10000000000D3
:0438F20000000000D2
:0438F30000000000D1
:0438F40000000000D0
:0438F50000000000CF
:0438F60000000000CE
:0438F70000000000CD
:0438F80000000000CC
:0438F90000000000CB
:0438FA0000000000CA
:0438FB0000000000C9
:0438FC0000000000C8
:0438FD0000000000C7
:0438FE0000000000C6
:0438FF0000000000C5
:0439000000000000C3
:0439010000000000C2
:0439020000000000C1
:0439030000000000C0
:0439040000000000BF
:0439050000000000BE
:0439060000000000BD
:0439070000000000BC
:0439080000000000BB
:0439090000000000BA
:04390A0000000000B9
:04390B0000000000B8
:04390C0000000000B7
:04390D0000000000B6
:04390E0000000000B5
:04390F0000000000B4
:0439100000000000B3
:0439110000000000B2
:0439120000000000B1
:0439130000000000B0
:0439140000000000AF
:0439150000000000AE
:0439160000000000AD
:0439170000000000AC
:0439180000000000AB
:0439190000000000AA
:04391A0000000000A9
:04391B0000000000A8
:04391C0000000000A7
:04391D0000000000A6
:04391E0000000000A5
:04391F0000000000A4
:0439200000000000A3
:0439210000000000A2
:0439220000000000A1
:0439230000000000A0
:04392400000000009F
:04392500000000009E
:04392600000000009D
:04392700000000009C
:04392800000000009B
:04392900000000009A
:04392A000000000099
:04392B000000000098
:04392C000000000097
:04392D000000000096
:04392E000000000095
:04392F000000000094
:043930000000000093
:043931000000000092
:043932000000000091
:043933000000000090
:04393400000000008F
:04393500000000008E
:04393600000000008D
:04393700000000008C
:04393800000000008B
:04393900000000008A
:04393A000000000089
:04393B000000000088
:04393C000000000087
:04393D000000000086
:04393E000000000085
:04393F000000000084
:043940000000000083
:043941000000000082
:043942000000000081
:043943000000000080
:04394400000000007F
:04394500000000007E
:04394600000000007D
:04394700000000007C
:04394800000000007B
:04394900000000007A
:04394A000000000079
:04394B000000000078
:04394C000000000077
:04394D000000000076
:04394E000000000075
:04394F000000000074
:043950000000000073
:043951000000000072
:043952000000000071
:043953000000000070
:04395400000000006F
:04395500000000006E
:04395600000000006D
:04395700000000006C
:04395800000000006B
:04395900000000006A
:04395A000000000069
:04395B000000000068
:04395C000000000067
:04395D000000000066
:04395E000000000065
:04395F000000000064
:043960000000000063
:043961000000000062
:043962000000000061
:043963000000000060
:04396400000000005F
:04396500000000005E
:04396600000000005D
:04396700000000005C
:04396800000000005B
:04396900000000005A
:04396A000000000059
:04396B000000000058
:04396C000000000057
:04396D000000000056
:04396E000000000055
:04396F000000000054
:043970000000000053
:043971000000000052
:043972000000000051
:043973000000000050
:04397400000000004F
:04397500000000004E
:04397600000000004D
:04397700000000004C
:04397800000000004B
:04397900000000004A
:04397A000000000049
:04397B000000000048
:04397C000000000047
:04397D000000000046
:04397E000000000045
:04397F000000000044
:043980000000000043
:043981000000000042
:043982000000000041
:043983000000000040
:04398400000000003F
:04398500000000003E
:04398600000000003D
:04398700000000003C
:04398800000000003B
:04398900000000003A
:04398A000000000039
:04398B000000000038
:04398C000000000037
:04398D000000000036
:04398E000000000035
:04398F000000000034
:043990000000000033
:043991000000000032
:043992000000000031
:043993000000000030
:04399400000000002F
:04399500000000002E
:04399600000000002D
:04399700000000002C
:04399800000000002B
:04399900000000002A
:04399A000000000029
:04399B000000000028
:04399C000000000027
:04399D000000000026
:04399E000000000025
:04399F000000000024
:0439A0000000000023
:0439A1000000000022
:0439A2000000000021
:0439A3000000000020
:0439A400000000001F
:0439A500000000001E
:0439A600000000001D
:0439A700000000001C
:0439A800000000001B
:0439A900000000001A
:0439AA000000000019
:0439AB000000000018
:0439AC000000000017
:0439AD000000000016
:0439AE000000000015
:0439AF000000000014
:0439B0000000000013
:0439B1000000000012
:0439B2000000000011
:0439B3000000000010
:0439B400000000000F
:0439B500000000000E
:0439B600000000000D
:0439B700000000000C
:0439B800000000000B
:0439B900000000000A
:0439BA000000000009
:0439BB000000000008
:0439BC000000000007
:0439BD000000000006
:0439BE000000000005
:0439BF000000000004
:0439C0000000000003
:0439C1000000000002
:0439C2000000000001
:0439C3000000000000
:0439C40000000000FF
:0439C50000000000FE
:0439C60000000000FD
:0439C70000000000FC
:0439C80000000000FB
:0439C90000000000FA
:0439CA0000000000F9
:0439CB0000000000F8
:0439CC0000000000F7
:0439CD0000000000F6
:0439CE0000000000F5
:0439CF0000000000F4
:0439D00000000000F3
:0439D10000000000F2
:0439D20000000000F1
:0439D30000000000F0
:0439D40000000000EF
:0439D50000000000EE
:0439D60000000000ED
:0439D70000000000EC
:0439D80000000000EB
:0439D90000000000EA
:0439DA0000000000E9
:0439DB0000000000E8
:0439DC0000000000E7
:0439DD0000000000E6
:0439DE0000000000E5
:0439DF0000000000E4
:0439E00000000000E3
:0439E10000000000E2
:0439E20000000000E1
:0439E30000000000E0
:0439E40000000000DF
:0439E50000000000DE
:0439E60000000000DD
:0439E70000000000DC
:0439E80000000000DB
:0439E90000000000DA
:0439EA0000000000D9
:0439EB0000000000D8
:0439EC0000000000D7
:0439ED0000000000D6
:0439EE0000000000D5
:0439EF0000000000D4
:0439F00000000000D3
:0439F10000000000D2
:0439F20000000000D1
:0439F30000000000D0
:0439F40000000000CF
:0439F50000000000CE
:0439F60000000000CD
:0439F70000000000CC
:0439F80000000000CB
:0439F90000000000CA
:0439FA0000000000C9
:0439FB0000000000C8
:0439FC0000000000C7
:0439FD0000000000C6
:0439FE0000000000C5
:0439FF0000000000C4
:043A000000000000C2
:043A010000000000C1
:043A020000000000C0
:043A030000000000BF
:043A040000000000BE
:043A050000000000BD
:043A060000000000BC
:043A070000000000BB
:043A080000000000BA
:043A090000000000B9
:043A0A0000000000B8
:043A0B0000000000B7
:043A0C0000000000B6
:043A0D0000000000B5
:043A0E0000000000B4
:043A0F0000000000B3
:043A100000000000B2
:043A110000000000B1
:043A120000000000B0
:043A130000000000AF
:043A140000000000AE
:043A150000000000AD
:043A160000000000AC
:043A170000000000AB
:043A180000000000AA
:043A190000000000A9
:043A1A0000000000A8
:043A1B0000000000A7
:043A1C0000000000A6
:043A1D0000000000A5
:043A1E0000000000A4
:043A1F0000000000A3
:043A200000000000A2
:043A210000000000A1
:043A220000000000A0
:043A2300000000009F
:043A2400000000009E
:043A2500000000009D
:043A2600000000009C
:043A2700000000009B
:043A2800000000009A
:043A29000000000099
:043A2A000000000098
:043A2B000000000097
:043A2C000000000096
:043A2D000000000095
:043A2E000000000094
:043A2F000000000093
:043A30000000000092
:043A31000000000091
:043A32000000000090
:043A3300000000008F
:043A3400000000008E
:043A3500000000008D
:043A3600000000008C
:043A3700000000008B
:043A3800000000008A
:043A39000000000089
:043A3A000000000088
:043A3B000000000087
:043A3C000000000086
:043A3D000000000085
:043A3E000000000084
:043A3F000000000083
:043A40000000000082
:043A41000000000081
:043A42000000000080
:043A4300000000007F
:043A4400000000007E
:043A4500000000007D
:043A4600000000007C
:043A4700000000007B
:043A4800000000007A
:043A49000000000079
:043A4A000000000078
:043A4B000000000077
:043A4C000000000076
:043A4D000000000075
:043A4E000000000074
:043A4F000000000073
:043A50000000000072
:043A51000000000071
:043A52000000000070
:043A5300000000006F
:043A5400000000006E
:043A5500000000006D
:043A5600000000006C
:043A5700000000006B
:043A5800000000006A
:043A59000000000069
:043A5A000000000068
:043A5B000000000067
:043A5C000000000066
:043A5D000000000065
:043A5E000000000064
:043A5F000000000063
:043A60000000000062
:043A61000000000061
:043A62000000000060
:043A6300000000005F
:043A6400000000005E
:043A6500000000005D
:043A6600000000005C
:043A6700000000005B
:043A6800000000005A
:043A69000000000059
:043A6A000000000058
:043A6B000000000057
:043A6C000000000056
:043A6D000000000055
:043A6E000000000054
:043A6F000000000053
:043A70000000000052
:043A71000000000051
:043A72000000000050
:043A7300000000004F
:043A7400000000004E
:043A7500000000004D
:043A7600000000004C
:043A7700000000004B
:043A7800000000004A
:043A79000000000049
:043A7A000000000048
:043A7B000000000047
:043A7C000000000046
:043A7D000000000045
:043A7E000000000044
:043A7F000000000043
:043A80000000000042
:043A81000000000041
:043A82000000000040
:043A8300000000003F
:043A8400000000003E
:043A8500000000003D
:043A8600000000003C
:043A8700000000003B
:043A8800000000003A
:043A89000000000039
:043A8A000000000038
:043A8B000000000037
:043A8C000000000036
:043A8D000000000035
:043A8E000000000034
:043A8F000000000033
:043A90000000000032
:043A91000000000031
:043A92000000000030
:043A9300000000002F
:043A9400000000002E
:043A9500000000002D
:043A9600000000002C
:043A9700000000002B
:043A9800000000002A
:043A99000000000029
:043A9A000000000028
:043A9B000000000027
:043A9C000000000026
:043A9D000000000025
:043A9E000000000024
:043A9F000000000023
:043AA0000000000022
:043AA1000000000021
:043AA2000000000020
:043AA300000000001F
:043AA400000000001E
:043AA500000000001D
:043AA600000000001C
:043AA700000000001B
:043AA800000000001A
:043AA9000000000019
:043AAA000000000018
:043AAB000000000017
:043AAC000000000016
:043AAD000000000015
:043AAE000000000014
:043AAF000000000013
:043AB0000000000012
:043AB1000000000011
:043AB2000000000010
:043AB300000000000F
:043AB400000000000E
:043AB500000000000D
:043AB600000000000C
:043AB700000000000B
:043AB800000000000A
:043AB9000000000009
:043ABA000000000008
:043ABB000000000007
:043ABC000000000006
:043ABD000000000005
:043ABE000000000004
:043ABF000000000003
:043AC0000000000002
:043AC1000000000001
:043AC2000000000000
:043AC30000000000FF
:043AC40000000000FE
:043AC50000000000FD
:043AC60000000000FC
:043AC70000000000FB
:043AC80000000000FA
:043AC90000000000F9
:043ACA0000000000F8
:043ACB0000000000F7
:043ACC0000000000F6
:043ACD0000000000F5
:043ACE0000000000F4
:043ACF0000000000F3
:043AD00000000000F2
:043AD10000000000F1
:043AD20000000000F0
:043AD30000000000EF
:043AD40000000000EE
:043AD50000000000ED
:043AD60000000000EC
:043AD70000000000EB
:043AD80000000000EA
:043AD90000000000E9
:043ADA0000000000E8
:043ADB0000000000E7
:043ADC0000000000E6
:043ADD0000000000E5
:043ADE0000000000E4
:043ADF0000000000E3
:043AE00000000000E2
:043AE10000000000E1
:043AE20000000000E0
:043AE30000000000DF
:043AE40000000000DE
:043AE50000000000DD
:043AE60000000000DC
:043AE70000000000DB
:043AE80000000000DA
:043AE90000000000D9
:043AEA0000000000D8
:043AEB0000000000D7
:043AEC0000000000D6
:043AED0000000000D5
:043AEE0000000000D4
:043AEF0000000000D3
:043AF00000000000D2
:043AF10000000000D1
:043AF20000000000D0
:043AF30000000000CF
:043AF40000000000CE
:043AF50000000000CD
:043AF60000000000CC
:043AF70000000000CB
:043AF80000000000CA
:043AF90000000000C9
:043AFA0000000000C8
:043AFB0000000000C7
:043AFC0000000000C6
:043AFD0000000000C5
:043AFE0000000000C4
:043AFF0000000000C3
:043B000000000000C1
:043B010000000000C0
:043B020000000000BF
:043B030000000000BE
:043B040000000000BD
:043B050000000000BC
:043B060000000000BB
:043B070000000000BA
:043B080000000000B9
:043B090000000000B8
:043B0A0000000000B7
:043B0B0000000000B6
:043B0C0000000000B5
:043B0D0000000000B4
:043B0E0000000000B3
:043B0F0000000000B2
:043B100000000000B1
:043B110000000000B0
:043B120000000000AF
:043B130000000000AE
:043B140000000000AD
:043B150000000000AC
:043B160000000000AB
:043B170000000000AA
:043B180000000000A9
:043B190000000000A8
:043B1A0000000000A7
:043B1B0000000000A6
:043B1C0000000000A5
:043B1D0000000000A4
:043B1E0000000000A3
:043B1F0000000000A2
:043B200000000000A1
:043B210000000000A0
:043B2200000000009F
:043B2300000000009E
:043B2400000000009D
:043B2500000000009C
:043B2600000000009B
:043B2700000000009A
:043B28000000000099
:043B29000000000098
:043B2A000000000097
:043B2B000000000096
:043B2C000000000095
:043B2D000000000094
:043B2E000000000093
:043B2F000000000092
:043B30000000000091
:043B31000000000090
:043B3200000000008F
:043B3300000000008E
:043B3400000000008D
:043B3500000000008C
:043B3600000000008B
:043B3700000000008A
:043B38000000000089
:043B39000000000088
:043B3A000000000087
:043B3B000000000086
:043B3C000000000085
:043B3D000000000084
:043B3E000000000083
:043B3F000000000082
:043B40000000000081
:043B41000000000080
:043B4200000000007F
:043B4300000000007E
:043B4400000000007D
:043B4500000000007C
:043B4600000000007B
:043B4700000000007A
:043B48000000000079
:043B49000000000078
:043B4A000000000077
:043B4B000000000076
:043B4C000000000075
:043B4D000000000074
:043B4E000000000073
:043B4F000000000072
:043B50000000000071
:043B51000000000070
:043B5200000000006F
:043B5300000000006E
:043B5400000000006D
:043B5500000000006C
:043B5600000000006B
:043B5700000000006A
:043B58000000000069
:043B59000000000068
:043B5A000000000067
:043B5B000000000066
:043B5C000000000065
:043B5D000000000064
:043B5E000000000063
:043B5F000000000062
:043B60000000000061
:043B61000000000060
:043B6200000000005F
:043B6300000000005E
:043B6400000000005D
:043B6500000000005C
:043B6600000000005B
:043B6700000000005A
:043B68000000000059
:043B69000000000058
:043B6A000000000057
:043B6B000000000056
:043B6C000000000055
:043B6D000000000054
:043B6E000000000053
:043B6F000000000052
:043B70000000000051
:043B71000000000050
:043B7200000000004F
:043B7300000000004E
:043B7400000000004D
:043B7500000000004C
:043B7600000000004B
:043B7700000000004A
:043B78000000000049
:043B79000000000048
:043B7A000000000047
:043B7B000000000046
:043B7C000000000045
:043B7D000000000044
:043B7E000000000043
:043B7F000000000042
:043B80000000000041
:043B81000000000040
:043B8200000000003F
:043B8300000000003E
:043B8400000000003D
:043B8500000000003C
:043B8600000000003B
:043B8700000000003A
:043B88000000000039
:043B89000000000038
:043B8A000000000037
:043B8B000000000036
:043B8C000000000035
:043B8D000000000034
:043B8E000000000033
:043B8F000000000032
:043B90000000000031
:043B91000000000030
:043B9200000000002F
:043B9300000000002E
:043B9400000000002D
:043B9500000000002C
:043B9600000000002B
:043B9700000000002A
:043B98000000000029
:043B99000000000028
:043B9A000000000027
:043B9B000000000026
:043B9C000000000025
:043B9D000000000024
:043B9E000000000023
:043B9F000000000022
:043BA0000000000021
:043BA1000000000020
:043BA200000000001F
:043BA300000000001E
:043BA400000000001D
:043BA500000000001C
:043BA600000000001B
:043BA700000000001A
:043BA8000000000019
:043BA9000000000018
:043BAA000000000017
:043BAB000000000016
:043BAC000000000015
:043BAD000000000014
:043BAE000000000013
:043BAF000000000012
:043BB0000000000011
:043BB1000000000010
:043BB200000000000F
:043BB300000000000E
:043BB400000000000D
:043BB500000000000C
:043BB600000000000B
:043BB700000000000A
:043BB8000000000009
:043BB9000000000008
:043BBA000000000007
:043BBB000000000006
:043BBC000000000005
:043BBD000000000004
:043BBE000000000003
:043BBF000000000002
:043BC0000000000001
:043BC1000000000000
:043BC20000000000FF
:043BC30000000000FE
:043BC40000000000FD
:043BC50000000000FC
:043BC60000000000FB
:043BC70000000000FA
:043BC80000000000F9
:043BC90000000000F8
:043BCA0000000000F7
:043BCB0000000000F6
:043BCC0000000000F5
:043BCD0000000000F4
:043BCE0000000000F3
:043BCF0000000000F2
:043BD00000000000F1
:043BD10000000000F0
:043BD20000000000EF
:043BD30000000000EE
:043BD40000000000ED
:043BD50000000000EC
:043BD60000000000EB
:043BD70000000000EA
:043BD80000000000E9
:043BD90000000000E8
:043BDA0000000000E7
:043BDB0000000000E6
:043BDC0000000000E5
:043BDD0000000000E4
:043BDE0000000000E3
:043BDF0000000000E2
:043BE00000000000E1
:043BE10000000000E0
:043BE20000000000DF
:043BE30000000000DE
:043BE40000000000DD
:043BE50000000000DC
:043BE60000000000DB
:043BE70000000000DA
:043BE80000000000D9
:043BE90000000000D8
:043BEA0000000000D7
:043BEB0000000000D6
:043BEC0000000000D5
:043BED0000000000D4
:043BEE0000000000D3
:043BEF0000000000D2
:043BF00000000000D1
:043BF10000000000D0
:043BF20000000000CF
:043BF30000000000CE
:043BF40000000000CD
:043BF50000000000CC
:043BF60000000000CB
:043BF70000000000CA
:043BF80000000000C9
:043BF90000000000C8
:043BFA0000000000C7
:043BFB0000000000C6
:043BFC0000000000C5
:043BFD0000000000C4
:043BFE0000000000C3
:043BFF0000000000C2
:00000001FF
