bebebe
bfbfbf
bfbfbf
bfbfbf
bebebe
bcbcbc
bbbbbb
bbbbbb
bbbbbb
bdbdbd
c3c3c3
c6c6c6
c7c7c7
c7c7c7
c6c6c6
c9c9c9
cdcdcd
cecece
cbcbcb
c8c8c8
c5c5c5
c8c8c8
cccccc
cccccc
c5c5c5
babcbc
b4b6b6
b4b7b7
b8bdbc
bcc1c0
b9bebd
b6bbba
b4bab9
b6bcbb
bac0bf
bbc3c2
bac2c1
bbc3c2
bdc5c4
c2cac9
cdd2d5
cfd4d7
cdd2d5
c9ced1
c5cacd
c2c7ca
c3c8cb
c2c7ca
bec3c6
b9bec1
b5babd
b5babd
b7bcbf
bbc0c3
bec3c6
bdc2c5
bbc0c3
bdc2c5
c1c7c9
c8cdce
d1d3d4
cfd1d1
cbcdcd
c8caca
c5c7c7
c2c4c4
c1c3c3
c0c2c2
bec0c0
bdbfbf
babcbc
bcbebe
bec0c0
bfc1c1
c1c3c3
c6c8c8
ced0d0
d5d7d7
dbdddd
dcdede
d5d5d5
d0d0d0
cacaca
c5c5c5
c1c1c1
bdbdbd
bbbbbb
bababa
bababa
bababa
bcbcbc
bbbbbb
bbbbbb
bdbdbd
c2c2c2
c8c8c8
cecece
d2d2d2
d5d5d5
d5d5d5
cbcbcb
c7c7c7
c3c3c3
c0c0c0
bebebe
bebebe
bfbfbf
bfbfbf
bdbdbd
bcbcbc
c2c2c2
c6c6c6
cbcbcb
d2d2d2
d9d9d9
dedede
dfdfdf
dedede
dcdcdc
dadada
d5d5d5
cfcfcf
cacaca
c8c8c8
cacaca
cbcbcb
c9c9c9
c7c7c7
c8c8c8
c9c9c9
c7c7c7
c9c9c9
cacaca
c8c8c8
c9c9c9
d1d1d1
dcdcdc
e3e3e3
e3e3e3
dfdfdf
dedfdd
dbdcda
d8d9d7
d6d7d5
d5d6d4
d1d2d0
cdcecc
cacbc9
c9cac8
cccdcb
d2d3d1
d8d9d7
dedfdd
e2e3e1
e2e3e1
e0e1df
dedfdd
dfe0de
e1e2e0
e3e4e2
e1e2e0
dbdcda
d2d3d1
cacbc9
c6c7c5
c5c6c4
c7c8c6
cacbc9
cccdcb
cfd0ce
dbdcda
e2e3e1
e8e9e7
eaebe9
e7e8e6
e2e3e1
dfe0de
dbdcda
d6d7d5
d1d2d0
d0d0d0
cdcdcd
c9c9c9
c7c7c7
cbcbcb
d1d1d1
d9d9d9
dddddd
dfdfdf
e0e0e0
e3e3e3
e7e7e7
eaeaea
ededed
ededed
e9e9e9
e2e2e2
dcdcdc
d6d6d6
d3d3d3
d8d6d6
dedcdc
e3e1e1
e5e3e3
e2e0e0
dedcdc
dcdada
dbd9d9
dbd9d9
dad8d8
dddbdb
d3d1d1
cfcdcd
d5d3d3
e0dede
e5e3e3
e8e6e6
eae8e8
e8e6e6
e0dfdf
d0cfcf
c8c8c8
c3c3c3
c3c3c3
cacaca
d4d4d4
dadada
dcdcdc
dcdcdc
dddddd
dadada
dbdbdb
dfdfdf
e5e5e5
e9e9e9
e5e5e5
dbdbdb
d1d1d1
cbcbcb
cccccc
d9d9d9
dddddd
dfdfdf
e0e0e0
dcdcdc
d7d7d7
d0d0d0
cccccc
cbcbcb
c9c9c9
c4c4c4
c6c6c6
c9c9c9
c9c9c9
c5c5c5
bebebe
b8b8b8
b4b4b4
b6b6b6
b9b9b9
bfbfbf
c3c3c3
c6c6c6
c9c9c9
cacaca
c8c8c8
c3c3c3
bdbdbd
b8b8b8
b3b3b3
adadad
b6b6b6
bfbfbf
c3c3c3
c1c1c1
bcbcbc
b7b7b7
b4b4b4
b2b2b2
b3b3b3
bcbcbc
c0c0c0
c3c3c3
c2c2c2
bebebe
b7b7b7
b3b3b3
b2b2b2
b4b4b4
b7b7b7
bababa
bebebe
bfbfbf
bcbcbc
b4b4b4
aeaeae
b1b1b1
b9b9b9
c4c4c4
cacaca
bfbfbf
c0c0c0
c2c2c2
c1c1c1
bebebe
bfbfbf
c3c3c3
c7c7c7
c8c8c8
c8c8c8
c1c1c1
c1c1c1
c2c2c2
c5c5c5
c8c8c8
cbcbcb
cbcbcb
c8c8c8
c5c5c5
c2c2c2
c3c3c3
c3c3c3
c3c3c3
c4c4c4
c6c6c6
c9c9c9
cacaca
cacaca
c9c9c9
c7c7c7
c2c2c2
c0c0c0
c0c0c0
c1c1c1
c3c3c3
c5c5c5
c4c4c4
c3c3c3
c5c5c5
c7c7c7
c1c3c3
c4c6c6
c7c9c9
c8caca
c7c9c9
c4c6c6
c4c6c6
c5c7c7
c8caca
cbcdcd
cdcfcf
d1d3d3
d2d4d4
cccece
c1c3c3
bcbebe
bdbfbf
bfc1c1
bec0c0
babcbc
bfc0c0
c2c2c2
c5c5c5
c8c8c8
cacaca
cbcbcb
cccccc
cdcdcd
cdcdcd
cecece
d1d1d1
cfcfcf
cecece
cfcfcf
d0d0d0
cfcfcf
cbcbcb
c8c8c8
c7c7c7
c9c9c9
cecece
cccccc
d1d1d1
dbdbdb
e4e4e4
e5e5e5
e6e6e6
e4e4e4
dcdcdc
d2d2d2
cdcdcd
c8c8c8
c3c3c3
c0c0c0
bfbfbf
c2c2c2
c6c6c6
cacaca
cdcdcd
cfcfcf
d6d6d6
d8d8d8
d9d9d9
dbdbdb
dddddd
dedede
dbdbdb
d5d5d5
cdcdcd
c8c8c8
c6c6c6
c5c5c5
c5c5c5
c5c5c5
c6c6c6
c8c8c8
cacaca
cacaca
cacaca
cacaca
cccccc
cecece
d4d4d4
dadada
dfdfdf
e0e0e0
dbdbdb
d2d2d2
c9c9c9
c1c1c1
b8b8b8
bababa
bfbfbf
c2c2c2
c4c4c4
c5c5c5
c6c6c6
c8c8c8
cbcbcb
cdcdcd
cecece
cecece
cbcbcb
cacaca
cbcbcb
d0d0d0
d4d4d4
d1d1d1
c9c9c9
bfbfbf
bababa
bdbdbd
c2c2c2
c4c4c4
c5c5c5
c9c9c9
cdcdcd
d1d1d1
d2d2d2
d2d2d2
cbcbcb
c8c8c8
c6c6c6
c5c5c5
c8c8c8
cdcdcd
cecece
cacaca
c5c5c5
c0c0c0
bbbbbb
bbbbbb
bababa
bababa
bdbdbd
c4c4c4
cdcdcd
d0d0d0
cecece
c8c8c8
bfc1c1
c3c5c5
c9cbcb
cfd1d1
d3d5d5
d4d6d6
d1d3d3
cbcdcd
c5c7c7
c1c3c3
b9bbbb
b3b5b5
b0b2b2
b0b2b2
b4b6b6
b9bbbb
bbbdbd
bcbebe
bcbebe
bec0c0
c2c4c4
c6c8c8
cccece
d1d3d3
d2d4d4
cbcdcd
c0c2c2
bbbdbd
babcbc
bdbfbf
c2c4c4
c4c6c6
c3c5c5
c1c3c3
bdbfbf
babcbc
bbbdbd
bfc1c1
c4c6c6
c9cbcb
d3d3d3
d4d4d4
d4d4d4
d3d3d3
cfcfcf
c6c6c6
bebebe
bcbcbc
c2c2c2
c9c9c9
c9c9c9
c5c5c5
c2c2c2
c4c4c4
cccccc
d8d8d8
e0e0e0
dedede
d5d5d5
cbcbcb
c3c5c5
c5c7c7
cccece
d5d7d7
dadcdc
d7d9d9
ced0d0
c7c9c9
c3c5c5
c4c6c6
c6c8c8
c7c9c9
c9cbcb
cbcdcd
cdcfcf
cdcfcf
cccece
cbcdcd
cacccc
c9cbcb
cbcdcd
cdcfcf
cdcfcf
cccece
c9cbcb
c3c5c5
bfc1c1
c0c2c2
c5c7c7
cbcdcd
d3d5d5
d7d9d9
d7d9d9
d3d5d5
cdcfcf
cacccc
cacccc
cdcfcf
d0d2d2
d1d3d3
cacccc
c1c3c3
b9bbbb
b5b7b7
b9bbbb
bec0c0
c5c7c7
cacccc
cfd1d1
d2d4d4
d5d7d7
d0d2d2
c8caca
c1c3c3
c0c2c2
c9cbcb
d3d5d5
d6d8d8
d3d5d5
cbcdcd
c0c2c2
babcbc
b8baba
bbbdbd
c2c4c4
c9cbcb
cbcdcd
c7c9c9
c2c4c4
bfc1c1
bfc1c1
c1c3c3
c4c6c6
c9cbcb
cccece
c9cbcb
c1c3c3
babcbc
b5b7b7
b4b6b6
babcbc
c0c2c2
c3c5c5
c1c3c3
bbbdbd
bbbdbd
c0c2c2
c5c7c7
c6c8c8
c4c6c6
c1c3c3
c4c6c6
c5c7c7
c2c4c4
bec0c0
bdbfbf
c2c4c4
c8caca
cdcfcf
cfd1d1
b8b8b8
bdbdbd
c2c2c2
c3c3c3
c1c1c1
bababa
b8b8b8
bababa
bfbfbf
c4c4c4
c9c9c9
cbcbcb
cccccc
cacaca
c3c3c3
bfbfbf
bebebe
c0c0c0
c2c2c2
c2c2c2
c1c1c1
c5c5c5
c7c7c7
c6c6c6
bfbfbf
b5b7b7
b0b2b2
b2b5b5
b8bdbc
bec3c2
c2c7c6
c1c6c5
c0c5c4
c1c7c6
c4cac9
c2cac9
bec6c5
bbc3c2
bac2c1
bac2c1
bfc4c6
c2c7ca
c4c9cc
c2c7ca
bcc1c4
b8bdc0
b7bcbf
b7bcbf
b6bbbe
b4b9bc
b4b9bc
b4b9bc
b7bcbf
babfc2
bbc0c3
b8bdc0
b4b9bc
b2b7ba
b5bbbd
bbc0c0
c2c4c5
c2c4c4
c0c2c2
bdbfbf
babcbc
b6b8b8
b5b7b7
b6b8b8
b9bbbb
babcbc
b4b6b6
b4b6b6
b4b6b6
b3b5b5
b6b8b8
bdbfbf
c7c9c9
ced0d0
d2d4d4
d3d5d5
d0d1d1
cccccc
c6c6c6
c0c0c0
bebebe
bcbcbc
bcbcbc
bababa
b9b9b9
b7b7b7
b1b1b1
b2b2b2
b3b3b3
b5b5b5
b8b8b8
bcbcbc
c1c1c1
c3c3c3
c6c6c6
c8c8c8
c6c6c6
c3c3c3
bfbfbf
bcbcbc
bbbbbb
bbbbbb
bbbbbb
bababa
b8b8b8
b7b7b7
bcbcbc
bebebe
c2c2c2
c7c7c7
cecece
d3d3d3
d6d6d6
d9d9d9
d9d9d9
d7d7d7
cccccc
c6c6c6
c3c3c3
c2c2c2
c2c2c2
c1c1c1
bfbfbf
bfbfbf
c1c1c1
c3c3c3
c3c3c3
c6c6c6
c6c6c6
c3c3c3
c1c1c1
c7c7c7
d2d2d2
dbdbdb
e0e0e0
dfdfde
d9dad8
d5d6d4
d2d3d1
d1d2d0
d1d2d0
cecfcd
cacbc9
c6c7c5
c3c4c2
c4c5c3
cbccca
d0d1cf
d6d7d5
dbdcda
dddedc
dcdddb
d9dad8
d7d8d6
d7d8d6
d6d7d5
d6d7d5
d4d5d3
cfd0ce
cacbc9
c6c7c5
c2c3c1
c3c4c2
c6c7c5
c9cac8
cccdcb
cdcecc
d6d7d5
dedfdd
e3e4e2
e1e2e0
dcdddb
d7d8d6
d2d3d1
cecfcd
cacbc9
c7c7c7
c6c6c6
c4c4c4
c3c3c3
c3c3c3
c5c5c5
cacaca
d0d0d0
d6d6d6
dadada
e0e0e0
e2e2e2
e3e3e3
e3e3e3
dfdfdf
d9d9d9
d3d3d3
cecece
c9caca
c9c8c8
d2d0d0
d8d6d6
dddbdb
dedcdc
dddbdb
dbd9d9
dbd9d9
dbd9d9
dad8d8
d8d6d6
d3d1d1
d0cece
d3d1d1
dbd9d9
e1dfdf
e2e0e0
e2e0e0
e2e0e0
e0dede
d9d7d7
cccccc
c7c7c7
c4c4c4
c5c5c5
c9c9c9
cdcdcd
d1d1d1
d6d6d6
dcdcdc
e1e1e1
e0e0e0
e0e0e0
e3e3e3
e5e5e5
e7e7e7
e4e4e4
dcdcdc
d5d5d5
d1d1d1
d1d1d1
d7d7d7
dbdbdb
dedede
dfdfdf
dedede
d9d9d9
d4d4d4
d2d2d2
d3d3d3
d4d4d4
dadada
dcdcdc
dcdcdc
dbdbdb
d6d6d6
cecece
c6c6c6
bfbfbf
bbbbbb
bbbbbb
bbbbbb
bebebe
c3c3c3
c7c7c7
cacaca
cacaca
c8c8c8
c3c3c3
bebebe
bbbbbb
bcbcbc
c5c5c5
cccccc
cfcfcf
cbcbcb
c6c6c6
c1c1c1
bdbdbd
bababa
bababa
c8c8c8
cecece
d2d2d2
d2d2d2
cdcdcd
c4c4c4
bebebe
bcbcbc
bdbdbd
c1c1c1
c9c9c9
cdcdcd
cccccc
c7c7c7
bdbdbd
b5b5b5
b7b7b7
bfbfbf
c8c8c8
cecece
c6c6c6
c7c7c7
c7c7c7
c3c3c3
c0c0c0
c1c1c1
c6c6c6
cccccc
d0d0d0
cfcfcf
c4c4c4
c2c2c2
c2c2c2
c3c3c3
c5c5c5
cacaca
cbcbcb
cbcbcb
c8c8c8
c6c6c6
c5c5c5
c4c4c4
c6c6c6
c8c8c8
cdcdcd
d1d1d1
d1d1d1
cccccc
c6c6c6
c0c0c0
bababa
bababa
bbbbbb
bebebe
c2c2c2
c4c4c4
c1c1c1
bfbfbf
bfbfbf
bfbfbf
bec0c0
bfc1c1
c2c4c4
c3c5c5
c2c4c4
c0c2c2
bec0c0
bec0c0
bdbfbf
bfc1c1
c2c4c4
c9cbcb
cccece
c7c9c9
bec0c0
b8baba
b8baba
babcbc
b9bcbc
b8baba
bababa
bbbbbb
bdbdbd
bebebe
bfbfbf
bfbfbf
c1c1c1
c5c5c5
cbcbcb
cdcdcd
c9c9c9
c6c6c6
c4c4c4
c4c4c4
c6c6c6
c6c6c6
c4c4c4
c4c4c4
c5c5c5
c7c7c7
c6c6c6
c6c6c6
cecece
d8d8d8
dedede
dddddd
dcdcdc
dbdbdb
d7d7d7
cecece
c6c6c6
c2c2c2
c0c0c0
bebebe
bebebe
c2c2c2
c7c7c7
cacaca
cccccc
cdcdcd
d1d1d1
d3d3d3
d6d6d6
d9d9d9
dadada
d8d8d8
d5d5d5
d0d0d0
cdcdcd
cacaca
c6c6c6
c5c5c5
c4c4c4
c4c4c4
c4c4c4
c5c5c5
c6c6c6
c6c6c6
c6c6c6
c6c6c6
c5c5c5
c7c7c7
cbcbcb
d0d0d0
d4d4d4
d5d5d5
d2d2d2
cbcbcb
c4c4c4
bfbfbf
bebebe
bfbfbf
c2c2c2
c4c4c4
c4c4c4
c3c3c3
c4c4c4
c4c4c4
c6c6c6
c7c7c7
c5c5c5
c7c7c7
c9c9c9
c9c9c9
c8c8c8
c9c9c9
cccccc
cbcbcb
c7c7c7
c2c2c2
bdbdbd
bfbfbf
c1c1c1
c2c2c2
c2c2c2
c4c4c4
c9c9c9
cecece
d1d1d1
d1d1d1
cccccc
cbcbcb
cbcbcb
cccccc
cecece
d0d0d0
cecece
cacaca
c4c4c4
bfbfbf
bbbbbb
bbbbbb
bababa
b9b9b9
bababa
c0c0c0
c7c7c7
cbcbcb
cbcbcb
c8c8c8
c1c3c3
c7c9c9
d0d2d2
d8dada
dcdede
dadcdc
d5d7d7
cccece
c5c7c7
c1c3c3
bec0c0
b8baba
b4b6b6
b3b5b5
b6b8b8
bcbebe
bec0c0
c0c2c2
c3c5c5
c8caca
cfd1d1
d2d4d4
d6d8d8
d9dbdb
d9dbdb
d1d3d3
c7c9c9
c0c2c2
bec0c0
c0c2c2
bdbfbf
c0c2c2
c2c4c4
c4c6c6
c3c5c5
c0c2c2
c0c2c2
c2c4c4
c5c7c7
c9cbcb
d7d7d7
d5d5d5
d0d0d0
cbcbcb
c5c5c5
bdbdbd
b8b8b8
b9b9b9
bfbfbf
c5c5c5
c8c8c8
cacaca
cdcdcd
d1d1d1
d7d7d7
dedede
e4e4e4
e4e4e4
dfdfdf
d8d8d8
d0d2d2
cdcfcf
ced0d0
d2d4d4
d6d8d8
d7d9d9
d3d5d5
ced0d0
cacccc
c9cbcb
c6c8c8
c7c9c9
c9cbcb
cacccc
cbcdcd
cccece
cbcdcd
cbcdcd
c9cbcb
c9cbcb
ced0d0
d1d3d3
d3d5d5
d4d6d6
d2d4d4
cdcfcf
c9cbcb
c8caca
c9cbcb
cbcdcd
cfd1d1
d2d4d4
d4d6d6
d4d6d6
d3d5d5
d4d6d6
d7d9d9
dcdede
dfe1e1
e0e2e2
dadcdc
d0d2d2
c5c7c7
bec0c0
bec0c0
c3c5c5
cacccc
d2d4d4
dadcdc
dfe1e1
dee0e0
d9dbdb
d2d4d4
cbcdcd
cacccc
d1d3d3
dadcdc
dddfdf
dcdede
d7d9d9
cacccc
c3c5c5
bfc1c1
bfc1c1
c6c8c8
ced0d0
d1d3d3
cfd1d1
cbcdcd
c8caca
c3c5c5
c4c6c6
cbcdcd
d1d3d3
d5d7d7
d4d6d6
cbcdcd
c4c6c6
bec0c0
bdbfbf
c4c6c6
cbcdcd
d0d2d2
cdcfcf
c5c7c7
c2c4c4
c5c7c7
cbcdcd
cfd1d1
d0d2d2
cdcfcf
cfd1d1
ced0d0
cacccc
c2c4c4
bdbfbf
bfc1c1
c3c5c5
c6c8c8
c7c9c9
bebebe
c4c4c4
cccccc
cfcfcf
cbcbcb
c3c3c3
c0c0c0
c3c3c3
cbcbcb
d3d3d3
d3d3d3
d6d6d6
d8d8d8
d3d3d3
c9c9c9
c0c0c0
bdbdbd
bfbfbf
c3c3c3
c6c6c6
c5c5c5
c8c8c8
c9caca
c6c8c8
c0c2c2
babcbc
b8baba
babebd
c1c6c5
c8cdcc
cdd2d1
ced3d2
ced4d3
d0d6d5
d0d6d5
cdd3d2
c6cccb
bec5c4
b7c0bf
b6bebd
bac0c2
bec3c6
c1c6c9
c0c5c8
bcc1c4
b8bdc0
b7bcbf
b7bcbf
b8bdc0
b8bdc0
babfc2
bcc1c4
bfc4c7
c0c5c8
bfc4c7
babfc2
b3b8bb
aeb3b7
aeb3b6
b1b5b6
b8bbbc
bdbebf
bec0c0
bcbebe
b6b8b8
afb1b1
aeb0b0
b1b3b3
b7b9b9
bcbebe
bbbdbd
babcbc
b6b8b8
b1b3b3
afb1b1
b4b6b6
bec0c0
c3c5c5
c5c7c7
c5c7c7
c4c4c4
c2c2c2
bcbcbc
b7b7b7
b5b5b5
b5b5b5
b6b6b6
b7b7b7
b7b7b7
b6b6b6
b2b2b2
b4b4b4
b6b6b6
b6b6b6
b6b6b6
b4b4b4
b4b4b4
b6b6b6
b9b9b9
bdbdbd
c4c4c4
c2c2c2
bebebe
bbbbbb
bbbbbb
bdbdbd
bebebe
bebebe
bdbdbd
bdbdbd
c0c0c0
c0c0c0
bfbfbf
bfbfbf
c1c1c1
c3c3c3
c5c5c5
c6c6c6
c6c6c6
c6c6c6
c2c2c2
c0c0c0
bfbfbf
bcbcbc
b9b9b9
b6b6b6
b4b4b4
b6b6b6
bababa
bebebe
bfbfbf
c2c2c2
c3c3c3
bfbfbf
bababa
b9b9b9
c2c2c2
cccccc
d5d5d5
d8d8d8
d3d4d2
cfd0ce
cdcecc
cccdcb
cecfcd
cecfcd
cacbc9
c5c6c4
c1c2c0
bfc0be
c2c3c1
c4c5c3
c8c9c7
cccdcb
cfd0ce
d1d2d0
d0d1cf
cdcecc
cacbc9
c8c9c7
c8c9c7
c7c8c6
c6c7c5
c2c3c1
bfc0be
bbbcba
babbb9
babbb9
bdbebc
c0c1bf
c6c7c5
cdcecc
d3d4d2
d6d7d5
d6d7d5
d2d3d1
cfd0ce
cccdcb
c9cac8
c7c8c6
c3c3c3
c4c4c4
c4c4c4
c2c2c2
bfbfbf
bbbbbb
bcbcbc
c1c1c1
c8c8c8
cecece
d5d5d5
d7d7d7
d7d7d7
d4d4d4
cfcfcf
c9c9c9
c3c3c3
c0c0c0
c1c1c1
c2c2c2
c5c4c4
cac8c8
cccaca
cdcbcb
cfcdcd
cfcdcd
d1cfcf
d0cece
cdcbcb
cac8c8
c9c7c7
cccaca
d5d3d3
dedcdc
e0dede
dbd9d9
dad8d8
dad8d8
d7d5d5
cfcccc
c7c7c7
c5c5c5
c3c3c3
c3c3c3
c3c3c3
c3c3c3
c4c4c4
c9c9c9
d1d1d1
dadada
dadada
dadada
dbdbdb
dbdbdb
dbdbdb
d7d7d7
d3d3d3
d0d0d0
cecece
cfcfcf
cecece
d1d1d1
d4d4d4
d6d6d6
d5d5d5
d3d3d3
d2d2d2
d4d4d4
d6d6d6
d9d9d9
e4e4e4
e6e6e6
e6e6e6
e4e4e4
dedede
d6d6d6
cdcdcd
c6c6c6
bfbfbf
bcbcbc
b9b9b9
bcbcbc
c1c1c1
c7c7c7
cbcbcb
cdcdcd
cecece
cbcbcb
c9c9c9
c7c7c7
cfcfcf
d6d6d6
dcdcdc
dedede
d9d9d9
d2d2d2
cbcbcb
c6c6c6
c3c3c3
c1c1c1
c6c6c6
cbcbcb
d2d2d2
d6d6d6
d6d6d6
d2d2d2
d1d1d1
d2d2d2
d4d4d4
d8d8d8
dddddd
dfdfdf
dddddd
d7d7d7
cccccc
c4c4c4
c5c5c5
c9c9c9
cfcfcf
d3d3d3
d6d6d6
d6d6d6
d2d2d2
cecece
cbcbcb
cccccc
d1d1d1
d5d5d5
dadada
dadada
c9c9c9
c5c5c5
c1c1c1
c1c1c1
c5c5c5
cacaca
d0d0d0
d2d2d2
d1d1d1
cfcfcf
cbcbcb
cbcbcb
cecece
d2d2d2
d8d8d8
dcdcdc
dadada
d2d2d2
c7c7c7
bfbfbf
bababa
bbbbbb
bfbfbf
c4c4c4
c9c9c9
c9c9c9
c5c5c5
c1c1c1
bebebe
bebebe
c2c4c4
c3c5c5
c4c6c6
c4c6c6
c4c6c6
c2c4c4
bfc1c1
bbbdbd
b9bbbb
b6b8b8
bfc1c1
c8caca
cccece
cacccc
c2c4c4
bbbdbd
b8baba
b9bbbb
babcbc
b9bbbb
bcbcbc
bebdbd
bebebe
bcbcbc
b9b9b9
b7b7b7
b8b8b8
bdbdbd
c5c5c5
cbcbcb
c6c6c6
c2c2c2
c0c0c0
bebebe
bfbfbf
bfbfbf
bfbfbf
c1c1c1
c3c3c3
c6c6c6
c0c0c0
bfbfbf
c6c6c6
cfcfcf
d3d3d3
d0d0d0
cfcfcf
d0d0d0
cdcdcd
c7c7c7
c0c0c0
bebebe
bcbcbc
bcbcbc
bdbdbd
c2c2c2
c5c5c5
c6c6c6
c7c7c7
c6c6c6
c5c5c5
c8c8c8
cccccc
cfcfcf
d0d0d0
cdcdcd
cacaca
c8c8c8
c7c7c7
c6c6c6
c4c4c4
c5c5c5
c5c5c5
c6c6c6
c6c6c6
c6c6c6
c5c5c5
c4c4c4
c3c3c3
c3c3c3
c1c1c1
c0c0c0
c3c3c3
c6c6c6
c9c9c9
cbcbcb
cbcbcb
c7c7c7
c1c1c1
bdbdbd
c0c0c0
c1c1c1
c2c2c2
c3c3c3
c2c2c2
c1c1c1
c0c0c0
bfbfbf
bfbfbf
bfbfbf
bfbfbf
c3c3c3
c5c5c5
c6c6c6
c4c4c4
c2c2c2
c1c1c1
c1c1c1
c1c1c1
c1c1c1
bbbbbb
bebebe
c3c3c3
c6c6c6
c6c6c6
c8c8c8
c9c9c9
cacaca
c9c9c9
c8c8c8
c4c4c4
c4c4c4
c7c7c7
cacaca
cbcbcb
cacaca
c8c8c8
c3c3c3
bebebe
bbbbbb
b9b9b9
bababa
bababa
b9b9b9
b9b9b9
bdbdbd
c0c0c0
c3c3c3
c4c4c4
c3c3c3
c0c2c2
c6c8c8
cfd1d1
d5d7d7
d7d9d9
d2d4d4
cbcdcd
c5c7c7
c0c2c2
bfc1c1
bdbfbf
b8baba
b4b6b6
b4b6b6
b7b9b9
bcbebe
bec0c0
c2c4c4
c5c7c7
c9cbcb
d0d2d2
d2d4d4
d3d5d5
d4d6d6
d4d6d6
cfd1d1
c7c9c9
c1c3c3
bfc1c1
bfc1c1
bfc1c1
c1c3c3
c6c8c8
cacccc
cacccc
c7c9c9
c4c6c6
c3c5c5
c3c5c5
c6c8c8
cfcfcf
cbcbcb
c6c6c6
c1c1c1
bdbdbd
b9b9b9
b7b7b7
b9b9b9
bbbbbb
bfbfbf
c7c7c7
cfcfcf
d6d6d6
dbdbdb
dbdbdb
dbdbdb
dbdbdb
dadada
d9d9d9
d5d6d6
d1d3d3
cbcdcd
c5c7c7
c5c7c7
c9cbcb
ced0d0
cfd1d1
cccece
c8caca
c5c7c7
c7c9c9
c7c9c9
c7c9c9
c8caca
c9cbcb
cacccc
cacccc
cacccc
cacccc
c9cbcb
c9cbcb
cacccc
cdcfcf
ced0d0
cdcfcf
cccece
cacccc
c9cbcb
c7c9c9
c6c8c8
c9cbcb
cbcdcd
cccece
cccece
cdcfcf
d0d2d2
d6d8d8
dadcdc
d9dbdb
d7d9d9
d9dbdb
d2d4d4
c9cbcb
c4c6c6
c4c6c6
c8caca
cdcfcf
d3d5d5
d8dada
dcdede
e0e2e2
dddfdf
d8dada
d1d3d3
ced0d0
cfd1d1
d2d4d4
d5d7d7
d5d7d7
d1d3d3
cbcdcd
c3c5c5
bdbfbf
bcbebe
c1c3c3
c7c9c9
cbcdcd
cdcfcf
cccece
cbcdcd
c8caca
c9cbcb
cfd1d1
d5d7d7
dadcdc
d9dbdb
d1d3d3
c9cbcb
c3c5c5
c2c4c4
c4c6c6
cccece
d3d5d5
d3d5d5
cdcfcf
c8caca
cacccc
cdcfcf
d1d3d3
d3d5d5
d7d9d9
d8dada
d5d7d7
d1d3d3
c9cbcb
c3c5c5
c3c5c5
c4c6c6
c6c8c8
c7c9c9
c4c4c4
cacaca
d1d1d1
d4d4d4
d1d1d1
cccccc
cacaca
cfcfcf
d7d7d7
dddddd
dbdbdb
dcdcdc
dddddd
d9d9d9
d1d1d1
cacaca
c5c5c5
c5c5c5
c8c8c8
cbcbcb
c7c7c7
cbcaca
cdcece
cccece
c9cbcb
c4c6c6
c3c5c5
c6cac9
cbcfcf
d1d6d5
d5dad9
d6dbda
d6dcdb
d6dcdb
d5dbda
d1d7d6
cbd1d0
c3c9c8
bdc3c2
bac1c0
c1c6c9
c3c7cb
c3c8cb
c3c8cb
c3c8cb
c3c8cb
c3c7ca
c3c7ca
c2c6ca
c1c5c8
c5cacd
c9cdd1
ccd1d4
ced3d6
cbcfd3
c5c9cd
bdc1c5
b7bbbe
b3b8bb
b5b9ba
c0c2c3
c5c7c7
c8caca
c7c9c9
c0c2c2
b8baba
b5b7b7
b9bbbb
c1c3c3
cacccc
d1d3d3
d0d2d2
cacccc
c1c3c3
b9bbbb
b4b6b6
b6b8b8
b8baba
bbbdbd
bcbebe
bebebe
bfbfbf
bebebe
bababa
b6b6b6
b3b3b3
b7b7b7
bdbdbd
c2c2c2
c5c5c5
c9c9c9
cbcbcb
cacaca
c7c7c7
c0c0c0
bababa
b5b5b5
b7b7b7
bababa
bfbfbf
c2c2c2
c0c0c0
bdbdbd
bbbbbb
bcbcbc
c1c1c1
c5c5c5
c9c9c9
cacaca
cacaca
cacaca
c7c7c7
c2c2c2
bfbfbf
bcbcbc
bbbbbb
bcbcbc
bcbcbc
bcbcbc
bebebe
bfbfbf
bfbfbf
bfbfbf
bbbbbb
b6b6b6
b1b1b1
b0b0b0
b3b3b3
b9b9b9
bfbfbf
c2c2c2
c6c6c6
c7c7c7
c4c4c4
bbbbbb
b6b6b6
b7b7b7
bebebe
c6c6c6
cbcbcb
cacbc9
c7c8c6
c5c6c4
c7c8c6
cacbc9
cbccca
c8c9c7
c4c5c3
c0c1bf
bebfbd
c1c2c0
bfc0be
bdbebc
bdbebc
bebfbd
c2c3c1
c5c6c4
c5c6c4
c4c5c3
c3c4c2
bfc0be
bebfbd
bcbdbb
b9bab8
b9bab8
babbb9
b9bab8
b8b9b7
b5b6b4
b4b5b3
c1c2c0
c3c4c2
c3c4c2
c3c4c2
c5c6c4
c6c7c5
c6c7c5
c5c6c4
c3c4c2
c1c2c0
bebebe
bfbfbf
c0c0c0
bebebe
bcbcbc
b8b8b8
b6b6b6
b6b6b6
b8b8b8
bababa
bfbfbf
c3c3c3
c4c4c4
c4c4c4
c0c0c0
bbbbbb
b8b8b8
b7b7b7
b9b9b9
bbbbbb
bbb9b9
bdbbbb
bfbdbd
c0bebe
c1bfbf
c4c2c2
c6c4c4
c5c3c3
c1bfbf
bebcbc
c0bebe
c3c1c1
cccaca
d4d2d2
d5d3d3
d0cece
d1cfcf
d1cfcf
cdcbcb
c5c3c3
c3c3c3
c1c1c1
c1c1c1
c1c1c1
c1c1c1
bebebe
bcbcbc
bdbdbd
c1c1c1
c7c7c7
c9c9c9
cbcbcb
cccccc
cecece
cecece
cbcbcb
c9c9c9
c6c6c6
c6c6c6
c6c6c6
c2c2c2
c5c5c5
c8c8c8
cbcbcb
cbcbcb
cacaca
cacaca
cecece
d1d1d1
d5d5d5
dbdbdb
dcdcdc
dbdbdb
d9d9d9
d3d3d3
cecece
cacaca
c5c5c5
c0c0c0
bbbbbb
bbbbbb
bebebe
c0c0c0
c5c5c5
c7c7c7
cccccc
cecece
cfcfcf
cfcfcf
d0d0d0
d9d9d9
dfdfdf
e3e3e3
e4e4e4
dedede
d7d7d7
d1d1d1
cbcbcb
c7c7c7
c4c4c4
c1c1c1
c2c2c2
c6c6c6
cacaca
d0d0d0
d5d5d5
dadada
dedede
e1e1e1
e3e3e3
e1e1e1
e2e2e2
e1e1e1
dcdcdc
d3d3d3
cccccc
cacaca
cccccc
cecece
d0d0d0
d7d7d7
d7d7d7
d7d7d7
d7d7d7
d8d8d8
dbdbdb
dcdcdc
dedede
dedede
dddddd
d1d1d1
cbcbcb
c7c7c7
c4c4c4
c7c7c7
cdcdcd
d5d5d5
d8d8d8
d9d9d9
d7d7d7
d2d2d2
d4d4d4
dadada
dfdfdf
e3e3e3
e4e4e4
e1e1e1
dadada
d3d3d3
cdcdcd
cacaca
cacaca
cccccc
d0d0d0
d3d3d3
d3d3d3
cfcfcf
cacaca
c8c8c8
c8c8c8
cacccc
cbcdcd
cbcdcd
cbcdcd
cbcdcd
c9cbcb
c5c7c7
bfc1c1
b8baba
b6b8b8
c5c7c7
cfd1d1
d4d6d6
d5d7d7
cdcfcf
c6c8c8
c2c4c4
c3c5c5
c4c6c6
c6c8c8
cccdcd
cfcfcf
cfcfcf
cacaca
c3c3c3
bcbcbc
b8b8b8
bbbbbb
c3c3c3
c7c7c7
c5c5c5
c4c4c4
c1c1c1
bebebe
bdbdbd
bebebe
c0c0c0
c4c4c4
c8c8c8
cacaca
c4c4c4
bebebe
bebebe
c3c3c3
c6c6c6
c4c4c4
c6c6c6
c9c9c9
c8c8c8
c2c2c2
bfbfbf
bebebe
bebebe
bfbfbf
c1c1c1
c4c4c4
c5c5c5
c4c4c4
c2c2c2
c0c0c0
bcbcbc
bdbdbd
bebebe
c1c1c1
c3c3c3
c4c4c4
c4c4c4
c2c2c2
bfbfbf
bebebe
c0c0c0
c3c3c3
c8c8c8
cbcbcb
cecece
cecece
cdcdcd
cbcbcb
cacaca
c8c8c8
c1c1c1
c1c1c1
c3c3c3
c6c6c6
cacaca
cdcdcd
cccccc
c9c9c9
c5c5c5
c1c1c1
bebebe
bfbfbf
c3c3c3
c7c7c7
c7c7c7
c8c8c8
c6c6c6
c2c2c2
c0c0c0
bebebe
bebebe
bebebe
bebebe
bebebe
bcbcbc
bababa
b8b8b8
b7b7b7
b6b6b6
b6b6b6
b3b3b3
b9b9b9
c2c2c2
c8c8c8
cacaca
cacaca
c8c8c8
c4c4c4
bebebe
b9b9b9
b7b7b7
b9b9b9
bcbcbc
bdbdbd
bebebe
bfbfbf
bfbfbf
bebebe
bcbcbc
bbbbbb
bababa
bbbbbb
bebebe
bebebe
bebebe
bebebe
bdbdbd
bdbdbd
bcbcbc
bcbcbc
b9bbbb
bec0c0
c4c6c6
c7c9c9
c6c8c8
c1c3c3
bcbebe
babcbc
bbbdbd
bdbfbf
b5b7b7
b2b4b4
b0b2b2
b2b4b4
b5b7b7
babcbc
bbbdbd
bcbebe
bec0c0
c1c3c3
c6c8c8
c7c9c9
c8caca
c9cbcb
c9cbcb
c7c9c9
c4c6c6
c1c3c3
c0c2c2
c0c2c2
c1c3c3
c4c6c6
c7c9c9
cacccc
cacccc
c6c8c8
c0c2c2
bdbfbf
bcbebe
bfc0c0
c2c2c2
c0bfbf
bdbdbd
bcbcbc
bcbcbc
bdbdbd
bebebe
bebebe
bdbdbd
bdbdbd
cacaca
d2d2d2
d7d7d7
dadada
d8d8d8
d2d2d2
cfcfcf
cbcbcb
c7c7c7
c5c5c5
c4c6c6
c1c3c3
bdbfbf
bbbdbd
bdbfbf
c2c4c4
c5c7c7
c5c7c7
c4c6c6
c3c5c5
c6c8c8
c6c8c8
c7c9c9
c7c9c9
c7c9c9
c7c9c9
c8caca
c9cbcb
c9cbcb
c9cbcb
c2c4c4
c3c5c5
c2c4c4
c1c3c3
bfc1c1
c1c3c3
c3c5c5
c4c6c6
c2c4c4
c1c3c3
c3c5c5
c4c6c6
c3c5c5
c4c6c6
c6c8c8
cbcdcd
d1d3d3
d3d5d5
d1d3d3
cccece
cbcdcd
c8caca
c5c7c7
c3c5c5
c6c8c8
c9cbcb
cacccc
c9cbcb
c9cbcb
cbcdcd
d3d5d5
d1d3d3
cfd1d1
cccece
cacccc
c8caca
c7c9c9
c7c9c9
c6c8c8
c6c8c8
c2c4c4
bdbfbf
b9bbbb
b7b9b9
b8baba
bcbebe
bdbfbf
c1c3c3
c6c8c8
cacccc
cacccc
cbcdcd
ced0d0
d2d4d4
d4d6d6
d2d4d4
cbcdcd
c4c6c6
c0c2c2
c0c2c2
bdbfbf
c3c5c5
cbcdcd
ced0d0
cdcfcf
cccece
cdcfcf
ced0d0
cfd1d1
ced0d0
d6d8d8
d7d9d9
d4d6d6
d0d2d2
cdcfcf
cacccc
c9cbcb
cacccc
cbcdcd
cccece
bfbfbf
c3c3c3
c7c7c7
cacaca
cccccc
cdcdcd
d1d1d1
d7d7d7
dcdcdc
e1e1e1
dedede
dcdcdc
d9d9d9
d7d7d7
d4d4d4
d0d0d0
cbcbcb
c7c7c7
c5c5c5
c5c5c5
c7c7c7
cacaca
cfd0d0
d1d3d3
d1d3d3
cdcfcf
cdcfcf
cfd1d1
d4d5d5
d6d9d9
d8dddc
d9dedd
d9dedd
d6dbda
d4d9d8
d0d5d4
ccd2d1
c8cecd
c4cac9
c1c7c6
c7cace
c5c8cc
c3c6ca
c4c7cb
c8cbcf
cdd0d4
ced0d5
cccfd3
c8cbcf
c6c9cd
cdd0d4
d3d5da
d8dbdf
d9dce0
d4d7dc
ced1d5
c8cbcf
c2c5c9
bec1c4
bdc1c2
c7cacb
cccece
cfd1d1
d0d2d2
cbcdcd
c5c7c7
c3c5c5
c8caca
d1d3d3
d9dbdb
dfe1e1
e1e3e3
dddfdf
d4d6d6
c5c7c7
b8baba
b3b5b5
b4b6b6
b7b9b9
babcbc
c2c2c2
c8c8c8
cacaca
c7c7c7
c0c0c0
bebebe
c3c3c3
cecece
d8d8d8
dedede
e2e2e2
e2e2e2
dfdfdf
d9d9d9
d0d0d0
c5c5c5
bebebe
bebebe
c2c2c2
c4c4c4
c2c2c2
c0c0c0
bfbfbf
bebebe
c1c1c1
c7c7c7
cfcfcf
d6d6d6
dbdbdb
dcdcdc
d8d8d8
d3d3d3
cdcdcd
c7c7c7
c3c3c3
c1c1c1
c2c2c2
c3c3c3
c4c4c4
c5c5c5
c2c2c2
c3c3c3
c3c3c3
c0c0c0
bababa
b5b5b5
b6b6b6
bbbbbb
c1c1c1
c8c8c8
cecece
d2d2d2
d3d3d3
cfcfcf
c7c7c7
bebebe
bababa
bababa
bdbdbd
c0c0c0
c3c4c2
c2c3c1
c1c2c0
c3c4c2
c7c8c6
cacbc9
c8c9c7
c6c7c5
c4c5c3
c6c7c5
d0d1cf
cacbc9
c2c3c1
babbb9
b6b7b5
b8b9b7
bcbdbb
c0c1bf
c4c5c3
c5c6c4
c2c3c1
bebfbd
bbbcba
bcbdbb
c2c3c1
cacbc9
cccdcb
cacbc9
c3c4c2
bdbebc
bbbcba
b7b8b6
b6b7b5
b7b8b6
bdbebc
c3c4c2
c3c4c2
c0c1bf
bbbcba
b8b9b7
b8b8b8
b9b9b9
b9b9b9
bbbbbb
bdbdbd
bebebe
bbbbbb
b6b6b6
b0b0b0
adadad
b1b1b1
b6b6b6
b9b9b9
bcbcbc
bcbcbc
b9b9b9
b6b6b6
b3b3b3
b2b2b2
b2b2b2
b5b3b3
b8b6b6
bbb9b9
bebcbc
bfbdbd
c2c0c0
c5c2c2
c6c4c4
c3c1c1
bfbdbd
bab8b8
b7b5b5
bab8b8
c1bfbf
c6c4c4
c5c3c3
c8c6c6
c9c7c7
c5c3c3
bcbbbb
bbbbbb
b9b9b9
b9b9b9
bcbcbc
c1c1c1
c1c1c1
bebebe
b9b9b9
b7b7b7
b5b5b5
bababa
bebebe
c3c3c3
c6c6c6
c6c6c6
c5c5c5
c3c3c3
c0c0c0
bebebe
bcbcbc
b7b7b7
bababa
bfbfbf
c2c2c2
c2c2c2
c1c1c1
c1c1c1
c3c3c3
c6c6c6
c9c9c9
cdcdcd
cecece
cecece
c9c9c9
c3c3c3
c0c0c0
c0c0c0
bebebe
bbbbbb
b8b8b8
bababa
bbbbbb
bbbbbb
bdbdbd
bfbfbf
c2c2c2
c4c4c4
c7c7c7
c8c8c8
cbcbcb
d3d3d3
d9d9d9
dddddd
dedede
d9d9d9
d3d3d3
cfcfcf
cacaca
c5c5c5
c2c2c2
c4c4c4
c2c2c2
bfbfbf
bfbfbf
c4c4c4
cdcdcd
d5d5d5
d9d9d9
dadada
dadada
d5d5d5
d7d7d7
d9d9d9
d5d5d5
cfcfcf
cacaca
c9c9c9
c9c9c9
c8c8c8
c7c7c7
c9c9c9
cacaca
d0d0d0
d6d6d6
dedede
e4e4e4
e5e5e5
e4e4e4
e0e0e0
dfdfdf
dbdbdb
d5d5d5
cfcfcf
cbcbcb
cacaca
cecece
d2d2d2
d5d5d5
d6d6d6
d6d6d6
d6d6d6
dcdcdc
e2e2e2
e7e7e7
e8e8e8
e4e4e4
e1e1e1
dddddd
dcdcdc
dcdcdc
d8d8d8
d7d7d7
d6d6d6
d7d7d7
d8d8d8
d7d7d7
d4d4d4
d2d2d2
d2d2d2
d3d3d3
d3d5d5
d4d6d6
d5d7d7
d5d7d7
d5d7d7
d2d4d4
cdcfcf
c6c8c8
bfc1c1
bdbfbf
c9cbcb
d0d2d2
d6d8d8
d9dbdb
d5d7d7
d1d3d3
cfd1d1
d2d4d4
d6d8d8
dbdddd
e1e2e2
e3e3e3
e3e3e3
dfdfdf
d6d6d6
cbcbcb
c3c3c3
c1c1c1
c3c3c3
c6c6c6
c9c9c9
c9c9c9
c8c8c8
c5c5c5
c5c5c5
c8c8c8
cdcdcd
d3d3d3
d7d7d7
d9d9d9
d1d1d1
c6c6c6
bfbfbf
bebebe
bfbfbf
c1c1c1
c7c7c7
cccccc
cbcbcb
c6c6c6
c3c3c3
c4c4c4
c5c5c5
c8c8c8
cacaca
cecece
cfcfcf
cdcdcd
cacaca
c7c7c7
c1c1c1
bebebe
bbbbbb
bcbcbc
bfbfbf
c5c5c5
c9c9c9
c7c7c7
c2c2c2
bfbfbf
c0c0c0
c5c5c5
cdcdcd
d4d4d4
d8d8d8
dadada
d8d8d8
d5d5d5
d4d4d4
d1d1d1
c8c8c8
c7c7c7
cacaca
cdcdcd
d1d1d1
d4d4d4
d4d4d4
d1d1d1
cecece
c9c9c9
c2c2c2
c6c6c6
cbcbcb
d2d2d2
d7d7d7
d8d8d8
d6d6d6
d2d2d2
cdcdcd
c9c9c9
c1c1c1
bcbcbc
bababa
b9b9b9
bbbbbb
c0c0c0
c0c0c0
bdbdbd
bababa
b7b7b7
b7b7b7
bebebe
c4c4c4
c8c8c8
cacaca
c9c9c9
c7c7c7
c4c4c4
bfbfbf
bababa
b7b7b7
b6b6b6
b6b6b6
b7b7b7
b8b8b8
bcbcbc
bfbfbf
c3c3c3
c6c6c6
c7c7c7
c3c3c3
c4c4c4
c7c7c7
c9c9c9
cbcbcb
c9c9c9
c5c5c5
c1c1c1
bebebe
bbbcbc
b3b5b5
b8baba
bec0c0
c3c5c5
c4c6c6
c0c2c2
bdbfbf
bbbdbd
bcbebe
bdbfbf
b3b5b5
b1b3b3
b3b5b5
b8baba
bcbebe
bec0c0
bcbebe
b9bbbb
b8baba
babcbc
c0c2c2
c3c5c5
c4c6c6
c4c6c6
c4c6c6
c2c4c4
c2c4c4
c3c5c5
c3c5c5
c2c4c4
bfc1c1
bec0c0
bfc1c1
c2c4c4
c3c5c5
bec0c0
b7b9b9
b4b6b6
b6b8b8
bbbcbc
c1c1c1
bebebe
b9b9b9
b5b5b5
b4b4b4
b8b8b8
bcbcbc
bfbfbf
bfbfbf
bebebe
c5c5c5
c9c9c9
cbcbcb
cdcdcd
cdcdcd
cccccc
cbcbcb
c6c6c6
bfbfbf
b9b9b9
b8baba
b9bbbb
babcbc
bbbdbd
babcbc
bbbdbd
bec0c0
c2c4c4
c3c5c5
c4c6c6
c4c6c6
c4c6c6
c4c6c6
c5c7c7
c6c8c8
c6c8c8
c7c9c9
c7c9c9
c7c9c9
c6c8c8
c6c8c8
c6c8c8
c2c4c4
bcbebe
b6b8b8
b7b9b9
bbbdbd
bec0c0
bdbfbf
bbbdbd
bdbfbf
bdbfbf
bdbfbf
bec0c0
c1c3c3
c7c9c9
ced0d0
cfd1d1
cccece
c7c9c9
c0c2c2
bcbebe
bbbdbd
bbbdbd
bdbfbf
bec0c0
bdbfbf
bcbebe
bbbdbd
bcbebe
c1c3c3
c1c3c3
c2c4c4
c3c5c5
c3c5c5
c0c2c2
bdbfbf
babcbc
b9bbbb
babcbc
b9bbbb
b8baba
b7b9b9
b6b8b8
b6b8b8
b3b5b5
b3b5b5
b8baba
c0c2c2
c7c9c9
cbcdcd
cacccc
cacccc
cacccc
cbcdcd
c7c9c9
c1c3c3
bbbdbd
babcbc
babcbc
babcbc
bcbebe
bdbfbf
bec0c0
bfc1c1
c3c5c5
c8caca
cbcdcd
cccece
cbcdcd
cdcfcf
cdcfcf
cbcdcd
c9cbcb
c9cbcb
c8caca
c6c8c8
c7c9c9
c9cbcb
cacccc
bababa
bcbcbc
bebebe
c1c1c1
c6c6c6
cbcbcb
d1d1d1
d7d7d7
dddddd
e0e0e0
e0e0e0
dcdcdc
d7d7d7
d6d6d6
d5d5d5
d2d2d2
cdcdcd
c7c7c7
c3c3c3
c1c1c1
c5c6c6
cacaca
cfd0d0
d2d4d4
d2d4d4
d1d3d3
d1d3d3
d3d5d5
d7d9d9
dadcdc
d7dbda
d8dcdb
d7dbda
d3d7d7
cfd3d2
cbcfce
cacfce
c9cecd
c6cbca
c3c8c7
c7cbcb
c3c7c9
c1c4c7
c3c6c9
c9cdcf
cfd3d6
d0d4d7
cdd1d4
c9cccf
c7cbce
ced1d4
d4d7da
d8dcdf
d9dcdf
d4d7da
ced1d4
cacdd0
c6c9cc
c3c6c8
c1c5c6
c5c7c7
c8caca
cacccc
cccece
cbcdcd
cbcdcd
cdcfcf
d2d4d4
d8dada
dddfdf
dddfdf
e0e2e2
e0e2e2
d9dbdb
cbcdcd
bcbebe
b5b7b7
b5b7b7
b7b9b9
bbbdbd
c4c4c4
cacaca
cfcfcf
cccccc
c6c6c6
c5c5c5
cdcdcd
d7d7d7
dfdfdf
e2e2e2
e7e7e7
e7e7e7
e5e5e5
dfdfdf
d7d7d7
cecece
c6c6c6
c5c5c5
c6c6c6
c7c7c7
c8c8c8
c7c7c7
c7c7c7
c9c9c9
cecece
d5d5d5
dddddd
e3e3e3
e6e6e6
e8e8e8
e5e5e5
e0e0e0
d9d9d9
d1d1d1
cacaca
c6c6c6
c5c5c5
c4c4c4
c5c5c5
c5c5c5
c3c3c3
c5c5c5
c7c7c7
c5c5c5
c0c0c0
bebebe
c3c3c3
c9c9c9
d0d0d0
d5d5d5
dddddd
dedede
dcdcdc
d8d8d8
d2d2d2
cbcbcb
c4c4c4
bfbfbf
bcbcbc
bbbcbb
c3c3c2
c2c3c1
c4c5c3
c7c8c6
cacbc9
cdcecc
cccdcb
cecfcd
d0d1cf
d5d6d4
dedfdd
d8d9d7
cdcecc
c1c2c0
babbb9
b8b9b7
bcbdbb
c1c2c0
c5c6c4
c8c9c7
c9cac8
c6c7c5
c4c5c3
c8c9c7
d1d2d0
dcdddb
e2e3e1
e0e1df
dadbd9
d1d2d0
bebfbd
babbb9
babbb9
bebfbd
c5c6c4
cacbc9
c9cac8
c5c6c4
c1c2c0
bfc0be
c1c1c1
c2c2c2
c3c3c3
c8c8c8
cecece
d2d2d2
d0d0d0
c8c8c8
bdbdbd
b7b7b7
b9b9b9
bcbcbc
c1c1c1
c6c6c6
c8c8c8
c9c9c9
c5c5c5
bfbfbf
bababa
b6b6b6
b5b4b4
b9b8b8
bfbebe
c2c1c1
c3c2c2
c5c4c4
c8c6c6
c9c8c8
c9c7c7
c5c4c4
b9b8b8
afaeae
aeacac
b5b4b4
bfbdbd
c0bfbf
c1c0c0
c1c0c0
c0bebe
bbbaba
b4b3b3
b3b3b3
b6b6b6
bdbdbd
c5c5c5
c8c8c8
c4c4c4
bcbcbc
b5b5b5
b2b2b2
b4b4b4
b9b9b9
bfbfbf
c4c4c4
c4c4c4
c3c3c3
c1c1c1
bebebe
bababa
b6b6b6
b3b3b3
b6b6b6
bbbbbb
bebebe
bebebe
bbbbbb
b9b9b9
b7b7b7
b7b7b7
bababa
c0c0c0
c5c5c5
c7c7c7
c4c4c4
bbbbbb
b7b7b7
b8b8b8
b8b8b8
b6b6b6
b3b3b3
b8b8b8
b8b8b8
b8b8b8
bababa
bbbbbb
bdbdbd
bdbdbd
bfbfbf
bfbfbf
c1c1c1
c6c6c6
cbcbcb
d0d0d0
d1d1d1
cfcfcf
cbcbcb
c8c8c8
c6c6c6
c1c1c1
bfbfbf
c2c2c2
bfbfbf
bababa
b9b9b9
bdbdbd
c5c5c5
cdcdcd
d1d1d1
d2d2d2
d2d2d2
cccccc
cdcdcd
cecece
cdcdcd
c9c9c9
c7c7c7
c8c8c8
c8c8c8
c7c7c7
c4c4c4
bdbdbd
bfbfbf
c5c5c5
d0d0d0
dbdbdb
e4e4e4
e6e6e6
e3e3e3
dfdfdf
dddddd
dadada
d7d7d7
d1d1d1
cccccc
c9c9c9
c9c9c9
cacaca
cccccc
cdcdcd
cfcfcf
d4d4d4
dadada
e0e0e0
e3e3e3
e1e1e1
dcdcdc
d8d8d8
d8d8d8
dadada
dbdbdb
d8d8d8
d6d6d6
d3d3d3
d2d2d2
d3d3d3
d2d2d2
d1d1d1
d1d1d1
d2d2d2
d5d5d5
dadcdc
dcdfdf
dee0e0
dfe1e1
dfe1e1
dbdddd
d4d6d6
cfd1d1
cacccc
c7c9c9
c6c8c8
cbcdcd
cfd1d1
d3d5d5
d3d5d5
d3d5d5
d5d7d7
dbdddd
e2e4e4
e7e9e9
ebebeb
ececec
ececec
e8e8e8
e1e1e1
d6d6d6
cdcdcd
c8c8c8
c6c6c6
c8c8c8
cfcfcf
d1d1d1
d2d2d2
d1d1d1
d2d2d2
d6d6d6
dddddd
e4e4e4
e8e8e8
e8e8e8
dddddd
d0d0d0
c7c7c7
c3c3c3
c3c3c3
c6c6c6
cecece
d3d3d3
d2d2d2
cccccc
cbcbcb
cbcbcb
cecece
d2d2d2
d7d7d7
dbdbdb
dcdcdc
dadada
d7d7d7
d3d3d3
cccccc
c7c7c7
c2c2c2
c1c1c1
c6c6c6
cccccc
d1d1d1
d0d0d0
cccccc
c8c8c8
c6c6c6
cbcbcb
d3d3d3
dbdbdb
dedede
dfdfdf
dddddd
dbdbdb
dadada
d9d9d9
cfcfcf
cecece
cfcfcf
d2d2d2
d5d5d5
d9d9d9
d9d9d9
d8d8d8
d5d5d5
d2d2d2
cdcdcd
d0d0d0
d5d5d5
dcdcdc
e3e3e3
e6e6e6
e4e4e4
e0e0e0
dadada
d5d5d5
cccccc
c6c6c6
c2c2c2
c2c2c2
cbcbcb
d1d1d1
d3d3d3
d1d1d1
cccccc
cacaca
cdcdcd
d1d1d1
d3d3d3
d4d4d4
d2d2d2
d1d1d1
d2d2d2
d3d3d3
d2d2d2
cfcfcf
c4c4c4
c0c0c0
bdbdbd
bdbdbd
bfbfbf
c4c4c4
cacaca
d0d0d0
d4d4d4
d5d5d5
d0d0d0
cecece
cecece
d1d1d1
d5d5d5
d6d6d6
d2d2d2
cccccc
c8c8c8
c5c5c5
b9b9b9
bdbfbf
c5c7c7
cccece
d0d2d2
d0d2d2
cccece
c9cbcb
c6c8c8
c4c6c6
bdbfbf
bdbfbf
c2c4c4
c7c9c9
cbcdcd
cbcdcd
c5c7c7
bfc1c1
bbbdbd
bbbdbd
bfc1c1
c3c5c5
c5c7c7
c4c6c6
c0c2c2
bec0c0
bec0c0
c2c4c4
c5c7c7
c6c8c8
c1c3c3
bfc1c1
bfc1c1
c1c3c3
c2c4c4
bec0c0
b7b9b9
b5b7b7
b8baba
bfc1c1
cacaca
c6c6c6
bcbcbc
b4b4b4
afafaf
b0b0b0
b7b7b7
bdbdbd
c0c0c0
c0c0c0
bcbcbc
bdbdbd
bdbdbd
bfbfbf
c1c1c1
c7c7c7
cacaca
c6c6c6
bebebe
b6b5b5
b0b2b2
b4b6b6
b8baba
b9bbbb
b6b8b8
b5b7b7
b8baba
bcbebe
c0c2c2
c2c4c4
c2c4c4
c3c5c5
c3c5c5
c4c6c6
c5c7c7
c6c8c8
c6c8c8
c6c8c8
c5c7c7
c4c6c6
c7c9c9
c9cbcb
c6c8c8
bec0c0
b6b8b8
b3b5b5
b6b8b8
b8baba
b6b8b8
b4b6b6
b9bbbb
b9bbbb
b9bbbb
b8baba
b7b9b9
bbbdbd
bfc1c1
c0c2c2
bcbebe
b9bbbb
b9bbbb
b4b6b6
b0b2b2
aeb0b0
aeb0b0
afb1b1
aeb0b0
afb1b1
b2b4b4
b6b8b8
bdbfbf
bcbebe
bcbebe
bdbfbf
bdbfbf
b9bbbb
b4b6b6
afb1b1
aeb0b0
aeb0b0
b3b5b5
b2b4b4
b2b4b4
b2b4b4
b2b4b4
afb1b1
aeb0b0
b0b2b2
b6b8b8
bdbfbf
c4c6c6
c4c6c6
c3c5c5
c4c6c6
c4c6c6
c0c2c2
bbbdbd
b8baba
b7b9b9
b9bbbb
b8baba
b5b7b7
b2b4b4
b0b2b2
b0b2b2
b3b5b5
b9bbbb
bec0c0
c1c3c3
c3c5c5
c2c4c4
c0c2c2
bec0c0
bec0c0
c0c2c2
c0c2c2
bfc1c1
bec0c0
c0c2c2
c1c3c3
b9b9b9
bababa
bdbdbd
bfbfbf
c2c2c2
c4c4c4
c9c9c9
cecece
d3d3d3
d7d7d7
dcdcdc
d8d8d8
d3d3d3
d2d2d2
d2d2d2
d0d0d0
cbcbcb
c6c6c6
c3c3c3
c3c3c3
c0c2c2
c2c5c5
c7c9c9
cacccc
cbcdcd
cacccc
cbcdcd
ced0d0
d4d6d6
d7d9d9
d7d9d9
d9dada
d7d9d9
d3d5d5
cccece
c8caca
c7cac9
c5c9c9
c3c7c6
bfc4c3
bec2c3
bbbfc0
bbbfc0
bfc3c4
c6cacb
c9cdce
c8cccd
c6cacb
c4c9c9
c6cacb
ccd0d1
d2d6d7
d5d9da
d4d9d9
ced2d3
c9cdce
c6cacb
c5c9ca
c3c7c8
c1c5c6
c0c2c2
c0c2c2
c1c3c3
c3c5c5
c5c7c7
c8caca
cccece
d1d3d3
d3d5d5
d6d8d8
d8dada
dbdddd
dcdede
d6d8d8
cbcdcd
bfc1c1
b9bbbb
b7b9b9
b7b9b9
b9bbbb
c2c2c2
c8c8c8
cbcbcb
cacaca
c7c7c7
cacaca
d3d3d3
d9d9d9
dadada
d7d7d7
dcdcdc
dedede
dfdfdf
dedede
d9d9d9
d3d3d3
cccccc
c8c8c8
c6c6c6
c5c5c5
c7c7c7
c8c8c8
cacaca
cecece
d5d5d5
dcdcdc
e1e1e1
e3e3e3
e3e3e3
e2e2e2
dfdfdf
dbdbdb
d4d4d4
cdcdcd
c7c7c7
c3c3c3
c1c1c1
c1c1c1
c1c1c1
c1c1c1
c1c1c1
c5c5c5
c7c7c7
c7c7c7
c5c5c5
c7c7c7
cecece
d7d7d7
dddddd
e0e0e0
e6e6e6
e2e2e2
dddddd
d9d9d9
d5d5d5
d2d2d2
cccccc
c5c5c5
bebebe
bbbbbb
bebfbd
c0c1bf
c2c3c1
c6c7c5
c8c9c7
c9cac8
cbccca
d0d1cf
d7d8d6
dfe0de
dfe0de
dadbd9
d1d2d0
c7c8c6
c0c1bf
bebfbd
c0c1bf
c5c6c4
cacbc9
cdcecc
cdcecc
cccdcb
cbccca
d1d2d0
d9dad8
e3e4e2
e8e9e7
e7e8e6
e2e3e1
dbdcda
cacbc9
c5c6c4
c3c4c2
c5c6c4
c7c8c6
c8c9c7
c8c9c7
cacbc9
cfd0ce
d4d5d3
d6d6d6
d6d6d6
dadada
dfdfdf
e3e3e3
e6e6e6
e2e2e2
d9d9d9
cecece
c7c7c7
c5c5c5
c8c8c8
cccccc
d2d2d2
d7d7d7
dadada
d8d8d8
d1d1d1
c9c9c9
c2c2c2
c1c2c2
c8c8c8
cfcfcf
d0d1d1
cfcfcf
cecece
cecece
cfcfcf
cfcfcf
cdcdcd
bdbdbd
aeaeae
abacac
b5b5b5
c3c3c3
c3c4c4
bfbfbf
bebebe
c0c0c0
c1c1c1
bdbdbd
bfbfbf
c4c4c4
cccccc
d5d5d5
d7d7d7
d2d2d2
c8c8c8
c1c1c1
bdbdbd
bcbcbc
c2c2c2
c8c8c8
cbcbcb
cacaca
c7c7c7
c6c6c6
c2c2c2
bcbcbc
b8b8b8
bababa
bebebe
c3c3c3
c6c6c6
c6c6c6
c1c1c1
bbbbbb
b6b6b6
b4b4b4
b5b5b5
bfbfbf
c7c7c7
cccccc
cacaca
c1c1c1
bbbbbb
bcbcbc
bcbcbc
bbbbbb
b9b9b9
b9b9b9
bababa
bcbcbc
bfbfbf
c2c2c2
c3c3c3
c2c2c2
c0c0c0
bebebe
bdbdbd
b9b9b9
bebebe
c3c3c3
c5c5c5
c4c4c4
c4c4c4
c4c4c4
c3c3c3
c0c0c0
bdbdbd
bdbdbd
bdbdbd
bcbcbc
bcbcbc
bdbdbd
bfbfbf
c2c2c2
c5c5c5
c8c8c8
cacaca
c4c4c4
c4c4c4
c3c3c3
c0c0c0
bebebe
bebebe
c0c0c0
c1c1c1
c2c2c2
bfbfbf
b8b8b8
b6b6b6
bababa
c2c2c2
cecece
d7d7d7
d7d7d7
d5d5d5
d3d3d3
d2d2d2
cdcdcd
cccccc
cbcbcb
c7c7c7
c3c3c3
c1c1c1
c1c1c1
c4c4c4
c8c8c8
cccccc
d2d2d2
d4d4d4
d6d6d6
d8d8d8
d6d6d6
d1d1d1
cfcfcf
cdcdcd
cecece
cfcfcf
cecece
cbcbcb
c8c8c8
c8c8c8
cacaca
cbcbcb
cacaca
cccccc
cdcdcd
d1d1d1
d4d6d6
d9dbdb
dddfdf
dfe1e1
dee0e0
d9dbdb
d1d3d3
cccece
cacccc
c9cbcb
c7c9c9
c8caca
c9cbcb
cccece
cdcfcf
d0d2d2
d4d6d6
dbdddd
e2e4e4
e7e9e9
e8e8e8
e8e8e8
e7e7e7
e4e4e4
dfdfdf
d8d8d8
d2d2d2
cdcdcd
cacaca
cacaca
cfcfcf
d3d3d3
d5d5d5
d4d4d4
d3d3d3
d7d7d7
dddddd
e3e3e3
e5e5e5
e3e3e3
dfdfdf
d6d6d6
cecece
cbcbcb
cbcbcb
cacaca
cfcfcf
d5d5d5
d6d6d6
d1d1d1
d3d3d3
d4d4d4
d6d6d6
d9d9d9
dedede
e2e2e2
e2e2e2
e0e0e0
dcdcdc
d8d8d8
cecece
cbcbcb
c8c8c8
c8c8c8
cacaca
cfcfcf
d2d2d2
d3d3d3
d2d2d2
d0d0d0
d0d0d0
d4d4d4
d9d9d9
dddddd
dedede
dddddd
dcdcdc
dbdbdb
dcdcdc
dddddd
d5d5d5
d2d2d2
d1d1d1
d1d1d1
d3d3d3
d7d7d7
d9d9d9
dadada
d9d9d9
d8d8d8
d4d4d4
d5d5d5
d9d9d9
dddddd
e3e3e3
e6e6e6
e6e6e6
e2e2e2
dcdcdc
d8d8d8
d3d3d3
cdcdcd
cacaca
cdcdcd
d6d6d6
dddddd
dedede
dbdbdb
d6d6d6
d4d4d4
dadada
dedede
e0e0e0
e1e1e1
e0e0e0
dfdfdf
e0e0e0
e1e1e1
e1e1e1
dfdfdf
d1d1d1
cbcbcb
c7c7c7
c5c5c5
c8c8c8
cfcfcf
d6d6d6
dbdbdb
dcdcdc
dcdcdc
d8d8d8
d3d3d3
d0d0d0
d1d1d1
d7d7d7
dcdcdc
dadada
d6d6d6
d3d3d3
d0d1d1
c7c8c8
c9cbcb
d0d2d2
d5d7d7
d9dbdb
dadcdc
d8dada
d7d9d9
d5d7d7
d2d4d4
cccece
ced0d0
d1d3d3
d7d9d9
d9dbdb
d7d9d9
cfd1d1
c8caca
c4c6c6
c3c5c5
c0c2c2
c5c7c7
c9cbcb
c8caca
c1c3c3
bec0c0
c1c3c3
c7c9c9
cccece
cfd1d1
d1d3d3
ced0d0
cccece
cfd1d1
d1d3d3
cbcdcd
c3c5c5
bfc1c1
c2c4c4
cacbcb
d7d8d8
d5d5d5
cdcdcd
c4c4c4
bdbdbd
bebebe
c3c3c3
cacaca
cdcdcd
cbcbcb
c0c0c0
bfbfbf
bfbfbf
c0c0c0
c1c1c1
c7c7c7
c9c9c9
c7c7c7
bebebe
b6b6b6
b2b4b4
b5b7b7
b8baba
b7b9b9
b3b5b5
b1b3b3
b5b7b7
babcbc
bec0c0
bfc1c1
c0c2c2
c1c3c3
c3c5c5
c5c7c7
c6c8c8
c6c8c8
c5c7c7
c4c6c6
c3c5c5
c2c4c4
c3c5c5
c8caca
c9cbcb
c6c8c8
bec0c0
babcbc
bbbdbd
bcbebe
b8baba
b3b5b5
b6b8b8
b7b9b9
b8baba
b7b9b9
b6b8b8
b8baba
bbbdbd
bdbfbf
bcbebe
b9bbbb
b8baba
b3b5b5
afb1b1
adafaf
adafaf
acaeae
acaeae
adafaf
b0b2b2
b5b7b7
bdbfbf
babcbc
b8baba
babcbc
bcbebe
bbbdbd
b8baba
b7b9b9
b8baba
b9bbbb
b2b4b4
afb1b1
aeb0b0
aeb0b0
b0b2b2
b2b4b4
b0b2b2
b0b2b2
b0b2b2
b3b5b5
b9bbbb
babcbc
bbbdbd
bec0c0
c0c2c2
bec0c0
babcbc
b8baba
b8baba
b9bbbb
b4b6b6
b3b5b5
b3b5b5
b2b4b4
b2b4b4
b2b4b4
b2b4b4
b4b6b6
b5b7b7
b7b9b9
b8baba
b6b8b8
b4b6b6
b6b8b8
b9bbbb
bbbdbd
babcbc
b9bbbb
babcbc
bcbebe
bebebe
bebebe
bebebe
bbbbbb
bababa
bababa
bdbdbd
c3c3c3
cacaca
cecece
d1d1d1
d0d0d0
cecece
cdcdcd
cdcdcd
c9c9c9
c5c5c5
c2c2c2
c2c2c2
c2c2c2
bbbdbd
bcbebe
bfc1c1
c1c3c3
c1c3c3
c2c4c4
c4c6c6
c8caca
cdcfcf
d0d2d2
d2d4d4
d3d5d5
d3d5d5
d0d1d1
cbcccc
c8c9c9
c7c8c8
c4c5c5
bfc1c1
b7bcbb
b4b7b8
b3b6b7
b6b9ba
b9bcbd
bcbfc0
bec1c2
bdc0c1
bcbfc0
bdc0c1
bec1c2
c5c8c9
cbcecf
cfd2d3
d0d3d4
cbcecf
c7cacb
c4c7c8
c4c7c8
c1c4c5
bec1c2
bfc1c1
bec0c0
bcbebe
bbbdbd
bdbfbf
c2c4c4
c8caca
cccece
cbcdcd
cacccc
cfd1d1
cfd1d1
cccece
c8caca
c3c5c5
bdbfbf
babcbc
babcbc
bbbdbd
bdbfbf
c3c3c3
c4c4c4
c4c4c4
c4c4c4
c6c6c6
cbcbcb
d3d3d3
d5d5d5
d3d3d3
d0d0d0
d6d6d6
d5d5d5
d4d4d4
d4d4d4
d5d5d5
d1d1d1
cccccc
c7c7c7
c3c3c3
c2c2c2
c3c3c3
c4c4c4
c8c8c8
cccccc
d1d1d1
d5d5d5
d7d7d7
d7d7d7
d6d6d6
d4d4d4
cfcfcf
cdcdcd
cacaca
c7c7c7
c4c4c4
c2c2c2
c1c1c1
c0c0c0
bfbfbf
bfbfbf
c0c0c0
c2c2c2
c3c3c3
c2c2c2
c1c1c1
c7c7c7
d1d1d1
dadada
dcdcdc
dbdbdb
dcdcdc
dbdbdb
d9d9d9
d8d8d8
d7d7d7
d2d2d2
cccccc
c5c5c5
bebebe
bababa
babbb9
babbb9
bebfbd
c2c3c1
c6c7c5
c7c8c6
c9cac8
cfd0ce
d6d7d5
d9dad8
d6d7d5
d3d4d2
cdcecc
c8c9c7
c4c5c3
c0c1bf
c0c1bf
c1c2c0
c5c6c4
c9cac8
c9cac8
cacbc9
cccdcb
d1d2d0
d8d9d7
dddedc
e0e1df
dddedc
d9dad8
d4d5d3
cecfcd
cccdcb
cacbc9
c8c9c7
c6c7c5
c4c5c3
c4c5c3
c8c9c7
cfd0ce
d7d7d6
d9d9d9
dcdcdc
e2e2e2
e8e8e8
ebebeb
eaeaea
e5e5e5
dddddd
d6d6d6
d0d0d0
cbcbcb
cbcbcb
cecece
d3d3d3
dadada
dddddd
dbdbdb
d6d6d6
d1d1d1
cecece
d3d3d3
d8d8d8
dddddd
dedede
dddddd
d9d9d9
d6d6d6
d4d4d4
d4d4d4
d2d2d2
c1c1c1
b8b8b8
b6b6b6
bcbcbc
c6c6c6
c5c5c5
c0c0c0
bfbfbf
c3c3c3
c8c8c8
cdcdcd
d1d1d1
d7d7d7
dedede
e3e3e3
e1e1e1
dbdbdb
d4d4d4
cfcfcf
cbcbcb
c7c7c7
cacaca
cdcdcd
cecece
cecece
cecece
cdcdcd
cacaca
c7c7c7
c4c4c4
cacaca
d0d0d0
d5d5d5
d6d6d6
d3d3d3
cdcdcd
c7c7c7
c1c1c1
bcbcbc
b9b9b9
c4c4c4
cdcdcd
d3d3d3
d3d3d3
cecece
cacaca
cbcbcb
cacaca
c7c7c7
c3c3c3
bfbfbf
c2c2c2
c6c6c6
c9c9c9
cbcbcb
cccccc
c9c9c9
c6c6c6
c1c1c1
bcbcbc
b3b3b3
b8b8b8
bfbfbf
c3c3c3
c3c3c3
c1c1c1
c0c0c0
bfbfbf
bfbfbf
c1c1c1
c3c3c3
c6c6c6
c7c7c7
c4c4c4
bdbdbd
bababa
b9b9b9
bcbcbc
c0c0c0
c2c2c2
c1c1c1
bfbfbf
bdbdbd
b7b7b7
b3b3b3
b4b4b4
b8b8b8
bbbbbb
bdbdbd
bdbdbd
b6b6b6
b3b3b3
b4b4b4
b8b8b8
bebebe
c5c5c5
c6c6c6
c5c5c5
c3c3c3
c1c1c1
bebebe
bfbfbf
bfbfbf
bebebe
bdbdbd
bcbcbc
bdbdbd
bfbfbf
c3c3c3
c6c6c6
c7c7c7
c9c9c9
cbcbcb
cdcdcd
cdcdcd
c9c9c9
c7c7c7
c5c5c5
c5c5c5
c5c5c5
c4c4c4
c5c5c5
c5c5c5
c5c5c5
c4c4c4
c3c3c3
c2c2c2
c5c5c5
c9c9c9
cdcdcd
cccece
ced0d0
d1d3d3
d1d3d3
d0d2d2
cccece
c8caca
c5c7c7
c5c7c7
c5c7c7
c7c9c9
c6c8c8
c6c8c8
c6c8c8
c6c8c8
c5c7c7
c6c8c8
ced0d0
dadcdc
e3e5e5
e3e3e3
e0e0e0
dddddd
d9d9d9
d7d7d7
d4d4d4
d0d0d0
cbcbcb
c8c8c8
c7c7c7
cccccc
cbcbcb
cccccc
cfcfcf
d4d4d4
d6d6d6
d5d5d5
d4d4d4
d5d5d5
d7d7d7
d5d5d5
d0d0d0
cdcdcd
cdcdcd
cdcdcd
cbcbcb
cccccc
d0d0d0
d3d3d3
d3d3d3
d4d4d4
d6d6d6
d9d9d9
dbdbdb
dcdcdc
dedede
dedede
dadada
d4d4d4
cfcfcf
cacaca
c9c9c9
c9c9c9
c9c9c9
c9c9c9
cbcbcb
cdcdcd
d0d0d0
d2d2d2
d4d4d4
d6d6d6
d7d7d7
d8d8d8
dadada
dbdbdb
dadada
d8d8d8
d7d7d7
d9d9d9
dadada
d5d5d5
d3d3d3
d1d1d1
d1d1d1
d2d2d2
d4d4d4
d3d3d3
d4d4d4
d5d5d5
d6d6d6
d5d5d5
d8d8d8
dbdbdb
dddddd
dddddd
dddddd
dcdcdc
dadada
d8d8d8
d6d6d6
d2d2d2
cdcdcd
cbcbcb
cdcdcd
d3d3d3
d9d9d9
dbdbdb
dadada
d7d7d7
d6d6d6
d9d9d9
dedede
e1e1e1
e3e3e3
e4e4e4
e5e5e5
e6e6e6
e5e5e5
e1e1e1
dbdbdb
d1d1d1
cecece
cbcbcb
cacaca
cbcbcb
cfcfcf
d4d4d4
d8d8d8
dadada
dbdbdb
d9d9d9
d7d7d7
d5d5d5
d4d4d4
d7d7d7
d9d9d9
d9d9d9
d9d9d9
d8d8d8
d6d6d6
d0d2d2
cfd1d1
d0d2d2
d2d4d4
d6d8d8
dadcdc
dcdede
dddfdf
dbdddd
d9dbdb
d9dbdb
dadcdc
dbdddd
dee0e0
e0e2e2
dee0e0
d8dada
d1d3d3
cbcdcd
c6c8c8
c3c5c5
c8caca
cdcfcf
cfd1d1
cbcdcd
c6c8c8
c8caca
cccece
d2d4d4
d7d9d9
dbdddd
dbdddd
dbdddd
dbdddd
d9dbdb
d2d4d4
cacccc
c6c8c8
c7c9c9
cdcece
dedede
dfdfdf
dcdcdc
d8d8d8
d4d4d4
d4d4d4
d7d7d7
d9d9d9
d9d9d9
d5d5d5
cdcdcd
c9c9c9
c5c5c5
c5c5c5
c8c8c8
cdcdcd
cecece
cacaca
c4c4c4
bfc0c0
bdbfbf
bec0c0
bec0c0
bcbebe
b9bbbb
b8baba
babcbc
bfc1c1
c2c4c4
c4c6c6
c3c5c5
c3c5c5
c3c5c5
c3c5c5
c4c6c6
c5c7c7
c5c7c7
c5c7c7
c4c6c6
c3c5c5
c2c4c4
c6c8c8
cccece
ced0d0
ced0d0
cccece
cacccc
c5c7c7
bdbfbf
b7b9b9
b5b7b7
b6b8b8
b9bbbb
babcbc
bec0c0
c1c3c3
c6c8c8
c9cbcb
cbcdcd
cacccc
c2c4c4
bcbebe
b7b9b9
b4b6b6
b4b6b6
b5b7b7
b5b7b7
b8baba
bbbdbd
c0c2c2
c0c2c2
bcbebe
bbbdbd
bfc1c1
c7c9c9
ced0d0
cfd1d1
d0d2d2
d0d2d2
cfd1d1
c2c4c4
b9bbbb
b2b4b4
b1b3b3
b5b7b7
b9bbbb
b8baba
b5b7b7
b1b3b3
b0b2b2
b1b3b3
b2b4b4
b4b6b6
b9bbbb
bdbfbf
bcbebe
babcbc
b8baba
babcbc
bdbfbf
bdbfbf
c1c3c3
c5c7c7
c7c9c9
c4c6c6
babcbc
b2b4b4
afb1b1
b3b5b5
b8baba
b5b7b7
b3b5b5
b3b5b5
b3b5b5
b4b6b6
b4b6b6
b4b6b6
b5b7b7
b7b9b9
babcbc
bebebe
bebebe
bdbdbd
bababa
b6b6b6
b3b3b3
b4b4b4
bbbbbb
c3c3c3
c9c9c9
cacaca
cbcbcb
cccccc
cacaca
c6c6c6
c1c1c1
bebebe
bcbcbc
bcbcbc
bdbdbd
bdbfbf
bec0c0
bfc1c1
bfc1c1
bec0c0
bec0c0
c0c2c2
c4c6c6
c8cbcb
cbcdcd
cacccc
cbcdcd
cccdcd
cccccc
cacaca
c8c8c8
c8c8c8
c4c4c4
bdbebe
b6b7b7
b0b2b3
b1b3b4
b4b6b7
b5b7b8
b6b8b9
b7b9ba
b7b9ba
b6b8b9
b5b6b8
b5b7b8
bdbfc0
c2c4c5
c5c7c8
c5c7c8
c1c3c4
bec0c1
bfc0c1
c0c2c3
c0c2c3
c0c2c3
bfc1c1
bdbfbf
babcbc
b7b9b9
b7b9b9
bcbebe
c2c4c4
c6c8c8
c4c6c6
c1c3c3
c2c4c4
bfc1c1
babcbc
b8baba
b8baba
b4b6b6
b2b4b4
b3b5b5
b8baba
bcbebe
bebebe
bcbcbc
b9b9b9
bababa
bebebe
c4c4c4
cbcbcb
cfcfcf
cfcfcf
cecece
d0d0d0
cccccc
c9c9c9
c8c8c8
cacaca
c9c9c9
c5c5c5
c0c0c0
bcbcbc
bcbcbc
bdbdbd
bfbfbf
c1c1c1
c4c4c4
c7c7c7
cacaca
cbcbcb
cdcdcd
cecece
cdcdcd
c8c8c8
c7c7c7
c7c7c7
c5c5c5
c3c3c3
c1c1c1
bebebe
bdbdbd
bbbbbb
bbbbbb
bbbbbb
bcbcbc
bbbbbb
bababa
bababa
c0c0c0
cacaca
d0d0d0
d0d0d0
cecece
cdcdcd
cecece
cfcfcf
d0d0d0
cecece
c9c9c9
c4c4c4
bfbfbf
b9b9b9
b7b7b7
bcbdbb
bbbcba
bebfbd
c4c5c3
c6c7c5
c3c4c2
c6c7c5
cbccca
cecfcd
cccdcb
c9cac8
c6c7c5
c3c4c2
c1c2c0
c2c3c1
bebfbd
bcbdbb
babbb9
babbb9
bfc0be
c5c6c4
c7c8c6
cacbc9
d0d1cf
d4d5d3
d8d9d7
d8d9d7
d6d7d5
d2d3d1
cfd0ce
d1d2d0
d1d2d0
cecfcd
cbccca
c5c6c4
c1c2c0
c0c1bf
c0c1bf
c1c2c0
c5c5c4
cdcdcd
d4d4d4
dcdcdc
e3e3e3
e6e6e6
e4e4e4
dedede
d6d6d6
d1d1d1
cdcdcd
c8c8c8
c5c5c5
c7c7c7
cbcbcb
d0d0d0
d4d4d4
d4d4d4
d5d5d5
d8d8d8
dadada
dddcdc
dedede
e0e0e0
e2e1e1
e1e0e0
dddcdc
d7d7d7
d4d4d4
d3d3d3
d2d2d2
c8c8c8
c1c1c1
bdbdbd
bbbbbb
bebdbd
bebdbd
bcbcbc
bebebe
c4c4c4
cccccc
d1d1d1
d7d7d7
dddddd
e0e0e0
e0e0e0
dddddd
d8d8d8
d3d3d3
d1d1d1
cfcfcf
cbcbcb
cacaca
cacaca
cacaca
cbcbcb
cecece
cecece
cfcfcf
cfcfcf
cfcfcf
d5d5d5
dcdcdc
e1e1e1
e1e1e1
dddddd
d7d7d7
d0d0d0
cacaca
c2c2c2
bdbdbd
c5c5c5
cdcdcd
d3d3d3
d6d6d6
d5d5d5
d3d3d3
d4d4d4
d3d3d3
d1d1d1
cecece
cccccc
cfcfcf
d3d3d3
d5d5d5
d5d5d5
d4d4d4
d4d4d4
cfcfcf
c9c9c9
c2c2c2
bababa
bcbcbc
c2c2c2
c6c6c6
c8c8c8
c7c7c7
c5c5c5
c5c5c5
c6c6c6
c7c7c7
cccccc
cfcfcf
d1d1d1
cccccc
c3c3c3
bdbdbd
bcbcbc
bebebe
c1c1c1
c2c2c2
c3c3c3
c2c2c2
bebebe
b9b9b9
b3b3b3
b3b3b3
b7b7b7
bdbdbd
c0c0c0
c1c1c1
bababa
b8b8b8
b6b6b6
b6b6b6
b7b7b7
bbbbbb
bdbdbd
bdbdbd
bababa
b9b9b9
b7b7b7
b7b7b7
b7b7b7
b8b8b8
bababa
bdbdbd
bdbdbd
bdbdbd
bcbcbc
bbbbbb
b9b9b9
bdbdbd
c2c2c2
c5c5c5
c6c6c6
c5c5c5
c2c2c2
c0c0c0
bfbfbf
bfbfbf
bdbdbd
c0c0c0
c4c4c4
c4c4c4
c2c2c2
bdbdbd
bbbbbb
bdbdbd
c1c1c1
c5c5c5
c2c4c4
c2c4c4
c1c3c3
c0c2c2
c0c2c2
c0c2c2
bfc1c1
bfc1c1
bfc1c1
bfc1c1
c1c3c3
c0c2c2
c0c2c2
c0c2c2
bdbfbf
b8baba
b6b8b8
bec0c0
cbcdcd
d5d7d7
d3d3d3
cfcfcf
cccccc
c9c9c9
cacaca
c8c8c8
c5c5c5
c2c2c2
c2c2c2
c3c3c3
c6c6c6
c2c2c2
c2c2c2
cacaca
d3d3d3
d4d4d4
cfcfcf
c9c9c9
c9c9c9
cdcdcd
c7c7c7
c5c5c5
c5c5c5
c7c7c7
cacaca
cacaca
c8c8c8
c7c7c7
cacaca
cdcdcd
cecece
d2d2d2
d6d6d6
d7d7d7
d6d6d6
d3d3d3
d2d2d2
cfcfcf
c9c9c9
c5c5c5
c6c6c6
c7c7c7
c9c9c9
c9c9c9
c7c7c7
c6c6c6
c6c6c6
cacaca
cecece
d2d2d2
d4d4d4
d4d4d4
d4d4d4
d6d6d6
d8d8d8
d6d6d6
d3d3d3
d1d1d1
d0d0d0
d1d1d1
d0d0d0
cecece
cdcdcd
d0d0d0
d1d1d1
cfcfcf
cccccc
cacaca
cacaca
cecece
d3d3d3
d8d8d8
dcdcdc
dcdcdc
d8d8d8
d3d3d3
d2d2d2
d1d1d1
d0d0d0
cecece
cacaca
cacaca
cbcbcb
cccccc
cecece
d0d0d0
d3d3d3
d5d5d5
d6d6d6
d7d7d7
dbdbdb
dddddd
dedede
dedede
dedede
e0e0e0
e0e0e0
dddddd
d7d7d7
d1d1d1
c9c9c9
c9c9c9
c9c9c9
c8c8c8
c7c7c7
c8c8c8
cacaca
cecece
d2d2d2
d4d4d4
d6d6d6
d8d8d8
dadada
d8d8d8
d5d5d5
d3d3d3
d5d5d5
d6d6d6
d6d6d6
d4d4d4
cfd1d1
cdcfcf
cbcdcd
cacccc
cfd1d1
d4d6d6
d9dbdb
dadcdc
dadcdc
d8dada
dfe1e1
dfe1e1
dfe1e1
dfe1e1
dfe1e1
dcdede
d8dada
d2d4d4
cbcdcd
c7c9c9
c5c7c7
c9cbcb
d0d2d2
d3d5d5
d3d5d5
cfd1d1
cdcfcf
cfd1d1
d3d5d5
d6d8d8
d5d7d7
d8dada
dadcdc
dadcdc
d6d8d8
cfd1d1
cacccc
c8caca
c9cbcb
cccece
d8d8d8
dcdcdc
dedede
dfdfdf
dfdfdf
e1e1e1
e3e3e3
e2e2e2
dfdfdf
dadada
d2d2d2
cccccc
c6c6c6
c6c6c6
cacaca
cfcfcf
d1d1d1
d0d0d0
cecece
cecece
cbcdcd
cbcdcd
cbcdcd
c9cbcb
c6c8c8
c2c4c4
c1c3c3
c2c4c4
c5c7c7
c8caca
c6c8c8
c4c6c6
c1c3c3
bfc1c1
bfc1c1
c1c3c3
c3c5c5
c3c5c5
c2c4c4
c1c3c3
c1c3c3
c3c5c5
c8caca
ced0d0
d3d5d5
d5d7d7
d1d3d3
cacccc
c3c5c5
bdbfbf
bcbebe
bcbebe
bcbebe
bec0c0
c1c3c3
c5c7c7
c9cbcb
cccece
cfd1d1
d1d3d3
cfd1d1
c8caca
c1c3c3
bfc1c1
bfc1c1
c1c3c3
c2c4c4
c5c7c7
cacccc
ced0d0
cacccc
c4c6c6
c3c5c5
c7c9c9
d2d4d4
dbdddd
dee0e0
dee0e0
dddfdf
dcdede
d5d7d7
cbcdcd
c3c5c5
c1c3c3
c6c8c8
cacccc
c8caca
c2c4c4
bdbfbf
b9bbbb
b5b7b7
b6b8b8
b8baba
bcbebe
c0c2c2
c0c2c2
bfc1c1
bfc1c1
c1c3c3
c7c9c9
d1d3d3
d5d7d7
dadcdc
dadcdc
d4d6d6
c6c8c8
b9bbbb
b6b8b8
bcbebe
c4c6c6
bdbfbf
bdbfbf
bdbfbf
bbbdbd
b6b8b8
b2b4b4
b1b3b3
b4b6b6
b8baba
bbbdbd
bababa
bfbfbf
c4c4c4
c6c6c6
c0c0c0
b7b7b7
b3b3b3
b6b6b6
bdbdbd
c4c4c4
c6c6c6
c7c7c7
c6c6c6
c4c4c4
c0c0c0
bbbbbb
b9b9b9
b9b9b9
b9b9b9
bcbcbc
c2c4c4
c3c5c5
c2c4c4
c0c2c2
bdbfbf
babcbc
babcbc
bdbfbf
c2c2c2
c4c5c5
c7c8c8
c9c9c9
cbcbcb
cbcbcb
c9c9c9
c9c7c7
c9c7c7
c5c3c3
bfbebe
b8b8b8
b1b3b4
b1b3b3
b3b5b5
b6b8b8
b8baba
babcbc
b9bbbb
b5b7b8
b0b2b3
aeb0b0
b7b9ba
bcbebe
bec0c0
bdbfbf
b7b9b9
b4b6b6
b6b8b9
bcbebe
c1c3c3
c4c6c7
bfc1c1
bfc1c1
bdbfbf
babcbc
b7b9b9
b7b9b9
bbbdbd
bec0c0
bec0c0
bec0c0
bbbdbd
bbbdbd
babcbc
b8baba
b6b8b8
b1b3b3
adafaf
aeb0b0
b3b5b5
b9baba
bcbcbc
b9b9b9
b4b4b4
b2b2b2
b3b3b3
b9b9b9
bfbfbf
c4c4c4
c6c6c6
c8c8c8
c4c4c4
c2c2c2
c1c1c1
c1c1c1
c2c2c2
c0c0c0
bdbdbd
bababa
b9b9b9
bababa
b7b7b7
b7b7b7
b7b7b7
b8b8b8
bababa
bfbfbf
c1c1c1
c6c6c6
cacaca
cbcbcb
c8c8c8
c7c7c7
c4c4c4
c0c0c0
bcbcbc
b9b9b9
b8b8b8
b9b9b9
bcbcbc
bebebe
b9b9b9
b9b9b9
bababa
bbbbbb
bcbcbc
bebebe
c0c0c0
c2c2c2
c4c4c4
c5c5c5
c2c2c2
c0c0c0
bebebe
bbbbbb
b9b9b9
b6b6b6
b5b5b5
b5b5b5
b2b2b2
b0b0b0
b5b6b4
b5b6b4
b9bab8
bebfbd
bdbebc
b6b7b5
b8b9b7
bebfbd
c3c4c2
c3c4c2
c1c2c0
bcbdbb
b8b9b7
b8b9b7
babbb9
bbbcba
babbb9
b8b9b7
b8b9b7
babbb9
c0c1bf
c2c3c1
c5c6c4
c9cac8
cdcecc
d1d2d0
d2d3d1
d3d4d2
d1d2d0
d0d1cf
cdcecc
cccdcb
cbccca
c8c9c7
c4c5c3
c0c1bf
bdbebc
bdbebc
bebfbd
c0c1bf
c6c6c6
cacaca
d0d0d0
d6d6d6
d8d8d8
d6d6d6
d1d1d1
cccccc
c7c7c7
c5c5c5
c3c3c3
c1c1c1
c0c0c0
c0c0c0
c3c3c3
c5c5c5
c8c8c8
cdcdcd
d4d4d4
d9dada
dbdcdc
dcdede
dddede
dddede
dadcdc
d6d7d7
d1d2d2
cecfcf
cdcece
cdcece
c6c7c7
bdbebe
b7b9b9
b5b6b6
b5b7b7
b5b6b6
b4b5b5
b7b8b8
bdbebe
c5c6c6
cecece
d3d3d3
d7d7d7
d9d9d9
d7d7d7
d3d3d3
cecece
cccccc
cccccc
cccccc
c6c6c6
c5c5c5
c5c5c5
c5c5c5
c5c5c5
c7c7c7
cacaca
cecece
d0d0d0
d2d2d2
d5d5d5
dbdbdb
dfdfdf
dfdfdf
dadada
d5d5d5
cfcfcf
c9c9c9
c3c3c3
c0c0c0
c2c2c2
c7c7c7
cbcbcb
d0d0d0
d1d1d1
d0d0d0
cfcfcf
cfcfcf
d3d3d3
d7d7d7
d8d8d8
dbdbdb
dedede
dedede
dddddd
dbdbdb
dbdbdb
d8d8d8
d3d3d3
cdcdcd
c6c6c6
c5c5c5
c7c7c7
c9c9c9
cdcdcd
d1d1d1
d2d2d2
d1d1d1
d0d0d0
cecece
cfcfcf
d2d2d2
d5d5d5
d4d4d4
cdcdcd
c7c7c7
c4c4c4
c1c1c1
c0c0c0
c0c0c0
c2c2c2
c3c3c3
c4c4c4
c0c0c0
bbbbbb
bababa
bebebe
c4c4c4
cacaca
cccccc
cbcbcb
c7c7c7
c2c2c2
bdbdbd
bababa
bbbbbb
bcbcbc
bdbdbd
bcbcbc
bcbcbc
bababa
b9b9b9
b9b9b9
bcbcbc
c2c2c2
c7c7c7
c9c9c9
c7c7c7
c2c2c2
bdbdbd
b7b7b7
b8b8b8
bbbbbb
bebebe
c1c1c1
c3c3c3
c2c2c2
c0c0c0
bebebe
bcbcbc
bababa
bdbdbd
c1c1c1
c5c5c5
c6c6c6
c4c4c4
c1c1c1
bfbfbf
bebebe
bebebe
bbbdbd
bbbdbd
bcbebe
bcbebe
bcbebe
bdbfbf
bcbebe
bcbebe
bcbebe
bcbebe
bbbdbd
bbbdbd
bcbebe
bdbfbf
bcbebe
b6b8b8
b2b4b4
b4b6b6
babcbc
bfc1c1
bebebe
bdbdbd
bcbcbc
bdbdbd
bdbdbd
bbbbbb
b9b9b9
bababa
bfbfbf
c3c3c3
bebebe
bfbfbf
c2c2c2
c5c5c5
c9c9c9
cbcbcb
c9c9c9
c7c7c7
c5c5c5
c5c5c5
c0c0c0
c0c0c0
c1c1c1
c4c4c4
c7c7c7
c7c7c7
c5c5c5
c3c3c3
c2c2c2
c3c3c3
cacaca
cfcfcf
d2d2d2
d2d2d2
cfcfcf
cacaca
c8c8c8
c6c6c6
c2c2c2
c0c0c0
c4c4c4
c7c7c7
c9c9c9
c9c9c9
c6c6c6
c1c1c1
bfbfbf
c2c2c2
c8c8c8
cdcdcd
cfcfcf
d0d0d0
d3d3d3
d5d5d5
d7d7d7
d3d3d3
cdcdcd
c9c9c9
c8c8c8
c9c9c9
cacaca
c8c8c8
c8c8c8
c8c8c8
cacaca
c8c8c8
c4c4c4
c2c2c2
c1c1c1
c3c3c3
cecece
d4d4d4
d9d9d9
d9d9d9
d6d6d6
d1d1d1
cdcdcd
c9c9c9
c4c4c4
c2c2c2
c0c0c0
c5c5c5
cbcbcb
cdcdcd
cbcbcb
c7c7c7
c6c6c6
cbcbcb
d1d1d1
d7d7d7
dddddd
dddddd
dbdbdb
d6d6d6
d3d3d3
d2d2d2
d2d2d2
d1d1d1
cecece
cacaca
c5c5c5
c4c4c4
c4c4c4
c3c3c3
c2c2c2
c3c3c3
c3c3c3
c5c5c5
c6c6c6
c9c9c9
cecece
d3d3d3
d6d6d6
d5d5d5
d2d2d2
cfcfcf
cfcfcf
cfcfcf
cfcfcf
cecece
cccece
cbcdcd
c8caca
c6c8c8
c7c9c9
cacccc
ced0d0
d2d4d4
d5d7d7
d5d7d7
dcdede
dee0e0
dee0e0
dddfdf
d9dbdb
d3d5d5
cdcfcf
c9cbcb
c8caca
c7c9c9
c5c7c7
c8caca
cccece
d0d2d2
d3d5d5
d4d6d6
d4d6d6
d3d5d5
d2d4d4
d1d3d3
cdcfcf
cfd1d1
d0d2d2
d1d3d3
cfd1d1
cbcdcd
c9cbcb
c9cbcb
c9cbcb
cacccc
cfd0d0
d4d4d4
d9d9d9
dedede
e2e2e2
e6e6e6
e8e8e8
e7e7e7
e2e2e2
dcdcdc
d6d6d6
d0d0d0
cbcbcb
c8c8c8
c9c9c9
cacaca
cbcbcb
cccccc
cecece
d1d1d1
d6d8d8
d9dbdb
dadcdc
d7d9d9
d2d4d4
cbcdcd
c6c8c8
c3c5c5
c5c7c7
c6c8c8
c2c4c4
c1c3c3
bec0c0
bdbfbf
bcbebe
bdbfbf
bec0c0
bec0c0
bdbfbf
bcbebe
bec0c0
c0c2c2
c3c5c5
c6c8c8
cbcdcd
d0d2d2
d0d2d2
cfd1d1
cccece
cacccc
cbcdcd
cacccc
c7c9c9
c4c6c6
c3c5c5
c3c5c5
c5c7c7
c9cbcb
cccece
ced0d0
ced0d0
cacccc
c7c9c9
c8caca
cccece
cfd1d1
cfd1d1
d1d3d3
d4d6d6
d5d7d7
cdcfcf
c9cbcb
c7c9c9
c8caca
cdcfcf
d3d5d5
d6d8d8
d8dada
dbdddd
dddfdf
d5d7d7
d4d6d6
d4d6d6
d7d9d9
d8dada
dadcdc
d8dada
d3d5d5
cbcdcd
c4c6c6
c1c3c3
bfc1c1
c0c2c2
c2c4c4
c5c7c7
c7c9c9
c8caca
cacccc
cdcfcf
d2d4d4
dcdede
dfe1e1
e1e3e3
e0e2e2
dbdddd
d0d2d2
c6c8c8
c2c4c4
c4c6c6
c8caca
cacccc
cacccc
c8caca
c5c7c7
c1c3c3
bdbfbf
bcbebe
bfc1c1
c2c4c4
c6c8c8
cacaca
d1d1d1
d8d8d8
dbdbdb
d4d4d4
c8c8c8
bfbfbf
bcbcbc
bfbfbf
c3c3c3
c3c3c3
c3c3c3
c3c3c3
c1c1c1
bfbfbf
bcbcbc
bdbdbd
c0c0c0
c4c3c3
c8c8c8
cdcfcf
ced1d1
cccece
c8caca
c3c5c5
bec0c0
bbbdbd
bbbcbc
bdbdbd
bfbfbf
c7c7c7
cbcaca
cccccc
cccccc
cacaca
cac8c8
c9c7c7
c6c3c3
c0bebe
bababa
b6b7b7
b6b8b8
b9bbbb
bdbfbf
c2c4c4
c5c7c7
c4c6c6
bec0c0
b7b9b9
b2b4b4
b5b7b7
bcbebe
c3c5c5
c5c7c7
c2c4c4
bcbebe
babcbc
bdbfbf
c1c3c3
c6c8c8
c8caca
cacccc
c9cbcb
c3c5c5
bcbebe
b7b9b9
b7b9b9
babcbc
bdbfbf
bdbfbf
bdbfbf
bec0c0
bfc1c1
bec0c0
bdbfbf
b8baba
b5b7b7
b9bbbb
c0c2c2
c8caca
cccccc
c8c8c8
c0c0c0
b8b8b8
b3b3b3
b2b2b2
b4b4b4
b8b8b8
bbbbbb
bdbdbd
bbbbbb
bcbcbc
bcbcbc
bcbcbc
bcbcbc
bbbbbb
bababa
bbbbbb
bfbfbf
c2c2c2
c0c0c0
bdbdbd
bbbbbb
b8b8b8
b7b7b7
b8b8b8
bbbbbb
c1c1c1
c6c6c6
c8c8c8
c6c6c6
c5c5c5
c2c2c2
bebebe
bababa
b8b8b8
bbbbbb
c1c1c1
c8c8c8
cecece
cbcbcb
c8c8c8
c7c7c7
c7c7c7
c6c6c6
c1c1c1
bababa
b8b8b8
bbbbbb
c0c0c0
bdbdbd
bcbcbc
b9b9b9
b5b5b5
b2b2b2
aeaeae
aeaeae
afafaf
b1b1b1
b2b2b2
b3b4b2
b3b4b2
b8b9b7
bcbdbb
b9bab8
afb0ae
adaeac
b6b7b5
bdbebc
c0c1bf
bebfbd
b9bab8
b4b5b3
b2b3b1
b7b8b6
bbbcba
bdbebc
bdbebc
bcbdbb
bcbdbb
babbb9
b8b9b7
b8b9b7
b9bab8
bfc0be
c5c6c4
c9cac8
cacbc9
c9cac8
c6c7c5
bebfbd
bebfbd
c2c3c1
c3c4c2
c5c6c4
c6c7c5
c5c6c4
c5c6c4
c5c6c4
c4c5c3
bdbdbd
bcbcbc
bfbfbf
bfbfbf
c1c1c1
c1c1c1
c1c1c1
c1c1c1
c1c1c1
c2c2c2
c0c0c0
bebebe
bcbcbc
bbbbbb
bbbbbb
b9b9b9
b9b9b9
bebebe
c6c6c6
cecece
cfd1d1
d1d3d3
d2d5d5
d2d4d4
d0d2d2
cacccc
c4c6c6
c1c3c3
bfc1c1
bec1c1
b8baba
b4b6b6
b3b5b5
b4b6b6
b7b9b9
b7b9b9
b4b7b7
b3b5b5
b4b6b6
b8baba
c5c5c5
cacaca
cecece
d0d0d0
cecece
c9c9c9
c4c4c4
c3c3c3
c5c5c5
c7c7c7
c0c0c0
bfbfbf
bebebe
bdbdbd
bdbdbd
bebebe
c1c1c1
c7c7c7
cbcbcb
cecece
d3d3d3
d4d4d4
d4d4d4
d2d2d2
cccccc
c7c7c7
c4c4c4
c2c2c2
c1c1c1
c0c0c0
c0c0c0
c0c0c0
c3c3c3
c8c8c8
cacaca
c7c7c7
c2c2c2
c4c4c4
cacaca
d3d3d3
dcdcdc
e0e0e0
e1e1e1
dfdfdf
dcdcdc
d9d9d9
d8d8d8
d5d5d5
d1d1d1
cecece
c9c9c9
c8c8c8
c8c8c8
cacaca
cecece
d3d3d3
d5d5d5
d5d5d5
d3d3d3
d1d1d1
d4d4d4
d8d8d8
dadada
d9d9d9
d4d4d4
cdcdcd
c6c6c6
c1c1c1
bebebe
bcbcbc
c2c2c2
c6c6c6
cacaca
cacaca
c6c6c6
c5c5c5
c9c9c9
d0d0d0
d6d6d6
dadada
dddddd
d9d9d9
d1d1d1
c8c8c8
c3c3c3
c0c0c0
c0c0c0
c0c0c0
c0c0c0
c0c0c0
bcbcbc
bdbdbd
c1c1c1
c8c8c8
d2d2d2
dadada
dddddd
d9d9d9
d3d3d3
cdcdcd
bebebe
bcbcbc
bcbcbc
bdbdbd
c0c0c0
c3c3c3
c4c4c4
c3c3c3
c1c1c1
bebebe
bcbcbc
bfbfbf
c5c5c5
cdcdcd
d1d1d1
d2d2d2
d0d0d0
cbcbcb
c5c4c4
c1c1c1
c0c2c2
c1c3c3
c1c3c3
c1c3c3
c1c3c3
c1c3c3
c0c2c2
bfc1c1
bfc1c1
bec0c0
bfc1c1
c2c4c4
c5c7c7
c6c8c8
c3c5c5
bbbdbd
b4b6b6
b3b5b5
b5b7b7
b8baba
bababa
b9b9b9
b9b9b9
bababa
bababa
b8b8b8
b5b5b5
b5b5b5
b8b8b8
bcbcbc
bcbcbc
c0c0c0
c3c3c3
c2c2c2
bfbfbf
c0c0c0
c3c3c3
c5c5c5
c3c3c3
c1c1c1
bfbfbf
bfbfbf
c1c1c1
c3c3c3
c6c6c6
c6c6c6
c4c4c4
c3c3c3
c0c0c0
bfbfbf
c5c5c5
c9c9c9
cccccc
cdcdcd
cbcbcb
c6c6c6
c2c2c2
bfbfbf
bdbdbd
bcbcbc
c2c2c2
c4c4c4
c6c6c6
c6c6c6
c3c3c3
bfbfbf
bdbdbd
bfbfbf
c3c3c3
c7c7c7
cbcbcb
cecece
d1d1d1
d5d5d5
d7d7d7
d4d4d4
cccccc
c7c7c7
c5c5c5
c5c5c5
c6c6c6
c6c6c6
c4c4c4
c3c3c3
c3c3c3
c2c2c2
c0c0c0
bdbdbd
bbbbbb
bcbcbc
c6c6c6
cdcdcd
d2d2d2
d3d3d3
d2d2d2
cdcdcd
c9c9c9
c4c4c4
bebebe
b9b9b9
b8b8b8
bfbfbf
c7c7c7
cacaca
c7c7c7
c0c0c0
bdbdbd
c1c1c1
cacaca
d1d1d1
d7d7d7
d9d9d9
d6d6d6
d0d0d0
cbcbcb
c9c9c9
c9c9c9
c9c9c9
c8c8c8
c6c6c6
c1c1c1
c0c0c0
c0c0c0
c0c0c0
bfbfbf
bfbfbf
bebebe
bcbcbc
bbbbbb
bbbbbb
c2c2c2
c9c9c9
cecece
cfcfcf
cdcdcd
c8c8c8
c6c6c6
c6c6c6
c7c7c7
c8c8c8
c9cbcb
c9cbcb
c6c8c8
c4c6c6
c1c3c3
c0c2c2
c3c5c5
c7c9c9
cccece
d0d2d2
d4d6d6
d6d8d8
d6d8d8
d4d6d6
d0d2d2
cbcdcd
c5c7c7
c3c5c5
c3c5c5
c2c4c4
c1c3c3
c1c3c3
c3c5c5
c7c9c9
cdcfcf
d2d4d4
d5d7d7
d4d6d6
cfd1d1
cccece
cdcfcf
cdcfcf
cdcfcf
cccece
cbcdcd
c8caca
c7c9c9
c5c7c7
c4c6c6
c4c6c6
c7c7c7
cbcbcb
d0d0d0
d5d5d5
dbdbdb
e0e0e0
e3e3e3
e1e1e1
dbdbdb
d6d6d6
d8d8d8
d3d3d3
cecece
c9c9c9
c7c7c7
c3c3c3
c1c1c1
c2c2c2
c5c5c5
cacaca
d7d9d9
dcdede
dee0e0
dddfdf
d7d9d9
ced0d0
c6c8c8
c2c4c4
c2c4c4
c3c5c5
bcbebe
bbbdbd
bbbdbd
babcbc
b9bbbb
b9bbbb
babcbc
bbbdbd
bbbdbd
bbbdbd
bfc1c1
bfc1c1
bfc1c1
c2c4c4
c5c7c7
cacccc
ced0d0
d2d4d4
d5d7d7
d6d8d8
d7d9d9
d4d6d6
cfd1d1
cacccc
c5c7c7
c2c4c4
c2c4c4
c3c5c5
c5c7c7
c7c9c9
c4c6c6
c3c5c5
c3c5c5
c7c9c9
ced0d0
d4d6d6
d8dada
d9dbdb
dadcdc
d8dada
cacccc
c7c9c9
c6c8c8
c6c8c8
c6c8c8
c7c9c9
c8caca
cccece
d0d2d2
d2d4d4
cbcdcd
d1d3d3
d9dbdb
dcdede
dcdede
dbdddd
dbdddd
d7d9d9
cfd1d1
c7c9c9
c5c7c7
c3c5c5
c0c2c2
c0c2c2
c2c4c4
c7c9c9
cccece
d3d5d5
d8dada
dcdede
dfe1e1
e0e2e2
e0e2e2
dee0e0
d9dbdb
d0d2d2
c8caca
c4c6c6
c4c6c6
c5c7c7
cccece
cdcfcf
cdcfcf
cbcdcd
cacccc
cbcdcd
cdcfcf
d0d2d2
d5d7d7
d7d9d9
e1e1e1
e5e5e5
e9e9e9
e8e8e8
e3e3e3
d8d8d8
cecece
c6c6c6
c2c2c2
c1c1c1
c0c0c0
c1c1c1
c2c2c2
c2c2c2
c2c2c2
c4c4c4
c9c9c9
cfcfcf
d6d6d6
dbdcdc
dee0e0
dee1e1
dddfdf
dadcdc
d4d6d6
cdcfcf
c6c8c8
c3c4c4
c2c2c2
c1c1c1
c7c7c7
cacaca
cdcccc
cfcdcd
cdcbcb
ccc8c9
ccc8c9
cbc6c7
c6c3c3
c2c0c0
c4c4c4
c4c6c6
c7c9c9
cdcfcf
d1d3d3
d4d6d6
d1d3d3
cacccc
c2c4c4
bcbebe
bbbdbd
c1c3c3
c9cbcb
d0d2d2
d0d2d2
cacccc
c5c7c7
c4c6c6
c7c9c9
cccece
d4d6d6
d8dada
d8dada
d1d3d3
c7c9c9
bdbfbf
b9bbbb
bbbdbd
bec0c0
c0c2c2
bec0c0
bec0c0
bfc1c1
c0c2c2
c1c3c3
bec0c0
bfc1c1
c6c8c8
d1d3d3
dcdede
e2e2e2
dddddd
d4d4d4
c9c9c9
c0c0c0
bababa
b9b9b9
bababa
bcbcbc
bfbfbf
bcbcbc
bdbdbd
bdbdbd
bcbcbc
bbbbbb
bcbcbc
bfbfbf
c6c6c6
cdcdcd
d2d2d2
d7d7d7
d4d4d4
cdcdcd
c6c6c6
c0c0c0
bfbfbf
c0c0c0
c4c4c4
c7c7c7
cacaca
c8c8c8
c7c7c7
c5c5c5
c2c2c2
c0c0c0
c2c2c2
c6c6c6
cfcfcf
d8d8d8
dfdfdf
e1e1e1
dddddd
d8d8d8
d5d5d5
d0d0d0
c7c7c7
bdbdbd
b9b9b9
bdbdbd
c4c4c4
c8c8c8
cacaca
cacaca
c8c8c8
c2c2c2
bdbdbd
b9b9b9
bababa
bfbfbf
c4c4c4
c9cac9
cacbc9
cdcecc
cdcecc
c6c7c5
b7b8b6
b3b4b2
b8b9b7
c0c1bf
c2c3c1
c3c4c2
bdbebc
b6b7b5
b5b6b4
bbbcba
c3c4c2
c9cac8
cccdcb
cecfcd
cdcecc
c5c6c4
bdbebc
b7b8b6
b4b5b3
b8b9b7
c0c1bf
c6c7c5
c6c7c5
c2c3c1
bdbebc
b6b7b5
b9bab8
bfc0be
c6c7c5
cacbc9
cccdcb
cacbc9
c7c8c6
c4c5c3
c0c1bf
b5b5b5
b4b4b4
b4b4b4
b5b5b5
b6b6b6
b8b8b8
b9b9b9
bbbbbb
bcbcbc
bcbcbc
b7b7b7
b7b7b7
bababa
bdbdbd
bdbdbd
bababa
b8b8b8
b8b8b8
bdbdbd
c2c2c2
c0c2c2
c3c5c5
c6c8c8
c8caca
c6c8c8
c1c3c3
bbbdbd
b6b8b8
b3b5b5
b1b3b3
adafaf
adafaf
b0b2b2
b4b6b6
b8baba
babcbc
b8baba
b4b6b6
b1b3b3
b0b3b3
b6b7b7
bdbcbc
c2c2c2
c6c6c6
c6c6c6
c2c2c2
bfbfbf
bdbdbd
bdbdbd
bfbfbf
bdbdbd
bcbcbc
bcbcbc
bababa
b9b9b9
b9b9b9
b9b9b9
bdbdbd
c0c0c0
c5c5c5
cacaca
cbcbcb
cbcbcb
cacaca
c7c7c7
c2c2c2
bdbdbd
bcbcbc
bcbcbc
bdbdbd
bebebe
bcbcbc
bebebe
c1c1c1
c3c3c3
c0c0c0
b9b9b9
b9b9b9
bfbfbf
c8c8c8
d6d6d6
dadada
dadada
d8d8d8
d3d3d3
cecece
cccccc
c9c9c9
c6c6c6
c3c3c3
c2c2c2
c4c4c4
c7c7c7
c8c8c8
cacaca
cbcbcb
cccccc
cdcdcd
cdcdcd
cecece
d7d7d7
d8d8d8
d9d9d9
d8d8d8
d4d4d4
cfcfcf
c7c7c7
c3c3c3
c0c0c0
bfbfbf
c1c1c1
c7c7c7
cccccc
cdcdcd
cbcbcb
cbcbcb
cfcfcf
d6d6d6
dcdcdc
e0e0e0
dfdfdf
dcdcdc
d5d5d5
cfcfcf
c8c8c8
c4c4c4
c2c2c2
c1c1c1
c0c0c0
c0c0c0
bbbbbb
c0c0c0
c8c8c8
d2d2d2
dbdbdb
e1e1e1
e2e2e2
dfdfdf
dadada
d6d6d6
c8c8c8
c4c4c4
c1c1c1
bfbfbf
bfbfbf
c2c2c2
c5c5c5
c6c6c6
c5c5c5
c5c5c5
c2c2c2
c5c5c5
cccccc
d5d5d5
dadada
dcdcdc
d9d9d9
d1d1d1
c8c8c8
c2c2c2
c2c4c4
c3c5c5
c4c6c6
c5c7c7
c6c8c8
c5c7c7
c4c6c6
c4c6c6
c2c4c4
c3c5c5
cacccc
d1d3d3
d6d8d8
d6d8d8
cfd1d1
c2c4c4
babcbc
babcbc
bdbfbf
c2c4c4
c3c3c3
c1c1c1
c0c0c0
c1c1c1
c3c3c3
c2c2c2
bdbdbd
b9b9b9
b5b5b5
b6b6b6
bfbfbf
c4c4c4
c4c4c4
bfbfbf
b7b7b7
b7b7b7
bdbdbd
c2c2c2
c3c3c3
c2c2c2
c2c2c2
c1c1c1
c0c0c0
c1c1c1
c1c1c1
c3c3c3
c3c3c3
c3c3c3
c2c2c2
c0c0c0
bfbfbf
c2c2c2
c6c6c6
c9c9c9
c9c9c9
c6c6c6
c2c2c2
bfbfbf
bcbcbc
bcbcbc
bfbfbf
bebebe
bebebe
bebebe
bebebe
c1c1c1
c2c2c2
c1c1c1
bfbfbf
bfbfbf
c6c6c6
c9c9c9
cccccc
d1d1d1
d4d4d4
d3d3d3
cdcdcd
c8c8c8
c4c4c4
c4c4c4
c5c5c5
c4c4c4
c1c1c1
bfbfbf
bebebe
bebebe
bebebe
bdbdbd
bbbbbb
bbbbbb
bbbbbb
c1c1c1
c7c7c7
cbcbcb
cbcbcb
c9c9c9
c6c6c6
c1c1c1
bbbbbb
b5b5b5
b3b3b3
b8b8b8
bfbfbf
c2c2c2
c2c2c2
bcbcbc
bababa
bbbbbb
bfbfbf
c4c4c4
cfcfcf
d1d1d1
cfcfcf
cccccc
c8c8c8
c4c4c4
c4c4c4
c3c3c3
c2c2c2
bfbfbf
bbbbbb
bbbbbb
bbbbbb
bcbcbc
bdbdbd
bdbdbd
bbbbbb
b7b7b7
b3b3b3
b1b1b1
b5b5b5
bcbcbc
c3c3c3
c6c6c6
c5c5c5
c1c1c1
c0c0c0
c1c1c1
c2c2c2
c2c2c2
c4c6c6
c4c6c6
c3c5c5
c1c3c3
bdbfbf
b9bbbb
b9bbbb
bcbebe
c0c2c2
c3c5c5
c8caca
c7c9c9
c7c9c9
c7c9c9
c6c8c8
c5c7c7
c3c5c5
c0c2c2
bcbebe
babcbc
bec0c0
bcbebe
bbbdbd
bdbfbf
c3c5c5
cacccc
d0d2d2
d0d2d2
cdcfcf
cacccc
cfd1d1
ced0d0
cccece
cbcdcd
c8caca
c5c7c7
c5c7c7
c2c4c4
c1c3c3
c0c2c2
c0c0c0
c2c2c2
c5c5c5
c9c9c9
cecece
d3d3d3
d9d9d9
d8d8d8
d4d4d4
cecece
cdcdcd
cacaca
c8c8c8
c6c6c6
c4c4c4
c1c1c1
bfbfbf
bebebe
c2c1c1
c7c7c7
cdcfcf
d3d5d5
d6d8d8
d6d8d8
d2d4d4
cbcdcd
c4c6c6
c0c2c2
bfc1c1
c0c2c2
b9bbbb
b8baba
b8baba
b8baba
b8baba
b9bbbb
babcbc
bcbebe
bec0c0
bfc1c1
c0c2c2
bfc1c1
bec0c0
bfc1c1
c0c2c2
c3c5c5
c9cbcb
cfd1d1
d4d6d6
d7d9d9
d5d7d7
d3d5d5
d0d2d2
cbcdcd
c5c7c7
c1c3c3
bfc1c1
bec0c0
bdbfbf
bdbfbf
bcbebe
bcbebe
bfc1c1
c3c5c5
cacccc
d2d4d4
d8dada
d9dbdb
d7d9d9
d3d5d5
c5c7c7
c4c6c6
c5c7c7
c3c5c5
c1c3c3
bec0c0
bfc1c1
c0c2c2
c2c4c4
c3c5c5
c2c4c4
cacccc
d2d4d4
d5d7d7
d4d6d6
d2d4d4
d3d5d5
d2d4d4
cccece
c7c9c9
c5c7c7
c4c6c6
c1c3c3
bec0c0
bec0c0
c2c4c4
cacccc
d2d4d4
d9dbdb
dddfdf
dadcdc
dadcdc
d9dbdb
d6d8d8
d1d3d3
cccece
c8caca
c4c6c6
c3c5c5
c2c4c4
c3c5c5
c5c7c7
c8caca
cacccc
ced0d0
d2d4d4
d7d9d9
dbdddd
e0e2e2
e2e4e4
e5e5e5
e5e5e5
e4e4e4
e2e2e2
dedede
d8d8d8
d0d0d0
c8c8c8
c0c0c0
bcbcbc
bebebe
bfbfbf
c0c0c0
c2c2c2
c3c3c3
c6c6c6
cdcdcd
d5d5d5
dddddd
e2e2e2
e1e3e3
e1e3e3
e1e3e3
dfe1e1
d9dbdb
d1d3d3
cacccc
c6c7c7
c3c3c3
c2c2c2
c4c4c4
c7c7c7
cac9c9
cdcbcb
cbc9c9
ccc7c8
cdc8c9
cfcacb
cdc9ca
cbc9c9
d1d0d0
d2d4d4
d6d8d8
dadcdc
dbdddd
dadcdc
d4d6d6
cdcfcf
c6c8c8
c1c3c3
bec0c0
c2c4c4
c8caca
cdcfcf
cfd1d1
cccece
c8caca
cacccc
ced0d0
d4d6d6
d9dbdb
dcdede
dddfdf
d7d9d9
cdcfcf
c1c3c3
bcbebe
bcbebe
bdbfbf
bfc1c1
bec0c0
bec0c0
bfc1c1
c1c3c3
c3c5c5
c4c6c6
c7c9c9
d1d3d3
dcdede
e6e8e8
e8e8e8
e5e5e5
dfdfdf
d7d7d7
cecece
c7c7c7
c4c4c4
c5c5c5
c8c8c8
cbcbcb
c5c5c5
c6c6c6
c6c6c6
c5c5c5
c3c3c3
c6c6c6
cfcfcf
d7d7d7
dddddd
e2e2e2
e7e7e7
e3e3e3
dcdcdc
d4d4d4
cdcdcd
c9c9c9
c8c8c8
c9c9c9
cccccc
cdcdcd
cdcdcd
cccccc
cacaca
c9c9c9
c9c9c9
cccccc
d2d2d2
d8d8d8
dfdfdf
e3e3e3
e6e6e6
e4e4e4
dfdfdf
dadada
d3d3d3
cbcbcb
c3c3c3
c2c2c2
c5c5c5
cacaca
cecece
d1d1d1
d4d4d4
d5d5d5
d1d1d1
cbcbcb
c8c8c8
cacaca
cecece
d3d3d3
dbdbda
dadbd9
dcdddb
dcdddb
d5d6d4
c4c5c3
bfc0be
c3c4c2
c9cac8
cbccca
d0d1cf
cbccca
c4c5c3
c4c5c3
cccdcb
d7d8d6
dfe0de
e4e5e3
e7e8e6
e8e9e7
dfe0de
d4d5d3
c7c8c6
bfc0be
bfc0be
c4c5c3
c9cac8
c8c9c7
c3c4c2
bdbebc
bbbcba
bfc0be
c6c7c5
cfd0ce
d5d6d4
d9dad8
d8d9d7
d2d3d1
cccdcb
c7c8c6
bebfbe
bfbfbf
c2c2c2
c5c5c5
c6c6c6
c8c8c8
c6c6c6
c3c3c3
bfbfbf
bdbdbd
bebebe
c0c0c0
c5c5c5
c9c9c9
cacaca
c8c8c8
c0c0c0
bababa
b7b7b7
b9b9b9
b8baba
bbbdbd
c0c2c2
c4c6c6
c4c6c6
c1c3c3
bbbdbd
b7b9b9
b4b6b6
b2b4b4
adafaf
abadad
abadad
aeb0b0
b1b3b3
b5b7b7
b6b8b8
b5b7b7
b4b6b6
b3b4b4
afafaf
b4b3b3
bababa
bfbfbf
c2c2c2
c1c1c1
bebebe
bbbbbb
b9b9b9
b8b8b8
b8b8b8
bababa
bcbcbc
bcbcbc
bbbbbb
b8b8b8
b6b6b6
b5b5b5
b5b5b5
b6b6b6
bababa
bdbdbd
c2c2c2
c7c7c7
c9c9c9
c5c5c5
bfbfbf
b8b8b8
b5b5b5
b5b5b5
b6b6b6
b6b6b6
b9b9b9
bcbcbc
bebebe
bcbcbc
b8b8b8
b7b7b7
b8b8b8
bdbdbd
c5c5c5
cacaca
cdcdcd
cccccc
c6c6c6
c2c2c2
bebebe
bbbbbb
b8b8b8
b5b5b5
bababa
bfbfbf
c3c3c3
c7c7c7
c6c6c6
c2c2c2
bfbfbf
c0c0c0
c3c3c3
c6c6c6
cccccc
cccccc
cbcbcb
cacaca
cacaca
c6c6c6
c1c1c1
bfbfbf
bfbfbf
c0c0c0
bebebe
c3c3c3
c8c8c8
c9c9c9
c7c7c7
c7c7c7
cacaca
d0d0d0
d3d3d3
d5d5d5
d7d7d7
d5d5d5
d2d2d2
cfcfcf
cacaca
c6c6c6
c4c4c4
c2c2c2
c2c2c2
c1c1c1
bebebe
c3c3c3
cccccc
d4d4d4
dadada
dcdcdc
dadada
d8d8d8
d4d4d4
d1d1d1
cbcbcb
c6c6c6
c2c2c2
bfbfbf
bdbdbd
bfbfbf
c1c1c1
c4c4c4
c5c5c5
c6c6c6
cbcbcb
cfcfcf
d3d3d3
dadada
dddddd
dddddd
d9d9d9
d0d0d0
c6c6c6
c0c1c1
bfc1c1
c0c2c2
c2c4c4
c5c7c7
c7c9c9
c9cbcb
c9cbcb
c9cbcb
c9cbcb
cacccc
d1d3d3
dadcdc
dfe1e1
dddfdf
d5d7d7
c9cbcb
c3c5c5
c3c5c5
c7c9c9
cacccc
cecece
cccccc
cacaca
cecece
d2d2d2
d4d4d4
cfcfcf
c9c9c9
c3c3c3
c1c1c1
cdcdcd
d1d1d1
cecece
c7c7c7
bebebe
bbbbbb
c0c0c0
c6c6c6
cbcbcb
cbcbcb
cccccc
cccccc
c9c9c9
c6c6c6
c6c6c6
c8c8c8
cccccc
cecece
cdcdcd
c9c9c9
bebebe
bebebe
c1c1c1
c5c5c5
c7c7c7
c7c7c7
c4c4c4
c1c1c1
bebebe
bebebe
bebebe
bcbcbc
bbbbbb
bcbcbc
c2c2c2
c7c7c7
cacaca
c7c7c7
c1c1c1
bebebe
c2c2c2
c1c1c1
c2c2c2
c7c7c7
cccccc
cfcfcf
cccccc
c7c7c7
c4c4c4
c2c2c2
c2c2c2
c0c0c0
c0c0c0
bfbfbf
bdbdbd
c0c0c0
c2c2c2
c1c1c1
bfbfbf
bcbcbc
b3b3b3
b8b8b8
bebebe
c2c2c2
c4c4c4
c5c5c5
c3c3c3
bfbfbf
bababa
b5b5b5
b3b3b3
b5b5b5
bababa
bebebe
c0c0c0
c1c1c1
bfbfbf
bcbcbc
b8b8b8
b8b8b8
c7c7c7
cbcbcb
cbcbcb
cacaca
c5c5c5
c1c1c1
bfbfbf
bebebe
bbbbbb
b8b8b8
b7b7b7
b8b8b8
bababa
bdbdbd
bfbfbf
c0c0c0
bebebe
b9b9b9
b3b3b3
b0b0b0
aeaeae
b5b5b5
bcbcbc
bebebe
bebebe
bcbcbc
bdbdbd
bebebe
bebebe
bebebe
bdbfbf
bec0c0
bfc1c1
c0c2c2
bec0c0
b8baba
b6b8b8
b4b6b6
b5b7b7
b6b8b8
bcbebe
babcbc
babcbc
bbbdbd
bdbfbf
c0c2c2
c0c2c2
bdbfbf
b9bbbb
b7b9b9
bfc1c1
bdbfbf
bbbdbd
babcbc
bdbfbf
c2c4c4
c8caca
cacccc
cacccc
c9cbcb
cacccc
cacccc
cacccc
c8caca
c6c8c8
c3c5c5
c1c3c3
c0c2c2
c0c2c2
c1c3c3
bebebe
bebebe
bebebe
c0c0c0
c4c4c4
cbcbcb
d3d3d3
d5d5d5
d3d3d3
cecece
c9c9c9
c6c6c6
c4c4c4
c4c4c4
c3c3c3
c0c0c0
bdbdbd
bcbcbc
bebebe
c1c1c1
c4c6c6
c7c9c9
c9cbcb
cacccc
c9cbcb
c4c6c6
c2c4c4
bfc1c1
bec0c0
bdbfbf
b6b8b8
b6b8b8
b8baba
b9bbbb
b9bbbb
bbbdbd
bcbebe
bfc1c1
c2c4c4
c3c5c5
c0c2c2
bfc1c1
bfc1c1
bec0c0
bdbfbf
bec0c0
c0c2c2
c4c6c6
c8caca
cbcdcd
cbcdcd
cacccc
c9cbcb
c5c7c7
c3c5c5
bfc1c1
bdbfbf
b9bbbb
b8baba
b6b8b8
b9bbbb
b9bbbb
babcbc
bbbdbd
c0c2c2
c6c8c8
cbcdcd
cbcdcd
c8caca
c3c5c5
bcbebe
bdbfbf
bec0c0
bcbebe
b9bbbb
b7b9b9
b7b9b9
b8baba
b8baba
b7b9b9
b9bbbb
bec0c0
c3c5c5
c6c8c8
c6c8c8
c5c7c7
c5c7c7
c5c7c7
c4c6c6
c2c4c4
c0c2c2
c1c3c3
bfc1c1
bdbfbf
b9bbbb
b9bbbb
bdbfbf
c3c5c5
c7c9c9
cbcdcd
ced0d0
cfd1d1
ced0d0
cacccc
c6c8c8
c2c4c4
c0c2c2
c0c2c2
c0c2c2
bfc1c1
bdbfbf
bfc1c1
c1c3c3
c4c6c6
c9cbcb
cdcfcf
d3d5d5
d7d9d9
dadcdc
dbdddd
d7d7d7
d6d6d6
d4d4d4
d1d1d1
cecece
cbcbcb
c8c8c8
c3c3c3
bcbcbc
b9b9b9
bababa
bbbbbb
bcbcbc
bdbdbd
bebebe
c0c0c0
c4c4c4
cacaca
d2d2d2
d7d7d7
d3d5d5
d1d5d5
d1d5d4
d0d1d2
cacccc
c4c6c6
bfc1c1
bebfbf
bebfbf
bebebe
c4c3c3
c8c6c6
cac8c8
c9c7c7
c6c4c4
c8c3c4
cac4c5
ccc7c8
cbc7c8
cac9c8
d0cfcf
d3d4d4
d7d9d9
dadcdc
dadcdc
d4d6d6
cdcfcf
c6c8c8
c2c4c4
bfc1c1
bbbdbd
bcbebe
bfc1c1
c4c6c6
c7c9c9
c6c8c8
c4c6c6
c5c7c7
cacccc
cfd1d1
d2d4d4
d5d7d7
d6d8d8
d1d3d3
c8caca
bec0c0
b9bbbb
b8baba
b9bbbb
b9bbbb
bcbebe
bcbebe
bdbfbf
c0c2c2
c4c6c6
c8caca
cbcdcd
d2d4d4
dbdddd
e2e4e4
dfdfdf
dedede
dcdcdc
d7d7d7
d0d0d0
c9c9c9
c4c4c4
c4c4c4
c7c7c7
cacaca
c9c9c9
cbcbcb
cbcbcb
cacaca
cacaca
cecece
d6d6d6
dddddd
dfdfdf
e0e0e0
e0e0e0
dedede
d9d9d9
d3d3d3
cccccc
c9c9c9
c8c8c8
c8c8c8
c9c9c9
cacaca
cdcdcd
cbcbcb
c9c9c9
cacaca
cecece
d3d3d3
d8d8d8
dadada
dbdbdb
dcdcdc
dfdfdf
dfdfdf
dddddd
d8d8d8
d0d0d0
cacaca
c9c9c9
c9c9c9
c9c9c9
c9c9c9
c9c9c9
cacaca
cbcbcb
cbcbcb
cccccc
cdcdcd
d0d0d0
d2d2d2
d5d5d5
d7d7d7
d9d9d8
d8d9d7
dadbd9
dbdcda
d6d7d5
cacbc9
c6c7c5
cbccca
d0d1cf
d3d4d2
dcdddb
d8d9d7
d5d6d4
d6d7d5
dddedc
e5e6e4
ebecea
eeefed
f0f1ef
f1f2f0
eaebe9
e0e1df
d3d4d2
c9cac8
c5c6c4
c7c8c6
c9cac8
c9cac8
c8c9c7
c5c6c4
c1c2c0
c5c6c4
cccdcb
d4d5d3
dddedc
e3e4e2
e3e4e2
dfe0de
dadbd9
d7d7d6
d2d2d2
d2d2d3
d5d5d5
d7d7d7
d9d9d9
dadada
d8d8d8
d4d4d4
cecece
cbcbcb
d2d2d2
d4d4d4
d6d6d6
d9d9d9
dbdbdb
d7d7d7
cdcdcd
c2c2c2
bbbbbb
b9b9b9
bbbdbd
bec0c0
c2c4c4
c5c7c7
c6c8c8
c4c6c6
c1c3c3
c0c2c2
c0c2c2
c0c2c2
babcbc
b6b8b8
b5b7b7
b4b6b6
b6b8b8
babcbc
bfc1c1
c1c3c3
c1c3c3
bfc1c1
b7b7b7
b7b7b7
bcbcbc
c1c1c1
c4c4c4
c5c5c5
c4c4c4
c1c1c1
bdbdbd
bbbbbb
bdbdbd
c2c2c2
c7c7c7
cbcbcb
cbcbcb
c6c6c6
c0c0c0
bababa
b6b6b6
b4b4b4
b6b6b6
b9b9b9
bfbfbf
c7c7c7
cbcbcb
c9c9c9
c1c1c1
bababa
b7b7b7
b7b7b7
b7b7b7
bababa
bebebe
c1c1c1
c2c2c2
c2c2c2
c2c2c2
bebebe
b9b9b9
b6b6b6
bbbbbb
c2c2c2
c7c7c7
c9c9c9
c6c6c6
c1c1c1
bdbdbd
bababa
b6b6b6
b4b4b4
b9b9b9
bfbfbf
c5c5c5
c7c7c7
c4c4c4
bfbfbf
b9b9b9
b8b8b8
bbbbbb
bdbdbd
c2c2c2
c0c0c0
bfbfbf
bfbfbf
c0c0c0
bdbdbd
bababa
b9b9b9
b9b9b9
bbbbbb
bcbcbc
bfbfbf
c2c2c2
c2c2c2
c0c0c0
bfbfbf
c0c0c0
c2c2c2
c3c3c3
c2c2c2
c8c8c8
c9c9c9
c8c8c8
c6c6c6
c5c5c5
c3c3c3
c2c2c2
c2c2c2
c3c3c3
c3c3c3
c1c1c1
c3c3c3
c7c7c7
cccccc
d0d0d0
d3d3d3
d2d2d2
cecece
c9c9c9
c6c6c6
c2c2c2
c1c1c1
bfbfbf
bdbdbd
bcbcbc
bbbbbb
bcbcbc
bfbfbf
c2c2c2
c4c4c4
cacaca
cecece
d2d2d2
d6d6d6
d7d7d7
d5d5d5
d0d0d0
cacaca
c3c3c3
bfc0c0
bbbdbd
bcbebe
bfc1c1
c3c5c5
c6c8c8
c9cbcb
cbcdcd
cbcdcd
cbcdcd
cbcdcd
d2d4d4
d8dada
dbdddd
d9dbdb
d2d4d4
cccece
cacccc
cacccc
cacccc
c9cbcb
cecece
cfcece
d1d1d1
d6d6d6
dbdbdb
dddddd
dadada
d5d5d5
d2d2d2
d3d3d3
dbdbdb
dbdbdb
d7d7d7
d2d2d2
cbcbcb
c6c6c6
c7c7c7
cccccc
d1d1d1
d5d5d5
d8d8d8
d8d8d8
d6d6d6
d3d3d3
d1d1d1
d4d4d4
dadada
dcdcdc
dbdbdb
d6d6d6
c7c7c7
c2c2c2
c1c1c1
c2c2c2
c6c6c6
c9c9c9
c8c8c8
c5c5c5
c4c4c4
c4c4c4
c2c2c2
c2c2c2
c4c4c4
c8c8c8
cfcfcf
d4d4d4
d5d5d5
d1d1d1
cbcbcb
c5c5c5
c2c2c2
bdbdbd
bbbbbb
bebebe
c5c5c5
cacaca
cacaca
c7c7c7
c3c3c3
c0c0c0
bdbdbd
bfbfbf
c2c2c2
c3c3c3
c5c5c5
c9c9c9
cccccc
cacaca
c5c5c5
bfbfbf
b5b5b5
bababa
bebebe
c1c1c1
c2c2c2
c3c3c3
c3c3c3
c0c0c0
bbbbbb
b7b7b7
b8b8b8
bababa
c0c0c0
c6c6c6
cbcbcb
cdcdcd
cacaca
c3c3c3
bbbbbb
b6b6b6
c0c0c0
c5c5c5
c8c8c8
c8c8c8
c5c5c5
c1c1c1
c0c0c0
bebebe
bcbcbc
b9b9b9
bababa
bbbbbb
bebebe
c3c3c3
c8c8c8
cbcbcb
c9c9c9
c4c4c4
bebebe
b7b7b7
b0b0b0
b4b4b4
b8b8b8
bbbbbb
bbbbbb
bbbbbb
bcbcbc
bebebe
bdbdbd
bbbbbb
b8baba
bbbdbd
c0c2c2
c3c5c5
c4c6c6
c2c4c4
bec0c0
b8baba
b4b6b6
b2b4b4
b4b6b6
b4b6b6
b4b6b6
b6b8b8
b7b9b9
babcbc
babcbc
bbbdbd
bbbdbd
bbbdbd
c0c2c2
c0c2c2
bec0c0
bdbfbf
bcbebe
bcbebe
bec0c0
c1c3c3
c3c5c5
c4c6c6
c4c6c6
c4c6c6
c5c7c7
c4c6c6
c1c3c3
bdbfbf
bbbdbd
bcbebe
bdbfbf
bfc1c1
c2c2c2
c2c2c2
bfbfbf
bebebe
c2c2c2
c8c8c8
d0d0d0
d2d2d2
d0d0d0
cccccc
cbcbcb
c8c8c8
c4c4c4
c1c1c1
c0c0c0
bebebe
bababa
b8b8b8
b8b8b8
bababa
bdbfbf
bdbfbf
bdbfbf
bdbfbf
bec0c0
bec0c0
bcbebe
bcbebe
bbbdbd
babcbc
b7b9b9
b8baba
b9bbbb
babcbc
bbbdbd
bbbdbd
bcbebe
bfc1c1
c2c4c4
c4c6c6
c1c3c3
c2c4c4
c2c4c4
c2c4c4
c0c2c2
bdbfbf
bcbebe
bdbfbf
c0c2c2
c1c3c3
bfc1c1
bfc1c1
bfc1c1
bec0c0
bdbfbf
babcbc
b9bbbb
b9bbbb
b8baba
b7b9b9
babcbc
b9bbbb
b6b8b8
b4b6b6
b5b7b7
babcbc
c0c2c2
c0c2c2
bcbebe
b7b9b9
b6b8b8
b7b9b9
b7b9b9
b5b7b7
b2b4b4
b2b4b4
b5b7b7
b7b9b9
b6b8b8
b4b6b6
b3b5b5
b4b6b6
b7b9b9
babcbc
bdbfbf
bcbebe
bbbdbd
babcbc
bcbebe
bdbfbf
b7b9b9
bcbebe
c2c4c4
c1c3c3
bcbebe
b8baba
b5b7b7
b6b8b8
b7b9b9
b7b9b9
bec0c0
c2c4c4
c2c4c4
bec0c0
b8baba
b5b7b7
b8baba
babcbc
bbbdbd
bcbebe
bec0c0
bdbfbf
bbbdbd
bcbebe
bdbfbf
c0c2c2
c4c6c6
c7c9c9
cacccc
cccece
c8c8c8
c7c7c7
c5c5c5
c3c3c3
c2c2c2
c0c0c0
bfbfbf
bebebe
bdbdbd
bcbcbc
b8b8b8
b8b8b8
b8b8b8
b7b7b7
b6b6b6
b6b6b6
b8b8b8
bdbdbd
c2c3c3
c5c7c7
c6c8c8
c5c9c8
c4c7c7
c2c4c4
bdbfbf
b9bbbb
b7b9b9
b9baba
bdbcbc
bfbfbf
c5c5c5
c8c8c8
c9c8c8
c8c5c5
c3c1c1
c0bebe
c0bebe
c3c1c1
c4c2c2
c4c2c2
c8c7c7
cbcdcd
d1d3d3
d5d7d7
d2d4d4
cccece
c4c6c6
bfc1c1
bdbfbf
bcbebe
b7b9b9
b7b9b9
babcbc
bfc1c1
c3c5c5
c2c4c4
bec0c0
bcbebe
bec0c0
c2c4c4
c6c8c8
cbcdcd
cccece
c9cbcb
c1c3c3
b9bbbb
b5b7b7
b4b6b6
b4b6b6
b3b5b5
b7b9b9
b7b9b9
b8baba
bcbebe
c1c3c3
c5c7c7
c7c9c9
cbcdcd
d0d2d2
d5d7d7
d6d6d6
d7d7d7
d6d6d6
d2d2d2
cbcbcb
c2c2c2
bcbcbc
b9b9b9
bababa
bcbcbc
c0c0c0
c2c2c2
c3c3c3
c3c3c3
c3c3c3
c9c9c9
d0d0d0
d3d3d3
d2d2d2
d0d0d0
d1d1d1
cfcfcf
cccccc
c8c8c8
c6c6c6
c3c3c3
c3c3c3
c4c4c4
c4c4c4
c4c4c4
c7c7c7
c6c6c6
c5c5c5
c7c7c7
cdcdcd
d4d4d4
dadada
dbdbdb
d8d8d8
d6d6d6
d8d8d8
dbdbdb
dbdbdb
d6d6d6
cecece
cacaca
cbcbcb
cacaca
c8c8c8
c4c4c4
c3c3c3
c1c1c1
bfbfbf
c0c0c0
c5c5c5
cdcdcd
d5d5d5
d9d9d9
dadada
dadada
dcdddb
dadbd9
dcdddb
dcdddb
d7d8d6
cacbc9
c7c8c6
cacbc9
cdcecc
cecfcd
dcdddb
dbdcda
d8d9d7
dadbd9
e0e1df
e4e5e3
e5e6e4
e5e6e4
e5e6e4
e5e6e4
e2e3e1
dcdddb
d3d4d2
cacbc9
c3c4c2
c2c3c1
c4c5c3
c7c8c6
cacbc9
cccdcb
c7c8c6
c9cac8
cdcecc
d3d4d2
dadbd9
dfe0de
dfe0de
dddedc
d9dbd8
d7d8d6
dddddd
dbdbdb
d9d9d9
d8d8d8
d8d8d8
d9d9d9
dbdbdb
dbdbdb
d9d9d9
d8d8d8
dddddd
dddddd
dedede
e0e0e0
e3e3e3
e2e2e2
dadada
d0d0d0
c9c9c9
c6c6c6
c0c2c2
c2c4c4
c5c7c7
c7c9c9
c7c9c9
c6c8c8
c6c8c8
c8caca
cbcdcd
cccece
cccece
cbcdcd
c9cbcb
c9cbcb
cbcdcd
d0d2d2
d3d5d5
d5d7d7
d3d6d6
cfd1d1
c3c3c3
c2c2c2
c4c4c4
c6c6c6
cacaca
cdcdcd
cccccc
c9c9c9
c4c4c4
c2c2c2
cccccc
d2d2d2
dadada
e0e0e0
e1e1e1
dcdcdc
d3d3d3
cbcbcb
c4c4c4
c1c1c1
c1c1c1
c2c2c2
c4c4c4
c9c9c9
cccccc
cacaca
c6c6c6
c3c3c3
c4c4c4
c6c6c6
c4c4c4
cacaca
cecece
cfcfcf
cfcfcf
d0d0d0
d1d1d1
cccccc
c3c3c3
bababa
bfbfbf
c6c6c6
cdcdcd
d1d1d1
d0d0d0
cccccc
c9c9c9
c6c6c6
c2c2c2
bfbfbf
bdbdbd
c1c1c1
c5c5c5
c7c7c7
c6c6c6
c0c0c0
bababa
b8b8b8
b7b7b7
b9b9b9
c3c3c3
c1c1c1
c0c0c0
c1c1c1
c2c2c2
bfbfbf
bababa
b6b6b6
b6b6b6
b8b8b8
bdbdbd
bfbfbf
bfbfbf
bebebe
bbbbbb
b9b9b9
bababa
b9b9b9
b6b6b6
b4b4b4
bababa
bbbbbb
bbbbbb
bababa
bababa
bababa
bbbbbb
bcbcbc
bfbfbf
c0c0c0
bdbdbd
bcbcbc
bcbcbc
bebebe
c3c3c3
c9c9c9
cacaca
c6c6c6
c0c0c0
bbbbbb
b9b9b9
bababa
bcbcbc
bdbdbd
bdbdbd
bbbbbb
bbbbbb
bdbdbd
c0c0c0
c3c3c3
bebebe
c0c0c0
c5c5c5
c8c8c8
cacaca
c8c8c8
c4c4c4
c1c1c1
bebebe
bdbdbd
b7b9b9
b9bbbb
bcbebe
bfc1c1
c2c4c4
c4c6c6
c5c7c7
c5c7c7
c4c6c6
c5c7c7
d1d3d3
d4d6d6
d4d6d6
d2d4d4
cfd1d1
cfd1d1
d0d2d2
cfd1d1
cacccc
c5c7c7
c5c5c5
c7c7c7
cccccc
d2d2d2
d6d6d6
d6d6d6
d4d4d4
d3d3d3
d4d4d4
d7d7d7
dddddd
dbdbdb
d8d8d8
d4d4d4
cfcfcf
cacaca
c7c7c7
c9c9c9
cecece
d4d4d4
dbdbdb
dbdbdb
dadada
d7d7d7
d7d7d7
dadada
e0e0e0
e1e1e1
dfdfdf
dadada
d2d2d2
cacaca
c4c4c4
c2c2c2
c6c6c6
cbcbcb
cbcbcb
cacaca
cacaca
cbcbcb
cacaca
cccccc
d1d1d1
d5d5d5
dcdcdc
dfdfdf
dedede
dadada
d5d5d5
d0d0d0
c5c5c5
bdbdbd
b8b8b8
b8b8b8
c0c0c0
c8c8c8
cacaca
c7c7c7
c2c2c2
bfbfbf
bcbcbc
c0c0c0
c6c6c6
cbcbcb
cfcfcf
d4d4d4
d6d6d6
d3d3d3
cbcbcb
c2c2c2
bdbdbd
c0c0c0
c3c3c3
c4c4c4
c4c4c4
c4c4c4
c4c4c4
c2c2c2
bdbdbd
b9b9b9
bfbfbf
c3c3c3
cacaca
d2d2d2
d7d7d7
d9d9d9
d5d5d5
cccccc
c2c2c2
bcbcbc
bebebe
c2c2c2
c6c6c6
c7c7c7
c5c5c5
c3c3c3
c4c4c4
c4c4c4
c4c4c4
c2c2c2
c0c0c0
c2c2c2
c6c6c6
cccccc
d3d3d3
d7d7d7
d6d6d6
d0d0d0
c9c9c9
c2c2c2
b4b4b4
b5b5b5
b9b9b9
bababa
bababa
bcbcbc
bebebe
bebebe
bcbcbc
bababa
b8baba
bcbebe
c3c5c5
c9cbcb
cdcfcf
cdcfcf
c9cbcb
c1c3c3
b9bbbb
b4b6b6
b2b4b4
b3b5b5
b5b7b7
b5b7b7
b4b6b6
b3b5b5
b4b6b6
b8baba
bcbebe
bfc1c1
bfc1c1
c0c2c2
c0c2c2
bfc1c1
bdbfbf
b8baba
b7b9b9
b8baba
babcbc
bdbfbf
c0c2c2
c2c4c4
c4c6c6
c3c5c5
bec0c0
b8baba
b4b6b6
b5b7b7
b8baba
bcbebe
c7c7c7
c6c6c6
c3c3c3
c1c1c1
c2c2c2
c8c8c8
cecece
cfcfcf
cbcbcb
c6c6c6
c4c4c4
c0c0c0
bcbcbc
bababa
bbbbbb
bcbcbc
bbbbbb
bbbbbb
bdbdbd
bebebe
babcbc
b8baba
b6b8b8
b5b7b7
b5b7b7
b7b9b9
b8baba
b7b9b9
b5b7b7
b4b6b6
b8baba
babcbc
bbbdbd
bbbdbd
bbbdbd
bbbdbd
bbbdbd
bec0c0
c1c3c3
c4c6c6
c4c6c6
c5c7c7
c6c8c8
c6c8c8
c4c6c6
c0c2c2
bdbfbf
bbbdbd
bbbdbd
bcbebe
b8baba
b8baba
b8baba
b7b9b9
b7b9b9
b7b9b9
b8baba
b9bbbb
b9bbbb
babcbc
bec0c0
bcbebe
b8baba
b4b6b6
b3b5b5
b8baba
bfc1c1
c1c3c3
bdbfbf
b8baba
b8baba
b9bbbb
b8baba
b5b7b7
b2b4b4
b5b7b7
babcbc
bec0c0
bec0c0
bbbdbd
b6b8b8
b2b4b4
b3b5b5
b7b9b9
bdbfbf
bec0c0
babcbc
b8baba
bbbdbd
bdbfbf
b4b6b6
bdbfbf
c9cbcb
cdcfcf
c8caca
c1c3c3
bbbdbd
b8baba
b6b8b8
b4b6b6
b9bbbb
bcbebe
bdbfbf
b9bbbb
b4b6b6
b1b3b3
b4b6b6
b9bbbb
bdbfbf
bec0c0
bec0c0
bbbdbd
b7b9b9
b4b6b6
b2b4b4
b4b6b6
b7b9b9
bcbebe
bfc1c1
c2c4c4
bbbdbd
bfc1c1
c1c3c3
bec0c0
b8baba
b5b7b7
b8baba
bbbdbd
bbbdbd
b9bbbb
bbbdbd
babcbc
b8baba
b6b8b8
b2b3b3
acaeae
a8aaaa
abadad
b3b5b5
babcbc
b8baba
b8baba
b8baba
b8baba
b6b8b8
b4b6b6
b5b7b7
b5b7b7
b6b8b8
b9bbbb
bec0c0
c2c4c4
c4c5c5
c3c3c3
bfbfbf
bdbdbd
bebebe
bdbdbd
bbbbbb
b8b8b8
bbbbbb
bdbdbd
c0c0c0
c5c5c5
c8c8c8
c6c6c6
bfbfbf
b8b8b8
b4b4b4
b3b3b3
b3b3b3
b9b9b9
bebebe
c0c0c0
bebebe
bbbbbb
bcbcbc
bdbdbd
bdbdbd
bdbdbd
bcbcbc
bebebe
c0c0c0
c0c0c0
bcbcbc
b7b7b7
b3b3b3
b3b3b3
b8b8b8
bcbcbc
b8b8b8
b8b8b8
b8b8b8
b9b9b9
bbbbbb
bebebe
c2c2c2
c5c5c5
c8c8c8
c9c9c9
cacaca
c8c8c8
c6c6c6
c3c3c3
c1c1c1
bfbfbf
bdbdbd
bababa
b7b7b7
b5b5b5
bababa
b9b9b9
b8b8b8
bababa
bfbfbf
c4c4c4
c6c6c6
c4c4c4
c1c1c1
bebebe
c2c2c2
c4c4c4
c4c4c4
c4c4c4
c3c3c3
c0c0c0
bdbdbd
bababa
b7b7b7
b7b7b7
b7b7b7
b7b7b7
bababa
c1c1c1
cacaca
d4d4d4
dadada
dadada
d6d6d6
d3d3d3
d6d6d6
d2d2d2
cfcfcf
cecece
cfcfcf
cacaca
c2c2c2
bdbdbd
bdbdbd
c0c0c0
bbbbbb
b9b9b9
b8b8b8
b9b9b9
bebebe
c5c5c5
cdcdcd
d3d3d3
d8d7d7
d9d9d9
d3d4d4
d1d3d3
cfd1d1
cccece
cacccc
c5c7c7
c2c4c4
bec0c0
babcbc
babcbc
c9cbcb
d6d8d8
dcdedd
dcdede
dadcdc
dee0e0
dee0e0
dcdede
dbdddd
dcdede
d2d2d2
cfcfcf
cbcbcb
c6c6c6
c2c2c2
bebebe
bdbdbd
c0c0c0
c5c5c5
c8c8c8
cbcbcb
cfcfcf
d3d3d3
d6d6d6
d7d7d7
dadada
dcdcdc
dcdcdc
d9d9d9
d5d5d5
d3d3d3
d3d3d3
d3d3d3
d5d5d5
d7d7d7
d9d9d9
dadada
d9d9d9
d7d7d7
d6d6d6
d9d9d9
dbdbdb
dedede
e1e1e1
e3e3e3
e1e1e1
dbdbdb
d3d3d3
cccccc
c5c5c5
bbbbbb
c0c0c0
c7c7c7
cccccc
cdcdcd
cbcbcb
c9c9c9
cacaca
cccccc
cecece
cecece
d1d1d1
d5d5d5
d8d8d8
dcdcdc
e1e1e1
e4e4e4
e1e1e1
dbdbdb
d2d3d3
c2c4c4
bec0c0
bdbfbf
bec0c0
c1c3c3
c4c6c6
c5c7c7
c7c9c9
cacccc
cfd1d1
d8dada
dee0e0
e1e3e3
e2e4e4
dfe1e1
dadcdc
d5d7d7
cfd1d1
c8caca
c3c5c5
c3c3c3
c5c5c5
c9c9c9
cecece
d0d0d0
cfcfcf
cdcdcd
cdcdcd
cfcfcf
d3d3d3
dbdbdb
dcdcdc
dbdbdb
dbdbdb
dcdcdc
e0e0e0
e2e2e2
dddddd
d3d3d3
cacaca
c2c2c2
c9c9c9
d3d3d3
d9d9d9
dadada
d9d9d9
d8d8d8
d6d6d6
d3d3d3
d0d0d0
cccccc
cfcfcf
d3d3d3
d3d3d3
cfcfcf
c8c8c8
c1c1c1
bdbdbd
bcbcbc
bdbdbd
c2c2c2
c6c6c6
cbcbcb
cfcfcf
d0d0d0
cacaca
c2c2c2
bebebe
bebebe
c2c2c2
c8c8c8
c8c8c8
c5c5c5
c1c1c1
bbbbbb
b6b6b6
b4b4b4
b5b5b5
b7b7b7
b9b9b9
b9b9b9
b9b9b9
b7b7b7
b5b5b5
b3b3b3
b5b5b5
bababa
bdbdbd
bebebe
bdbdbd
b8b8b8
b6b6b6
b4b4b4
b6b6b6
bcbcbc
c4c4c4
c8c8c8
c6c6c6
c1c1c1
bbbbbb
b7b7b7
b8b8b8
b8b8b8
b8b8b8
b9b9b9
b9b9b9
b9b9b9
b8b8b8
bababa
b9b9b9
b1b1b1
b1b1b1
b5b5b5
bcbcbc
c3c3c3
c5c5c5
c1c1c1
bbbbbb
b5b5b5
b3b3b3
bababa
bebebe
c1c1c1
c2c2c2
c3c3c3
c5c5c5
c7c7c7
c5c5c5
c1c1c1
bdbdbd
c5c5c5
c8c8c8
c7c7c7
c5c5c5
c1c1c1
c0c0c0
c3c3c3
c5c5c5
c4c4c4
c3c3c3
c5c5c5
c6c6c6
c6c6c6
c6c6c6
c5c5c5
c5c5c5
c6c6c6
cacaca
cfcfcf
d2d2d2
d2d2d2
cecece
cdcdcd
cecece
cfcfcf
cacaca
c3c3c3
c2c2c2
c8c8c8
d0d0d0
d4d4d4
d5d5d5
d6d6d6
d6d6d6
d7d7d7
d7d7d7
d7d7d7
d6d6d6
d6d6d6
d5d5d5
cecece
cbcbcb
c9c9c9
c6c6c6
c5c5c5
c5c5c5
c8c8c8
cccccc
cfcfcf
d1d1d1
cfcfcf
cfcfcf
d2d2d2
d5d5d5
d9d9d9
dddddd
dcdcdc
d8d8d8
d2d2d2
cccccc
c0c0c0
bbbbbb
bbbbbb
bfbfbf
c5c5c5
c9c9c9
c8c8c8
c6c6c6
c5c5c5
c6c6c6
bfbfbf
c2c2c2
c7c7c7
cccccc
d0d0d0
d5d5d5
d7d7d7
d4d4d4
cccccc
c3c3c3
c1c1c1
bfbfbf
bebebe
bfbfbf
c4c4c4
c9c9c9
cdcdcd
cecece
cecece
cccccc
cbcbcb
d0d0d0
d6d6d6
dadada
dadada
d8d8d8
d6d6d6
cfcfcf
c7c7c7
c0c0c0
c4c4c4
c3c3c3
c2c2c2
c4c4c4
c8c8c8
c9c9c9
c7c7c7
c6c6c6
c8c8c8
cbcbcb
c4c4c4
c7c7c7
cdcdcd
d4d4d4
dddddd
e1e1e1
dfdfdf
d7d7d7
cecece
c6c6c6
bdbdbd
bababa
b9b9b9
b9b9b9
bbbbbb
bfbfbf
c1c1c1
c2c2c2
c2c2c2
c1c1c1
bfc1c1
c1c3c3
c5c7c7
cacccc
d0d2d2
d2d4d4
cfd1d1
c7c9c9
bcbebe
b6b8b8
b6b8b8
b7b9b9
b9bbbb
babcbc
babcbc
babcbc
babcbc
bbbdbd
bcbebe
bfc1c1
c8caca
cbcdcd
cbcdcd
cacccc
c6c8c8
c1c3c3
bbbdbd
babcbc
babcbc
bbbdbd
c1c3c3
c0c2c2
bec0c0
bcbebe
bbbdbd
bbbdbd
bcbebe
bdbfbf
bec0c0
c0c2c2
cac9cb
cbcacc
c9c8ca
c6c5c7
c4c3c5
c5c4c6
c7c6c8
c8c7c9
c6c5c7
c3c2c4
c2c1c3
bdbcbe
b8b7b9
b8b7b9
bebdbf
c7c6c8
cbcacc
c5c4c6
bbbabc
b2b1b3
b1b1b1
b2b2b2
b5b5b5
b7b7b7
b7b7b7
b4b4b4
b2b2b2
b4b4b4
b9b9b9
bfbfbf
c0c0c0
c1c1c1
c3c3c3
c3c3c3
c3c3c3
c3c3c3
c4c4c4
c5c5c5
c7c7c7
c8c8c8
cacaca
cdcdcd
cfcfcf
cecece
c9c9c9
c3c3c3
bfbfbf
bfbfbf
c1c1c1
c3c3c3
bebebe
bababa
b6b6b6
b2b2b2
b0b0b0
b2b2b2
b7b7b7
bebfbf
c5c5c5
c8c8c8
c9c9c9
c4c4c4
bcbcbc
b6b6b6
b4b4b4
bababa
c1c1c1
c7c7c7
cbcbcb
cccccc
c9c9c9
c6c6c6
c1c1c1
bfbfbf
c1c1c1
c6c6c6
cacaca
cbcbcb
c9c9c9
c6c7c7
bfc1c1
babcbc
b8baba
bbbdbd
c3c5c5
c8caca
c8caca
c5c7c7
c1c3c3
bfc1c1
c3c5c5
c8caca
ced0d0
d2d4d4
d4d6d6
d2d4d4
cacccc
c1c3c3
b8baba
b3b5b5
bcbcbc
bebebe
bebebe
bebebe
bdbdbd
bdbdbd
bebebe
c0c0c0
c2c2c2
c3c3c3
c2c2c2
c4c4c4
c4c4c4
c0c0c0
b8b8b8
b4b4b4
b8b8b8
bebebe
c4c4c4
c7c7c7
c1c3c3
c4c6c6
c6c8c8
c4c6c6
c2c4c4
bfc1c1
c0c2c2
c1c3c3
c2c4c4
c3c5c5
cbcdcd
cdcfcf
cbcdcd
c7c9c9
c0c2c2
b2b4b4
aaacac
a9abab
afb1b1
b7b9b9
bdbfbf
bfc1c1
c0c2c2
c0c2c2
bfc1c1
bcbebe
babcbc
b7b9b9
b5b7b7
b5b7b7
b9bbbb
bdbfbf
bfc1c1
c0c2c2
bec0c0
bec0c0
bfc1c1
bec0c0
bbbdbd
b6b8b8
b4b4b4
b5b5b5
b9b9b9
bfbfbf
c3c3c3
c2c2c2
bdbdbd
b8b8b8
b5b5b5
b5b5b5
b8b8b8
bebebe
c3c3c3
c5c5c5
c2c2c2
bdbdbd
bbbbbb
b9b9b9
b7b7b7
b6b6b6
bcbcbc
bdbdbd
bebebe
bfbfbf
bebebe
b8b8b8
b1b1b1
b1b1b1
b5b5b5
bcbcbc
bfbfbf
bebebe
bebebe
bcbcbc
bababa
b8b8b8
b7b7b7
b9b9b9
bcbcbc
bdbdbd
bbbbbb
bababa
b9b9b9
b7b7b7
b6b6b6
b4b4b4
b4b4b4
b4b4b4
b6b6b6
b7b7b7
b4b4b4
b5b5b5
b5b5b5
b7b7b7
b8b8b8
b9b9b9
b9b9b9
b9b9b9
b7b7b7
b6b6b6
b6b6b6
b7b7b7
b7b7b7
b7b7b7
b7b7b7
b5b5b5
b5b5b5
b5b5b5
b5b5b5
b6b6b6
b5b5b5
b6b6b6
b9b9b9
bebebe
c5c5c5
cdcdcd
d3d3d3
d6d6d6
d7d7d7
d6d6d6
d1d1d1
cdcdcd
cbcbcb
cbcbcb
cbcbcb
c4c4c4
bbbbbb
b6b6b6
b7b7b7
bcbcbc
bbbbbb
bababa
bababa
bbbbbb
bcbcbc
c0c0c0
c2c2c2
c5c5c5
c7c7c7
c8c8c8
c4c6c6
c2c4c4
bec0c0
bbbdbd
babcbc
babcbc
babcbc
b9bbbb
b8baba
b9bbbb
c1c3c3
cacccc
ced0d0
ced0d0
cccece
d0d2d3
d0d2d2
cccece
cacccc
cbcccc
c6c6c6
c3c3c3
c2c2c2
c0c0c0
bdbdbd
bbbbbb
bababa
bcbcbc
bfbfbf
c2c2c2
c9c9c9
cfcfcf
d4d4d4
d6d6d6
d3d3d3
d1d1d1
d0d0d0
cfcfcf
cdcdcd
cacaca
cbcbcb
cccccc
cdcdcd
cdcdcd
cccccc
cccccc
cdcdcd
d0d0d0
d3d3d3
d4d4d4
d7d7d7
d7d7d7
d7d7d7
d7d7d7
d7d7d7
d5d5d5
d1d1d1
cbcbcb
c7c7c7
c3c3c3
bdbdbd
bfbfbf
c4c4c4
c7c7c7
c9c9c9
c9c9c9
c8c8c8
c9c9c9
cbcbcb
cccccc
cdcdcd
d1d1d1
d6d6d6
d9d9d9
dcdcdc
e0e0e0
e1e1e1
dedede
d7d7d7
cfcfcf
c3c5c5
bec0c0
bbbdbd
b8baba
b9bbbb
bbbdbd
bdbfbf
c0c2c2
c5c7c7
cacccc
d0d2d2
d5d7d7
dadcdc
dbdddd
d9dbdb
d5d7d7
d2d4d4
cdcfcf
c8caca
c4c6c6
c6c6c6
c7c7c7
cacaca
cdcdcd
cecece
cccccc
c9c9c9
cbcbcb
d1d1d1
d7d7d7
dedede
dfdfdf
dedede
dcdcdc
dbdbdb
dddddd
dedede
dadada
d3d3d3
cdcdcd
c9c9c9
cfcfcf
d6d6d6
dadada
d9d9d9
d7d7d7
d8d8d8
d9d9d9
d8d8d8
d7d7d7
d8d8d8
dadada
dcdcdc
dcdcdc
d8d8d8
d1d1d1
c9c9c9
c5c5c5
c4c4c4
c4c4c4
c6c6c6
cbcbcb
d2d2d2
d7d7d7
d8d8d8
d2d2d2
cccccc
cccccc
d2d2d2
d8d8d8
d9d9d9
d6d6d6
d0d0d0
c9c9c9
c1c1c1
bdbdbd
bcbcbc
bdbdbd
bfbfbf
c2c2c2
c7c7c7
c7c7c7
c4c4c4
c1c1c1
bebebe
c1c1c1
c7c7c7
cdcdcd
d1d1d1
cfcfcf
c3c3c3
bdbdbd
b8b8b8
b7b7b7
bcbcbc
c6c6c6
cdcdcd
cfcfcf
cdcdcd
cacaca
c0c0c0
bfbfbf
c2c2c2
c5c5c5
cacaca
cecece
cccccc
c6c6c6
bfbfbf
b9b9b9
b3b3b3
b2b2b2
b2b2b2
b8b8b8
c2c2c2
c9c9c9
c8c8c8
c3c3c3
bdbdbd
bababa
c1c1c1
c5c5c5
c7c7c7
c8c8c8
c7c7c7
c6c6c6
c4c4c4
bfbfbf
b8b8b8
b2b2b2
b9b9b9
c1c1c1
c5c5c5
c6c6c6
c1c1c1
bcbcbc
bcbcbc
bcbcbc
bcbcbc
bdbdbd
c1c1c1
c2c2c2
c3c3c3
c3c3c3
c2c2c2
c1c1c1
c1c1c1
c4c4c4
c6c6c6
c8c8c8
c8c8c8
c6c6c6
c6c6c6
c8c8c8
c9c9c9
c4c4c4
bcbcbc
b9b9b9
bcbcbc
c3c3c3
c7c7c7
c8c8c8
c9c9c9
c9c9c9
cacaca
cbcbcb
cacaca
c7c7c7
c4c4c4
c2c2c2
c7c7c7
c7c7c7
c7c7c7
c6c6c6
c5c5c5
c5c5c5
c6c6c6
c7c7c7
c7c7c7
c8c8c8
cacaca
cbcbcb
cccccc
cfcfcf
d0d0d0
d0d0d0
cfcfcf
cecece
cccccc
cacaca
c3c3c3
bfbfbf
bdbdbd
bfbfbf
c4c4c4
c7c7c7
c6c6c6
c4c4c4
c3c3c3
c3c3c3
c3c3c3
c5c5c5
c8c8c8
c9c9c9
cacaca
cdcdcd
d0d0d0
cecece
cacaca
c4c4c4
c3c3c3
c2c2c2
c3c3c3
c5c5c5
c9c9c9
cecece
d0d0d0
d1d1d1
d0d0d0
cecece
c7c7c7
cdcdcd
d3d3d3
d8d8d8
d9d9d9
d6d6d6
d3d3d3
cecece
c6c6c6
c0c0c0
c3c3c3
c2c2c2
c1c1c1
c3c3c3
c6c6c6
c8c8c8
c8c8c8
c8c8c8
cacaca
cdcdcd
c8c8c8
cacaca
cecece
d4d4d4
dadada
dddddd
dcdcdc
d7d7d7
d1d1d1
cbcbcb
c1c1c1
bebebe
bdbdbd
bdbdbd
bebebe
c2c2c2
c4c4c4
c4c4c4
c3c3c3
c2c2c2
c2c4c4
c4c6c6
c8caca
ced0d0
d2d4d4
d4d6d6
d1d3d3
cacccc
c2c4c4
bdbfbf
b9bbbb
b9bbbb
b9bbbb
b9bbbb
babcbc
bbbdbd
bcbebe
bdbfbf
bdbfbf
bec0c0
cccece
cfd1d1
d0d2d2
cfd1d1
cacccc
c4c6c6
bfc1c1
bdbfbf
bdbfbf
bec0c0
c0c2c2
bfc1c1
bec0c0
bec0c0
bec0c0
bfc1c1
c1c3c3
c4c6c6
c6c8c8
c9cbcb
d2d2d3
d2d0d3
cccbcd
c7c6c8
c2c1c3
c1c0c2
c3c2c4
c5c4c6
c4c3c5
c2c1c3
c6c5c7
c1c0c2
bcbbbd
bcbbbd
c2c1c3
c9c8ca
cccbcd
c9c8ca
c1c0c2
bab9bb
b1b1b2
b1b1b1
b4b4b4
b6b6b6
b6b6b6
b2b2b2
b0b0b0
b1b1b1
b6b6b6
bdbdbd
c2c2c2
c5c5c5
cacaca
cdcdcd
cfcfcf
d0d0d0
d0d0d0
d0d0d0
d0d0d0
d1d1d1
cfcfcf
d0d0d0
cfcfcf
cdcdcd
c7c7c7
c2c2c2
bebebe
bdbdbd
bebebe
bfbfbf
bfbfbf
bfbfbf
bdbdbd
bbbbbb
bababa
bdbdbd
c3c3c3
cccccc
d4d4d4
d8d8d8
d7d7d7
d1d1d1
c9c9c9
c2c2c2
c0c0c0
c2c2c2
c9c9c9
cfcfcf
d3d3d3
d5d5d5
d3d3d3
d0d0d0
cdcdcd
cccccc
d0d0d0
d5d5d5
dadada
dbdbdb
dbdbdb
d8d8d8
c6c8c8
c2c4c4
c0c2c2
c2c4c4
c8caca
cdcfcf
cdcfcf
cbcdcd
cacccc
cbcdcd
c7c9c9
cacccc
d0d2d2
d5d7d7
d7d9d9
d5d7d7
d0d2d2
c9cbcb
c1c3c3
bdbfbf
c0c0c0
c2c2c2
c6c6c6
c9c9c9
cbcbcb
cccccc
cdcdcd
cecece
cecece
cfcfcf
cecece
d1d1d1
d1d1d1
cbcbcb
c2c2c2
bababa
bbbaba
c0c0c0
c6c6c6
cacaca
c3c5c5
c3c5c5
c4c6c6
c6c8c8
c8caca
c9cbcb
c8caca
cacccc
ced0d0
d4d6d6
dddfdf
e0e2e2
e0e2e2
dcdede
d1d3d3
c2c4c4
b6b8b8
b1b3b3
b5b7b7
bcbebe
c4c6c6
c7c9c9
cacccc
cccece
cccece
c9cbcb
c5c7c7
c2c4c4
c0c2c2
bfc1c1
c4c6c6
c9cbcb
cccece
cfd1d1
cfd1d1
ced0d0
cbcdcd
c7c9c9
c2c4c4
bdbfbf
b5b5b5
b5b5b5
b8b8b8
bcbcbc
c2c2c2
c5c5c5
c2c2c2
c0c0c0
bfbfbf
bfbfbf
c0c0c0
c6c6c6
cbcbcb
cccccc
c8c8c8
c3c3c3
bebebe
bbbbbb
b7b7b7
b6b6b6
bfbfbf
bdbdbd
bdbdbd
bfbfbf
c3c3c3
bfbfbf
b8b8b8
b7b7b7
bdbdbd
c7c7c7
cfcfcf
cfcfcf
cccccc
c7c7c7
c0c0c0
b8b8b8
b2b2b2
b1b1b1
b3b3b3
b5b5b5
b1b1b1
b2b2b2
b2b2b2
b1b1b1
afafaf
adadad
aeaeae
b1b1b1
b5b5b5
b9b9b9
b7b7b7
bababa
bdbdbd
bebebe
bcbcbc
b6b6b6
b3b3b3
b2b2b2
b2b2b2
b3b3b3
b5b5b5
b4b4b4
b3b3b3
b3b3b3
b2b2b2
b1b1b1
b3b3b3
b7b7b7
bababa
bcbcbc
b7b7b7
b7b7b7
b9b9b9
bbbbbb
bebebe
c1c1c1
c7c7c7
cccccc
d0d0d0
d2d2d2
cbcbcb
c9c9c9
c9c9c9
c9c9c9
c7c7c7
bebebe
b4b4b4
afafaf
b2b2b2
b8b8b8
bababa
bdbdbd
bfbfbf
c0c0c0
c0c0c0
bdbdbd
bbbbbb
bababa
bababa
bbbbbb
b8baba
b7b9b9
b3b5b5
b0b2b2
afb1b1
aeb0b0
b0b2b2
b2b4b4
b4b6b6
b5b7b7
b7b9b9
bbbdbd
bdbfbf
b9bbbb
b9bbbb
c0c2c2
c0c2c2
bcbebe
b9bbbb
b9bbbb
bababa
bababa
bababa
b8b8b8
b7b7b7
b6b6b6
b8b8b8
bbbbbb
bdbdbd
bebebe
c2c2c2
c7c7c7
cccccc
cecece
cbcbcb
c7c7c7
c5c5c5
c3c3c3
c1c1c1
c0c0c0
c6c6c6
c8c8c8
cacaca
cacaca
c8c8c8
c6c6c6
c6c6c6
c7c7c7
cbcbcb
cecece
d0d0d0
d0d0d0
cdcdcd
cbcbcb
c9c9c9
c9c9c9
c8c8c8
c6c6c6
c4c4c4
c2c2c2
c3c3c3
c3c3c3
c4c4c4
c3c3c3
c4c4c4
c5c5c5
c5c5c5
c5c5c5
c4c4c4
c4c4c4
c4c4c4
c7c7c7
cdcdcd
d1d1d1
d4d4d4
d8d8d8
d9d9d9
d5d5d5
d1d1d1
cccccc
c4c6c6
bcbebe
b6b8b8
b2b4b4
b1b3b3
b3b5b5
b4b6b6
b8baba
bcbebe
c0c2c2
c2c4c4
c6c8c8
cbcdcd
cdcfcf
cbcdcd
c9cbcb
c8caca
c6c8c8
c2c4c4
bfc1c1
c1c1c1
c2c2c2
c5c5c5
c6c6c6
c6c6c6
c1c1c1
c0c0c0
c4c4c4
cccccc
d4d4d4
d5d5d5
d5d5d5
d4d4d4
d1d1d1
cecece
cdcdcd
cecece
cdcdcd
cbcbcb
c8c8c8
c9c9c9
cccccc
d0d0d0
d1d1d1
cfcfcf
cecece
cfcfcf
d1d1d1
d2d2d2
d1d1d1
d6d6d6
dadada
dcdcdc
dbdbdb
d7d7d7
d0d0d0
c9c9c9
c6c6c6
c5c5c5
c5c5c5
c3c3c3
c7c7c7
cfcfcf
d6d6d6
d7d7d7
d2d2d2
d0d0d0
d4d4d4
dedede
e7e7e7
e6e6e6
dfdfdf
d5d5d5
cccccc
c4c4c4
c0c0c0
c0c0c0
c1c1c1
c2c2c2
c5c5c5
d0d0d0
d1d1d1
cfcfcf
cccccc
cacaca
cecece
d5d5d5
dcdcdc
dfdfdf
dfdfdf
dcdcdc
d4d4d4
cbcbcb
c6c6c6
c7c7c7
cdcdcd
d5d5d5
d9d9d9
dbdbdb
dadada
d7d7d7
d7d7d7
d8d8d8
dcdcdc
e3e3e3
e9e9e9
e9e9e9
e1e1e1
d7d7d7
cecece
c1c1c1
bcbcbc
bbbbbb
bfbfbf
c9c9c9
d2d2d2
d7d7d7
d6d6d6
d1d1d1
d0d0d0
d4d4d4
d7d7d7
d9d9d9
d9d9d9
d7d7d7
d4d4d4
cecece
c7c7c7
bdbdbd
b6b6b6
b8b8b8
c1c1c1
cbcbcb
cfcfcf
cbcbcb
c3c3c3
bdbdbd
bbbbbb
bbbbbb
bcbcbc
c1c1c1
c3c3c3
c4c4c4
c4c4c4
c4c4c4
c4c4c4
c3c3c3
c3c3c3
c4c4c4
c4c4c4
c0c0c0
bfbfbf
c1c1c1
c4c4c4
c5c5c5
c0c0c0
b8b8b8
b3b3b3
b4b4b4
bababa
bfbfbf
bebebe
bdbdbd
bdbdbd
c0c0c0
c3c3c3
c2c2c2
c0c0c0
bbbbbb
b8b8b8
c2c2c2
c3c3c3
c4c4c4
c4c4c4
c4c4c4
c4c4c4
c3c3c3
c2c2c2
c1c1c1
c0c0c0
c1c1c1
c1c1c1
c3c3c3
c4c4c4
c5c5c5
c4c4c4
c3c3c3
c3c3c3
c3c3c3
c3c3c3
bfbfbf
bdbdbd
bcbcbc
bdbdbd
bfbfbf
c2c2c2
c1c1c1
bebebe
bcbcbc
bcbcbc
c2c2c2
c3c3c3
c3c3c3
c3c3c3
c2c2c2
c4c4c4
c6c6c6
c5c5c5
c3c3c3
c0c0c0
bebebe
c0c0c0
c3c3c3
c6c6c6
c7c7c7
c9c9c9
c8c8c8
c8c8c8
c7c7c7
c6c6c6
c3c3c3
c7c7c7
cbcbcb
cfcfcf
cdcdcd
c9c9c9
c8c8c8
c7c7c7
c5c5c5
c2c2c2
c3c3c3
c1c1c1
c0c0c0
c0c0c0
c1c1c1
c3c3c3
c3c3c3
c4c4c4
c6c6c6
c7c7c7
c7c7c7
c8c8c8
cbcbcb
cecece
d0d0d0
d1d1d1
cfcfcf
cccccc
c8c8c8
c4c4c4
bdbdbd
bbbbbb
bababa
bbbbbb
bdbdbd
c0c0c0
c2c2c2
c2c2c2
c0c0c0
bfbfbf
c0c2c2
c3c5c5
c9cbcb
ced0d0
d0d2d2
d1d3d3
ced0d0
c9cbcb
c3c5c5
c0c2c2
bcbebe
babcbc
b9bbbb
b9bbbb
babcbc
bec0c0
c0c2c2
c0c2c2
bfc1c1
c0c2c2
c8caca
cbcdcd
cccece
cbcdcd
c8caca
c3c5c5
c1c3c3
c0c2c2
c2c4c4
c3c5c5
c0c2c2
bfc1c1
bdbfbf
bdbfbf
bec0c0
c0c2c2
c3c5c5
c8caca
cccece
cfd1d1
d6d5d7
d5d4d6
cecdcf
c6c5c7
bebdbf
bbbabc
bcbbbd
bebdbf
bdbcbe
bcbbbd
c3c2c4
c0bfc1
bfbec0
c0bfc1
c5c4c6
cbcacc
cfced0
cfced0
cbcacc
c5c4c6
bababa
b8b9b8
b8b8b8
b9b9b9
bababa
b7b7b7
b5b5b5
b7b7b7
bdbdbd
c3c3c3
c6c6c6
cacaca
cfcfcf
d5d5d5
d8d8d8
dadada
d8d8d8
d7d7d7
d6d6d6
d6d6d6
d3d3d3
d1d1d1
cecece
cbcbcb
c7c7c7
c4c4c4
c2c2c2
c1c1c1
c1c1c1
c0c0c0
c4c4c4
c5c5c5
c8c8c8
c9c9c9
cacaca
cccccc
cfcfcf
d6d6d6
dedede
e3e3e3
dcdcdc
d6d6d6
d0d0d0
cacaca
c7c7c7
c6c6c6
c9c9c9
cdcdcd
d1d1d1
d4d4d4
d4d4d4
d2d2d2
d1d1d1
d1d1d1
d6d6d6
dcdcdc
e0e0e0
e0e0e0
dfdede
dadada
c8caca
c4c6c6
c3c5c5
c4c6c6
c5c7c7
c8caca
cacccc
cacccc
cdcfcf
cfd1d1
cccece
cdcfcf
d2d4d4
d7d9d9
d9dbdb
d7d9d9
d2d4d4
cccece
c6c8c8
c2c4c4
c1c1c1
c4c4c4
cacaca
d0d0d0
d6d6d6
d9d9d9
d9d9d9
d8d8d8
d8d8d8
d8d8d8
dadada
dcdcdc
dadada
d5d5d5
cccccc
c4c4c4
c1c1c1
c2c2c2
c7c7c7
c9c9c9
bdbfbf
bbbdbd
bbbdbd
bfc1c1
c7c9c9
c9cbcb
cacccc
ced0d0
d8dada
e1e3e3
e2e4e4
e3e5e5
e2e4e4
dfe1e1
dadcdc
cfd1d1
c5c7c7
c0c2c2
c1c3c3
c5c7c7
c9cbcb
cbcdcd
cdcfcf
cfd1d1
cfd1d1
cfd1d1
d0d2d2
d2d4d4
d4d6d6
d6d8d8
dbdddd
dee0e0
e1e3e3
e2e4e4
e2e4e4
dee0e0
d7d9d9
cfd1d1
c9cbcb
c4c6c6
c0c1c1
bebebe
bebebe
c1c1c1
c4c4c4
c8c8c8
c9c9c9
c9c9c9
cccccc
cdcdcd
cccccc
d1d1d1
d4d4d4
d4d4d4
cfcfcf
cacaca
c5c5c5
c3c3c3
c1c1c1
bfbfbf
c4c4c4
c0c0c0
bebebe
c2c2c2
c8c8c8
c8c8c8
c3c3c3
c6c6c6
cfcfcf
dbdbdb
e1e1e1
e1e1e1
dedede
d7d7d7
cccccc
bfbfbf
b6b6b6
b3b3b3
b5b5b5
b7b7b7
b9b9b9
bababa
bcbcbc
bdbdbd
bbbbbb
b7b7b7
b7b7b7
b9b9b9
bdbdbd
c1c1c1
c6c6c6
cbcbcb
d0d0d0
d1d1d1
cccccc
c3c3c3
bbbbbb
b7b7b7
b7b7b7
b8b8b8
bbbbbb
bababa
b8b8b8
b6b6b6
b5b5b5
b6b6b6
bababa
bebebe
c3c3c3
c7c7c7
c5c5c5
c4c4c4
c2c2c2
bfbfbf
bcbcbc
bababa
bbbbbb
c0c0c0
c6c6c6
cacaca
cbcbcb
cacaca
cbcbcb
cbcbcb
c7c7c7
bdbdbd
b3b3b3
afafaf
b2b2b2
b9b9b9
bebebe
c3c3c3
c9c9c9
cbcbcb
c9c9c9
c4c4c4
bebebe
bbbbbb
bababa
bbbbbb
b9bbbb
bbbdbd
bcbebe
bbbdbd
b5b7b7
b0b2b2
afb1b1
b1b3b3
b6b8b8
babcbc
babcbc
babcbc
b6b8b8
b0b2b2
aeb0b0
b5b7b7
b7b9b9
b4b6b6
b3b5b5
b5b7b7
b8b8b8
b8b8b8
b6b6b6
b2b2b2
b0b0b0
b2b2b2
b7b7b7
bdbdbd
c1c1c1
c2c2c2
bbbbbb
bcbcbc
bebebe
bfbfbf
c1c1c1
c1c1c1
c1c1c1
c0c0c0
bcbcbc
bbbbbb
bfbfbf
c1c1c1
c4c4c4
c7c7c7
c8c8c8
c8c8c8
c7c7c7
c4c4c4
c1c1c1
c0c0c0
c6c6c6
c4c4c4
c3c3c3
c2c2c2
c2c2c2
c2c2c2
c3c3c3
c3c3c3
c3c3c3
c2c2c2
c4c4c4
c2c2c2
bfbfbf
bebebe
bebebe
bfbfbf
bfbfbf
bebebe
bababa
b9b9b9
b4b4b4
b6b6b6
bababa
bcbcbc
bfbfbf
c3c3c3
c4c4c4
c5c5c5
c4c4c4
c2c3c3
bdbfbf
b7b9b9
b2b4b4
afb1b1
afb1b1
b0b2b2
b1b3b3
b1b3b3
b2b4b4
b4b6b6
b8baba
bcbebe
bec0c0
bec0c0
bcbebe
bbbdbd
bcbebe
bdbfbf
bcbebe
bbbdbd
bcbcbc
bdbdbd
bebebe
bfbfbf
bebebe
b8b8b8
b6b6b6
bbbbbb
c4c4c4
cccccc
cdcdcd
cfcfcf
cecece
cacaca
c4c4c4
c1c1c1
c2c2c2
c2c2c2
c3c3c3
c2c2c2
c3c3c3
c6c6c6
c8c8c8
c8c8c8
c6c6c6
c4c4c4
c5c5c5
c6c6c6
c6c6c6
c4c4c4
c9c9c9
cccccc
cecece
cfcfcf
cdcdcd
c9c9c9
c4c4c4
c2c2c2
c2c2c2
c2c2c2
c1c1c1
c2c2c2
c6c6c6
cacaca
cdcdcd
cdcdcd
cdcdcd
d2d2d2
dadada
e1e1e1
e0e0e0
dbdbdb
d2d2d2
cacaca
c4c4c4
c2c2c2
c2c2c2
c3c3c3
c3c3c3
c4c4c4
c8c8c8
cccccc
cdcdcd
cecece
cfcfcf
d3d3d3
d9d9d9
dddddd
dddddd
dbdbdb
dedede
dadada
d4d4d4
d0d0d0
cecece
d0d0d0
d6d6d6
dbdbdb
e1e1e1
e4e4e4
e1e1e1
dfdfdf
dfdfdf
e0e0e0
e3e3e3
e7e7e7
e7e7e7
e4e4e4
dfdfdf
dadada
cccccc
c6c6c6
c4c4c4
c6c6c6
cccccc
d4d4d4
dbdbdb
dfdfdf
e3e3e3
e5e5e5
e3e3e3
e5e5e5
e7e7e7
e6e6e6
e3e3e3
e0e0e0
dbdbdb
d4d4d4
cccccc
c6c6c6
c5c5c5
cccccc
d5d5d5
dbdbdb
dbdbdb
d6d6d6
cfcfcf
cbcbcb
c9c9c9
c9c9c9
cecece
cecece
cfcfcf
cfcfcf
cfcfcf
cecece
cdcdcd
cacaca
c9c9c9
c7c7c7
c0c0c0
c0c0c0
c2c2c2
c5c5c5
c6c6c6
c1c1c1
bcbcbc
bababa
bcbcbc
bfbfbf
c2c2c2
bebebe
b9b9b9
b6b6b6
b7b7b7
bdbdbd
c1c1c1
c2c2c2
c1c1c1
bfbfbf
c3c3c3
c4c4c4
c4c4c4
c4c4c4
c4c4c4
c3c3c3
c2c2c2
c1c1c1
c1c1c1
c0c0c0
bbbbbb
bababa
bbbbbb
bebebe
c2c2c2
c6c6c6
c7c7c7
c5c5c5
c0c0c0
bcbcbc
b8b8b8
b9b9b9
bababa
bdbdbd
c0c0c0
c2c2c2
c1c1c1
bebebe
bbbbbb
b7b7b7
b9b9b9
bbbbbb
bdbdbd
bfbfbf
c1c1c1
c2c2c2
c1c1c1
c0c0c0
bcbcbc
bababa
bababa
bcbcbc
c0c0c0
c3c3c3
c4c4c4
c2c2c2
c0c0c0
bebebe
bdbdbd
bcbcbc
bfbfbf
c0c0c0
c1c1c1
c0c0c0
bebebe
bbbbbb
bcbcbc
bebebe
c1c1c1
c3c3c3
c3c3c3
c2c2c2
c1c1c1
bfbfbf
bebebe
bebebe
bdbdbd
bdbdbd
bdbdbd
bebebe
c2c2c2
c2c2c2
c3c3c3
c5c5c5
c5c5c5
c4c4c4
c1c1c1
bebebe
bababa
b7b7b7
b5b5b5
b5b5b5
b5b5b5
b6b6b6
b8b8b8
bcbcbc
bebebe
bdbdbd
bbbbbb
b9b9b9
b9bbbb
bcbebe
c2c4c4
c6c8c8
c8caca
c6c8c8
c3c5c5
bfc1c1
bcbebe
bbbdbd
babcbc
b8baba
b6b8b8
b5b7b7
b8baba
bec0c0
c0c2c2
c2c4c4
c0c2c2
bec0c0
bfc1c1
c1c3c3
c3c5c5
c4c6c6
c3c5c5
c0c2c2
bfc1c1
c0c2c2
c3c5c5
c6c8c8
c3c5c5
c1c3c3
bec0c0
bcbebe
bbbdbd
bdbfbf
c2c4c4
c8caca
cdcfcf
d0d2d2
d1d0d2
cfced0
cac9cb
c2c1c3
b9b8ba
b5b4b6
b5b4b6
b5b4b6
b5b4b6
b3b2b4
b8b7b9
b8b7b9
bab9bb
bebdbf
c4c3c5
cac9cb
cecdcf
cfced0
cccbcd
c8c7c9
c4c4c4
c1c1c1
bebebe
bebebe
bdbdbd
bbbbbb
bcbcbc
c0c0c0
c6c6c6
cccccc
cacaca
cdcdcd
d1d1d1
d6d6d6
d8d8d8
d8d8d8
d7d7d7
d5d5d5
d4d4d4
d3d3d3
d0d0d0
cecece
cccccc
c9c9c9
c9c9c9
c9c9c9
c8c8c8
c6c6c6
c3c3c3
c1c1c1
c4c4c4
c9c9c9
cecece
d3d3d3
d3d3d3
d3d3d3
d3d3d3
d6d6d6
dbdbdb
dfdfdf
d8d8d8
d5d5d5
d1d1d1
cdcdcd
cacaca
c8c8c8
c7c7c7
c9c9c9
cbcbcb
cdcdcd
cdcdcd
cccccc
cccccc
cfcfcf
d5d5d5
dbdbdb
dbdbdb
d9d9d9
d3d3d3
cecece
c7c9c9
c4c6c6
c3c5c5
c2c4c4
c0c2c2
c1c3c3
c2c4c4
c5c7c7
c8caca
cacccc
cbcdcd
cdcfcf
d1d3d3
d3d5d5
d3d5d5
d1d3d3
ced0d0
c8caca
c2c4c4
bfc1c1
bebebe
c1c1c1
c7c7c7
cdcdcd
d2d2d2
d5d5d5
d5d5d5
d6d6d6
d5d5d5
d6d6d6
d8d8d8
d8d8d8
d6d6d6
d3d3d3
cfcfcf
cbcbcb
c7c7c7
c4c4c4
c3c3c3
c2c2c2
b8baba
b7b9b9
b6b8b8
b9bbbb
bfc1c1
c2c4c4
c4c6c6
c9cbcb
d2d4d4
dadcdc
d8dada
d4d6d6
d2d4d4
d0d2d2
d0d2d2
ced0d0
c8caca
c3c5c5
c2c4c4
c2c4c4
c5c7c7
c5c7c7
c4c6c6
c3c5c5
c4c6c6
c8caca
ced0d0
d6d8d8
dddfdf
e2e4e4
e4e6e6
e5e7e7
e5e7e7
e6e8e8
e5e7e7
e1e3e3
d9dbdb
d1d3d3
cbcdcd
c8caca
c9c9c9
c5c5c5
c2c2c2
c1c1c1
c3c3c3
c7c7c7
c8c8c8
cacaca
cdcdcd
d1d1d1
d7d7d7
dbdbdb
dcdcdc
d9d9d9
d2d2d2
cdcdcd
c9c9c9
c7c7c7
c6c6c6
c6c6c6
c4c4c4
c0c0c0
bfbfbf
c3c3c3
c8c8c8
cbcbcb
cbcbcb
d2d2d2
dcdcdc
e6e6e6
e6e6e6
e5e5e5
e2e2e2
dcdcdc
d2d2d2
c6c6c6
bebebe
bbbbbb
bbbbbb
bebebe
c5c5c5
c8c8c8
cbcbcb
cdcdcd
cdcdcd
cbcbcb
cacaca
cccccc
cfcfcf
d1d1d1
d5d5d5
d9d9d9
dedede
dedede
dadada
cfcfcf
c6c6c6
c0c0c0
bdbdbd
bebebe
bebebe
bdbdbd
bcbcbc
bdbdbd
bebebe
c0c0c0
c5c5c5
cbcbcb
d1d1d1
d6d6d6
dadada
d7d7d7
d3d3d3
cccccc
c4c4c4
bebebe
bcbcbc
bebebe
c3c3c3
c8c8c8
cdcdcd
cccccc
cdcdcd
cecece
cccccc
c3c3c3
b9b9b9
b6b6b6
b9b9b9
c0c0c0
cbcbcb
d0d0d0
d5d5d5
d7d7d7
d2d2d2
cacaca
c3c3c3
c0c0c0
bfbfbf
bfbfbf
bfc1c1
c5c7c7
cccece
ced0d0
c9cbcb
c1c3c3
bcbebe
bec0c0
c4c6c6
cccece
ced0d0
cacccc
c1c3c3
b6b8b8
b2b4b4
b8baba
b8baba
b6b8b8
b6b8b8
babcbc
c1c1c1
c1c1c1
bebebe
b9b9b9
b6b6b6
b8b8b8
c1c1c1
c9c9c9
cecece
cccccc
bcbcbc
b6b6b6
b3b3b3
b3b3b3
b8b8b8
bfbfbf
c1c1c1
bfbfbf
bababa
b6b6b6
b3b3b3
b6b6b6
bbbbbb
c3c3c3
cbcbcb
d1d1d1
cfcfcf
c7c7c7
bdbdbd
b6b6b6
bababa
b9b9b9
bababa
bababa
bdbdbd
c0c0c0
c2c2c2
c2c2c2
c1c1c1
c0c0c0
bfbfbf
bebebe
bbbbbb
bbbbbb
bcbcbc
bfbfbf
c0c0c0
bfbfbf
bcbcbc
b9b9b9
b4b4b4
b1b1b1
afafaf
aeaeae
afafaf
b3b3b3
b5b5b5
b6b6b6
b6b6b6
b7b7b7
b4b6b6
b1b2b2
afb1b1
b0b2b2
b3b5b5
b4b6b6
b2b4b4
aeb0b0
aaacac
aaacac
b0b2b2
b4b6b6
b6b8b8
b5b7b7
b3b5b5
b2b4b4
b3b5b5
b5b7b7
b5b7b7
b5b7b7
b8b8b8
b9b9b9
b9b9b9
bbbbbb
bababa
b6b6b6
b3b3b3
b5b5b5
bbbbbb
c2c2c2
cacaca
cdcdcd
cccccc
c7c7c7
c0c0c0
bcbcbc
bbbbbb
bbbbbb
bbbbbb
bababa
bbbbbb
c0c0c0
c2c2c2
c3c3c3
c2c2c2
c1c1c1
c1c1c1
bfbfbf
bdbdbd
b9b9b9
bebebe
c0c0c0
c2c2c2
c3c3c3
c4c4c4
c2c2c2
c2c2c2
c0c0c0
c0c0c0
c2c2c2
c2c2c2
c0c0c0
bdbdbd
bebebe
c1c1c1
c4c4c4
c6c6c6
c8c8c8
cccccc
d0d0d0
cdcdcd
c9c9c9
c4c4c4
c0c0c0
bebebe
bfbfbf
c1c1c1
c2c2c2
c2c2c2
c2c2c2
bcbcbc
bfbfbf
c5c5c5
c8c8c8
cbcbcb
d1d1d1
d3d3d3
d3d3d3
d0d0d0
cccccc
c8c8c8
c9c9c9
cacaca
cacaca
cacaca
c9c9c9
cdcdcd
d2d2d2
dadada
dfdfdf
dedede
dfdfdf
e1e1e1
e2e2e2
e1e1e1
dfdfdf
dcdcdc
dbdbdb
dbdbdb
d9d9d9
cccccc
c8c8c8
c5c5c5
c4c4c4
c6c6c6
c9c9c9
cfcfcf
d7d7d7
e1e1e1
e8e8e8
e9e9e9
eaeaea
e9e9e9
e6e6e6
e1e1e1
dedede
dbdbdb
d7d7d7
d0d0d0
cbcbcb
cbcbcb
cecece
d3d3d3
dadada
e1e1e1
e4e4e4
e3e3e3
e0e0e0
dddddd
dcdcdc
dedede
dedede
dcdcdc
d9d9d9
d7d7d7
d4d4d4
d0d0d0
cccccc
c8c8c8
c7c7c7
c6c6c6
c7c7c7
c8c8c8
c9c9c9
c9c9c9
c7c7c7
c6c6c6
c8c8c8
cccccc
d0d0d0
d0d0d0
c8c8c8
bfbfbf
b8b8b8
b6b6b6
bbbbbb
c2c2c2
c7c7c7
cbcbcb
cccccc
c9c9c9
c9c9c9
c9c9c9
c8c8c8
c7c7c7
c7c7c7
c7c7c7
c8c8c8
c8c8c8
c7c7c7
c0c0c0
bcbcbc
bcbcbc
c1c1c1
cacaca
d3d3d3
d7d7d7
d2d2d2
c8c8c8
c1c1c1
bcbcbc
bebebe
c3c3c3
c8c8c8
cccccc
cfcfcf
cfcfcf
cbcbcb
c4c4c4
bdbdbd
b7b7b7
b9b9b9
bdbdbd
c3c3c3
c9c9c9
cdcdcd
cbcbcb
c5c5c5
bfbfbf
bcbcbc
b7b7b7
bababa
bebebe
c2c2c2
c3c3c3
c4c4c4
c2c2c2
c1c1c1
c0c0c0
bebebe
bbbbbb
bbbbbb
bdbdbd
bebebe
bfbfbf
bebebe
bdbdbd
bdbdbd
bdbdbd
bfbfbf
c3c3c3
c5c5c5
c6c6c6
c5c5c5
c4c4c4
c3c3c3
c2c2c2
c2c2c2
c0c0c0
bebebe
bebebe
bdbdbd
bebebe
c0c0c0
c3c3c3
c4c4c4
c4c4c4
c1c1c1
bebebe
bbbbbb
bcbcbc
bcbcbc
bcbcbc
bbbbbb
bdbdbd
bfbfbf
bebebe
bbbbbb
b7b7b7
b5b5b5
b4b6b6
b8baba
bbbdbd
bfc1c1
c0c2c2
c0c2c2
bdbfbf
babcbc
b8baba
b7b9b9
b4b6b6
b2b4b4
b1b3b3
b3b5b5
b6b8b8
bbbdbd
bdbfbf
bec0c0
bcbebe
babcbc
b7b9b9
b9bbbb
bcbebe
bcbebe
babcbc
b7b9b9
b7b9b9
b9bbbb
bcbebe
bec0c0
c0c2c2
bdbfbf
babcbc
b7b9b9
b5b7b7
b8baba
bdbfbf
c4c6c6
cacccc
cdcfcf
c5c5c7
c4c3c5
c3c2c4
bdbcbe
b6b5b7
b2b1b3
b2b1b3
b3b2b4
b3b2b4
b2b1b3
b2b1b3
b2b1b3
b4b3b5
b8b7b9
bcbbbe
c1c0c3
c5c4c6
c4c3c5
c1c0c2
c0bec1
c1c1c1
bebebe
bbbbbb
bababa
b9b9b9
bababa
bbbbbb
c0c0c0
c6c6c6
cbcbcb
cdcdcd
cfcfcf
d1d1d1
d3d3d3
d3d3d3
d1d1d1
d0d0d0
cfcfcf
cfcfcf
cecece
cccccc
cbcbcb
c9c9c9
c8c8c8
c8c8c8
c8c8c8
c6c6c6
c3c3c3
bebebe
bbbbbb
bdbdbd
c3c3c3
cacaca
cfcfcf
d2d2d2
d1d1d1
d0d0d0
d1d1d1
d3d3d3
d6d6d6
d2d2d2
d1d1d1
d0d0d0
cfcfcf
cdcdcd
cccccc
cacaca
c9c9c9
c8c8c8
c8c8c8
c5c5c5
c6c6c6
c7c7c7
cbcbcb
d1d1d1
d6d6d6
d6d6d6
d2d2d2
cccbcb
c5c6c6
c3c5c5
c3c5c5
c2c4c4
bfc1c1
bec0c0
bdbfbf
bec0c0
c1c3c3
c1c3c3
c1c3c3
c2c4c4
c4c6c6
c7c9c9
c9cbcb
c9cbcb
c8caca
c6c8c8
c4c6c6
c1c3c3
bec0c0
bdbdbd
c0c0c0
c3c3c3
c5c5c5
c8c8c8
c9c9c9
cacaca
cccccc
cdcdcd
cecece
cecece
cccccc
cacaca
c9c9c9
cbcbcb
cbcbcb
c8c8c8
c3c3c3
bebebe
bbbbbb
b8baba
b8baba
babcbc
bbbdbd
bbbdbd
bbbdbd
bcbebe
c0c2c2
c4c6c6
c7c9c9
c8caca
c4c6c6
c0c2c2
bfc1c1
c1c3c3
c1c3c3
bfc1c1
bdbfbf
bcbebe
bcbebe
bfc1c1
bec0c0
bcbebe
babcbc
babcbc
bcbebe
c3c5c5
cccece
d3d5d5
d9dbdb
dcdede
dbdddd
dadcdc
dbdddd
dbdddd
d9dbdb
d3d5d5
ced0d0
cccece
cccece
cacaca
c4c4c4
bfbfbf
bdbdbd
bfbfbf
c2c2c2
c4c4c4
c5c5c5
c8c8c8
cbcbcb
d5d5d5
dadada
dbdbdb
d7d7d7
cfcfcf
c9c9c9
c5c5c5
c3c3c3
c3c3c3
c2c2c2
c1c1c1
c1c1c1
c2c2c2
c4c4c4
c5c5c5
c7c7c7
cacaca
d0d0d0
d6d6d6
dbdbdb
d8d8d8
d7d7d7
d6d6d6
d2d2d2
cccccc
c6c6c6
c1c1c1
bfbfbf
bfbfbf
c0c0c0
c8c8c8
cbcbcb
cdcdcd
d0d0d0
d2d2d2
d3d3d3
d5d5d5
d6d6d6
d9d9d9
dadada
d8d8d8
d9d9d9
d9d9d9
d7d7d7
d4d4d4
cdcdcd
c6c6c6
c1c1c1
bebebe
bcbcbc
bebebe
c0c0c0
c2c2c2
c6c6c6
cacaca
cdcdcd
d3d3d3
d8d8d8
dddddd
e1e1e1
e4e4e4
e2e2e2
dcdcdc
d5d5d5
cccccc
c6c6c6
c1c1c1
c2c2c2
c4c4c4
c6c6c6
cccccc
cbcbcb
cbcbcb
cecece
cfcfcf
cacaca
c3c3c3
c1c1c1
c4c4c4
cbcbcb
d8d8d8
dbdbdb
dcdcdc
dadada
d4d4d4
cbcbcb
c4c4c4
bfbfbf
bebebe
bebebe
bfc1c1
c6c9c9
d0d2d2
d5d7d7
d4d6d6
ced0d0
cbcdcd
ced0d0
d5d7d7
dcdede
dee0e0
d9dbdb
ced0d0
c1c3c3
bbbdbd
bdbfbf
bcbebe
b9bbbb
babcbc
c1c3c3
cdcdcd
d0d0d0
cfcfcf
cdcdcd
cacaca
cdcdcd
d4d4d4
dadada
dbdbdb
d6d6d6
c3c3c3
bababa
b3b3b3
b1b1b1
b6b6b6
bcbcbc
bfbfbf
bdbdbd
b8b8b8
b5b5b5
b1b1b1
b4b4b4
bcbcbc
c6c6c6
d1d1d1
d9d9d9
d8d8d8
cfcfcf
c4c4c4
bababa
b5b5b5
b4b4b4
b6b6b6
b8b8b8
bbbbbb
bfbfbf
c1c1c1
c1c1c1
c0c0c0
bfbfbf
c0c0c0
c1c1c1
c3c3c3
c6c6c6
cacaca
cecece
d0d0d0
cfcfcf
cdcdcd
cccccc
c8c8c8
c0c0c0
b8b8b8
b3b3b3
b3b3b3
b6b6b6
b7b7b7
b7b7b7
b6b6b6
b7b7b7
b2b4b4
b0b3b3
b2b4b4
b8baba
bfc1c1
c1c3c3
bdbfbf
b5b7b7
aeb0b0
aaacac
acaeae
b1b3b3
b4b6b6
b5b7b7
b4b6b6
b3b5b5
b3b5b5
b4b6b6
b2b4b4
b0b2b2
b5b5b5
b6b6b6
b7b7b7
bbbbbb
bdbdbd
bababa
b6b6b6
b2b2b2
b2b2b2
b5b5b5
bebebe
c1c1c1
c1c1c1
bfbfbf
bababa
b6b6b6
b6b6b6
b4b4b4
b1b1b1
afafaf
b4b4b4
b8b8b8
bdbdbd
bfbfbf
c0c0c0
c0c0c0
c1c1c1
bebebe
bababa
b6b6b6
b9b9b9
bababa
bcbcbc
bdbdbd
bebebe
bebebe
bebebe
bebebe
bebebe
bfbfbf
bfbfbf
bbbbbb
b7b7b7
b8b8b8
bababa
bdbdbd
bdbdbd
bdbdbd
bfbfbf
c0c0c0
bbbbbb
b9b9b9
b7b7b7
b6b6b6
b6b6b6
b7b7b7
b9b9b9
bbbbbb
bebebe
bebebe
b7b7b7
bababa
bebebe
c0c0c0
c3c3c3
c7c7c7
c9c9c9
c8c8c8
c5c5c5
c1c1c1
bebebe
c1c1c1
c3c3c3
c4c4c4
c4c4c4
c1c1c1
c0c0c0
c3c3c3
c6c6c6
c9c9c9
cacaca
cfcfcf
d5d5d5
d9d9d9
d8d8d8
d3d3d3
cecece
cccccc
cdcdcd
cecece
c8c8c8
c4c4c4
c0c0c0
bfbfbf
bebebe
c0c0c0
c3c3c3
cacaca
d3d3d3
dcdcdc
e3e3e3
e4e4e4
e1e1e1
dddddd
d8d8d8
d5d5d5
d3d3d3
d0d0d0
cccccc
c7c7c7
c5c5c5
c3c3c3
c6c6c6
cdcdcd
d7d7d7
e0e0e0
e4e4e4
e5e5e5
e4e4e4
e3e3e3
e5e5e5
e3e3e3
dfdfdf
dadada
d6d6d6
d2d2d2
cecece
c9c9c9
c6c6c6
c4c4c4
c7c7c7
cacaca
cbcbcb
cccccc
cccccc
cbcbcb
cdcdcd
d1d1d1
d7d7d7
dbdbdb
dcdcdc
d6d6d6
cccccc
c3c3c3
c0c0c0
c2c2c2
c8c8c8
cfcfcf
d5d5d5
d7d7d7
d1d1d1
d1d1d1
d1d1d1
d0d0d0
d0d0d0
d1d1d1
d2d2d2
d3d3d3
d4d4d4
d3d3d3
cccccc
c7c7c7
c4c4c4
c7c7c7
d0d0d0
dcdcdc
e1e1e1
dedede
d6d6d6
cecece
cacaca
cdcdcd
d3d3d3
d8d8d8
dbdbdb
dedede
e0e0e0
dcdcdc
d5d5d5
cecece
c3c3c3
c1c1c1
c4c4c4
cbcbcb
d4d4d4
dadada
d8d8d8
d3d3d3
cdcdcd
c8c8c8
bdbdbd
bcbcbc
bfbfbf
c4c4c4
c8c8c8
cbcbcb
cccccc
cbcbcb
cacaca
c7c7c7
bfbfbf
bdbdbd
bfbfbf
c4c4c4
c9c9c9
cbcbcb
c8c8c8
c3c3c3
c0c0c0
c1c1c1
c9c9c9
cccccc
d0d0d0
d2d2d2
d2d2d2
d2d2d2
d1d1d1
d0d0d0
cccccc
c7c7c7
c2c2c2
c0c0c0
bfbfbf
c1c1c1
c8c8c8
cfcfcf
d3d3d3
d4d4d4
d2d2d2
cfcfcf
d0d0d0
cfcfcf
cecece
cecece
cecece
cdcdcd
cacaca
c5c5c5
c0c0c0
bbbbbb
b9bbbb
bbbdbd
bec0c0
c2c4c4
c6c8c8
c8caca
c7c9c9
c5c7c7
c2c4c4
bfc1c1
b8baba
b7b9b9
b9bbbb
bbbdbd
bdbfbf
bfc1c1
bfc1c1
bec0c0
bbbdbd
babcbc
b7b9b9
b8baba
b9bbbb
b7b9b9
b5b7b7
b0b2b2
afb1b1
b0b2b2
b3b5b5
b5b7b7
babcbc
babcbc
b7b9b9
b4b6b6
b3b5b5
b4b6b6
b6b8b8
babcbc
bdbfbf
bfc1c1
bcbcbc
bdbdbe
bdbcbd
bab9ba
b6b5b7
b4b4b5
b7b6b7
bbbabb
bdbcbd
bdbdbe
bbbabb
b7b7b8
b5b4b6
b4b4b5
b6b5b6
bababb
bcbcbd
bcbbbd
b9b9ba
b7b6b8
bababa
b8b8b8
b6b6b6
b6b6b6
b7b7b7
b8b8b8
b7b7b7
b9b9b9
bdbdbd
c2c2c2
cacaca
cccccc
cdcdcd
cecece
cecece
cdcdcd
cbcbcb
cbcbcb
cbcbcb
cbcbcb
c9c9c9
c8c8c8
c6c6c6
c4c4c4
c3c3c3
c1c1c1
bfbfbf
bcbcbc
b8b8b8
b6b6b6
b8b8b8
bbbbbb
c0c0c0
c5c5c5
c8c8c8
c9c9c9
cbcbcb
cccccc
cfcfcf
d1d1d1
cccccc
cbcbcb
cacaca
c9c9c9
cacaca
cbcbcb
cbcbcb
c9c9c9
c6c6c6
c5c5c5
bfbfbf
bfbfbf
bfbfbf
c1c1c1
c7c7c7
cccccc
cdcdcd
cacaca
c5c5c5
c0c1c1
bcbebe
bdbfbf
bdbfbf
bbbdbd
bbbdbd
bdbfbf
bfc1c1
bec0c0
bbbdbd
b7b9b9
b9bbbb
babcbc
bcbebe
bec0c0
c0c2c2
c1c3c3
c2c4c4
c1c3c3
c1c3c3
c1c3c3
c0c0c0
c1c1c1
c2c2c2
c2c2c2
c2c2c2
c2c2c2
c3c3c3
c4c4c4
c7c7c7
c8c8c8
c8c8c8
c5c5c5
c3c3c3
c5c5c5
c7c7c7
c7c7c7
c4c4c4
c0c0c0
bcbcbc
bbbbbb
b6b8b8
bbbdbd
bfc1c1
bfc1c1
bcbebe
babcbc
bbbdbd
bbbdbd
babcbc
b7b9b9
bec0c0
bbbdbd
b9bbbb
b9bbbb
babcbc
babcbc
babcbc
babcbc
bcbebe
bfc1c1
c0c2c2
bfc1c1
bec0c0
bcbebe
babcbc
babcbc
bcbebe
c0c2c2
c4c6c6
c8caca
ced0d0
cccece
c9cbcb
c9cbcb
cacccc
c9cbcb
c6c8c8
c5c7c7
c6c8c8
c9cbcb
c7c8c8
c3c3c3
bebebe
bdbdbd
c0c0c0
c4c4c4
c3c3c3
c2c2c2
c3c3c3
c4c4c4
c8c8c8
cdcdcd
d1d1d1
cfcfcf
c8c8c8
c3c3c3
bfbfbf
bdbdbd
bcbcbc
bababa
bebebe
c5c5c5
c7c7c7
c6c6c6
c2c2c2
c2c2c2
c5c5c5
c8c8c8
c7c7c7
c4c4c4
c3c3c3
c3c3c3
c4c4c4
c3c3c3
c3c3c3
c1c1c1
c1c1c1
c0c0c0
bfbfbf
bfbfbf
c2c2c2
c2c2c2
c2c2c2
c3c3c3
c5c5c5
c9c9c9
cdcdcd
d0d0d0
d2d2d2
d3d3d3
d3d3d3
cfcfcf
cacaca
c6c6c6
c4c4c4
c2c2c2
c0c0c0
bebebe
bbbbbb
b9b9b9
bbbbbb
bebebe
c3c3c3
c9c9c9
cecece
d2d2d2
d6d6d6
dadada
dcdcdc
dedede
dcdcdc
dadada
d5d5d5
cfcfcf
cacaca
c6c6c6
c3c3c3
c2c2c2
c3c3c3
c3c3c3
c9c9c9
c6c6c6
c6c6c6
cbcbcb
cfcfcf
cfcfcf
cccccc
cccccc
cfcfcf
d5d5d5
dcdcdc
dcdcdc
dadada
d6d6d6
cecece
c7c7c7
c0c0c0
bdbdbd
bcbcbc
bdbdbd
bcbebe
c0c2c2
c7c9c9
cbcdcd
ced0d0
cfd1d1
d1d3d3
d5d7d7
dadcdc
dee0e0
dcdede
d9dbdb
cfd1d1
c3c5c5
bfc1c1
c0c2c2
bcbebe
b9bbbb
babcbc
c2c4c4
cccccc
d2d2d2
d7d7d7
dadada
d9d9d9
dddddd
e1e1e1
e0e0e0
dadada
d1d1d1
c8c8c8
bfbfbf
b8b8b8
b4b4b4
b8b8b8
bcbcbc
bbbbbb
bababa
b9b9b9
bababa
b6b6b6
b9b9b9
c2c2c2
cbcbcb
d5d5d5
d9d9d9
d6d6d6
cfcfcf
c7c7c7
c0c0c0
b8b8b8
b7b7b7
b9b9b9
bababa
bcbcbc
c0c0c0
c2c2c2
c2c2c2
c2c2c2
c1c1c1
c4c4c4
c7c7c7
cccccc
d3d3d3
d9d9d9
dddddd
dedede
dddddd
dcdcdc
dadada
d4d4d4
cacaca
bfbfbf
b9b9b9
bbbbbb
c0c0c0
c0c0c0
bebebe
bbbbbb
b9b9b9
babcbc
b8bbbb
bcbebe
c4c6c6
ced0d0
d2d4d4
cdcfcf
c4c6c6
b9bbbb
b4b6b6
b3b5b5
b9bbbb
c0c2c2
c6c8c8
c7c9c9
c7c9c9
c5c7c7
c3c5c5
bdbfbf
b9bbbb
bcbcbc
bcbcbc
c0c0c0
c5c5c5
c9c9c9
c9c9c9
c2c2c2
bababa
b5b5b5
b3b3b3
b4b4b4
b7b7b7
bababa
bcbcbc
bdbdbd
bebebe
bfbfbf
bebebe
b9b9b9
b5b5b5
b5b5b5
b8b8b8
bdbdbd
c0c0c0
c3c3c3
c6c6c6
c8c8c8
c7c7c7
c3c3c3
bfbfbf
bebebe
bfbfbf
bfbfbf
bfbfbf
bfbfbf
bebebe
bebebe
bdbdbd
bdbdbd
bdbdbd
bebebe
bcbcbc
bbbbbb
bcbcbc
bdbdbd
bdbdbd
bcbcbc
bcbcbc
bdbdbd
c0c0c0
bebebe
bebebe
bbbbbb
b8b8b8
b6b6b6
b3b3b3
b4b4b4
b5b5b5
b8b8b8
bbbbbb
b9b9b9
b9b9b9
b9b9b9
b9b9b9
b8b8b8
bababa
bebebe
c1c1c1
c0c0c0
bfbfbf
bbbbbb
bababa
bababa
bababa
bababa
bcbcbc
bababa
b9b9b9
b7b7b7
b6b6b6
b3b3b3
b8b8b8
bfbfbf
c4c4c4
c5c5c5
c2c2c2
c0c0c0
c1c1c1
c5c5c5
c7c7c7
c1c1c1
bdbdbd
b8b8b8
b6b6b6
b6b6b6
b9b9b9
bababa
bdbdbd
c1c1c1
c7c7c7
d3d3d3
d6d6d6
d3d3d3
d0d0d0
cccccc
c9c9c9
c9c9c9
c6c6c6
c2c2c2
bebebe
bebebe
bababa
b9b9b9
bebebe
c8c8c8
d1d1d1
d7d7d7
d9d9d9
dcdcdc
dddddd
dedede
dbdbdb
d6d6d6
d1d1d1
cecece
cccccc
cbcbcb
c9c9c9
c8c8c8
c5c5c5
c3c3c3
c6c6c6
cacaca
cccccc
cccccc
cccccc
cecece
d3d3d3
dadada
dddddd
d8d8d8
d4d4d4
d0d0d0
cbcbcb
c8c8c8
cacaca
cdcdcd
d2d2d2
d7d7d7
dadada
d7d7d7
d7d7d7
d8d8d8
d9d9d9
dadada
dbdbdb
dddddd
dddddd
dedede
dedede
d7d7d7
d1d1d1
cccccc
cacaca
cfcfcf
d8d8d8
e0e0e0
e1e1e1
dfdfdf
dbdbdb
d7d7d7
dadada
dfdfdf
e1e1e1
e3e3e3
e6e6e6
e9e9e9
e6e6e6
e1e1e1
dadada
d4d4d4
cdcdcd
cbcbcb
cfcfcf
d8d8d8
e1e1e1
e2e2e2
dfdfdf
dadada
d6d6d6
cfcfcf
cdcdcd
cecece
d0d0d0
d5d5d5
dadada
dbdbdb
d9d9d9
d7d7d7
d3d3d3
cccccc
c6c6c6
c3c3c3
c6c6c6
cccccc
cfcfcf
cecece
cbcbcb
c9c9c9
c9c9c9
d2d2d2
d8d8d8
dddddd
e0e0e0
e0e0e0
e0e0e0
dedede
dadada
d4d4d4
cecece
cccccc
c8c8c8
c3c3c3
c4c4c4
cbcbcb
d7d7d7
dfdfdf
e3e3e3
e3e3e3
e0e0e0
dfdfdf
dedede
dedede
dfdfdf
dfdfdf
dfdfdf
dddddd
d7d7d7
d2d2d2
cdcdcd
c5c7c7
c5c7c7
c8caca
ced0d0
d5d7d7
dadcdc
dcdede
dadcdc
d6d8d8
d0d2d2
c8caca
c9cbcb
cdcfcf
cfd1d1
d0d2d2
ced0d0
cbcdcd
c8caca
c5c7c7
c4c6c6
c1c3c3
c2c4c4
c2c4c4
c0c2c2
bdbfbf
b8baba
b7b9b9
b8baba
babcbc
bec0c0
c3c5c5
c3c5c5
c2c4c4
c1c3c3
bfc1c1
bdbfbf
babcbc
b7b9b9
b4b6b6
b3b5b5
babab9
bcbcbc
bcbcbc
babab9
b6b6b6
b7b7b7
bebebd
c6c6c6
cccccc
cfcfce
c9c9c9
c2c2c2
bababa
b5b5b5
b5b5b5
b9b9b9
bebebe
bfbfbf
bebebe
bcbcbc
b9b9b9
b8b8b8
b9b9b9
bdbdbd
bfbfbf
bebebe
bbbbbb
b8b8b8
b9b9b9
bbbbbb
c0c0c0
c3c3c3
c6c6c6
c8c8c8
cacaca
cacaca
cacaca
cacaca
cacaca
cbcbcb
c7c7c7
c6c6c6
c3c3c3
bfbfbf
bdbdbd
bababa
b9b9b9
b9b9b9
b9b9b9
b9b9b9
b9b9b9
bababa
bababa
bcbcbc
bebebe
c1c1c1
c4c4c4
c8c8c8
cccccc
cecece
cbcbcb
c9c9c9
c5c5c5
c4c4c4
c5c5c5
cacaca
cccccc
cccccc
cacaca
c8c8c8
c2c2c2
bfbfbf
bbbbbb
b8b8b8
bbbbbb
bfbfbf
c1c1c1
c0c0c0
bebebe
bbbbbb
babcbc
bcbebe
bdbfbf
bec0c0
bfc1c1
c3c5c5
c5c7c7
c3c5c5
bcbebe
b5b7b7
b7b9b9
b8baba
b9bbbb
bbbdbd
bcbebe
bec0c0
c0c2c2
c1c3c3
c1c3c3
c1c3c3
c2c2c2
c2c2c2
c2c2c2
c1c1c1
c0c0c0
c0c0c0
c1c1c1
c2c2c2
c4c4c4
c5c5c5
c9c9c9
c8c8c8
c7c7c7
c8c8c8
c7c7c7
c2c2c2
bcbcbc
bbbbbb
bebebe
c2c2c2
b7b9b9
bec0c0
c5c7c7
c6c8c8
c2c4c4
bec0c0
bdbfbf
bbbdbd
b6b8b8
b3b5b5
bfc1c1
c0c2c2
bfc1c1
bdbfbf
b9bbbb
b6b8b8
b8baba
bec0c0
c5c7c7
cbcdcd
c9cbcb
c8caca
c8caca
c6c8c8
c2c4c4
bec0c0
bcbebe
bcbebe
bcbebe
bec0c0
c3c5c5
c0c2c2
bdbfbf
bbbdbd
bcbebe
bdbfbf
bdbfbf
bdbfbf
bec0c0
bec0c0
c3c3c3
c2c2c2
c0c0c0
c2c2c2
c6c6c6
cacaca
c9c9c9
c5c5c5
c2c2c2
bfbfbf
bebebe
c0c0c0
c2c2c2
c3c3c3
c2c2c2
bebebe
bababa
b7b7b7
b6b6b6
b8b8b8
bebebe
c5c5c5
cacaca
cacaca
c6c6c6
c3c3c3
c3c3c3
c4c4c4
c1c1c1
bdbdbd
bebebe
bfbfbf
bebebe
bcbcbc
bcbcbc
bbbbbb
bcbcbc
bdbdbd
bfbfbf
c0c0c0
c0c0c0
bcbcbc
b9b9b9
b8b8b8
bababa
bcbcbc
bebebe
c1c1c1
c7c7c7
cccccc
cacaca
c8c8c8
c2c2c2
bbbbbb
b7b7b7
b7b7b7
b9b9b9
bababa
b9b9b9
b7b7b7
bababa
bcbcbc
c0c0c0
c4c4c4
c7c7c7
cbcbcb
cecece
d0d0d0
d2d2d2
d0d0d0
cdcdcd
cdcdcd
cbcbcb
c8c8c8
c5c5c5
c2c2c2
c2c2c2
c1c1c1
c1c1c1
c0c0c0
c2c2c2
c3c3c3
c4c4c4
c8c8c8
cecece
d1d1d1
cecece
cbcbcb
cfcfcf
d7d7d7
d8d8d8
d7d7d7
d4d4d4
cfcfcf
c9c9c9
c2c2c2
bbbbbb
b8b8b8
b8b8b8
b9baba
b3b5b5
b6b8b8
bdbfbf
c0c2c2
c0c2c2
c2c4c4
c6c8c8
cbcdcd
d0d2d2
d2d4d4
cdcfcf
c9cbcb
c4c6c6
bec0c0
bdbfbf
bcbebe
b9bbbb
b8baba
babcbc
c0c2c2
c5c5c5
cbcbcb
d0d0d0
d2d2d2
d1d1d1
d2d2d2
d4d4d4
d3d3d3
cecece
c8c8c8
c4c4c4
bebebe
b9b9b9
b6b6b6
b7b7b7
b9b9b9
bababa
bababa
bbbbbb
bababa
b7b7b7
bbbbbb
c1c1c1
c7c7c7
cacaca
c9c9c9
c6c6c6
c2c2c2
bfbfbf
bdbdbd
bababa
b8b8b8
b7b7b7
b8b8b8
bcbcbc
bfbfbf
c0c0c0
c1c1c1
c3c3c3
c5c5c5
c8c8c8
cdcdcd
d4d4d4
dadada
dedede
dddddd
dadada
d6d6d6
d4d4d4
d2d2d2
cdcdcd
c6c6c6
c0c0c0
bcbcbc
bdbdbd
bebebe
bdbdbd
bbbbbb
bbbbbb
bbbbbb
babcbc
c1c3c3
c9cbcb
cfd1d1
d3d5d5
d4d6d6
d4d6d6
d0d2d2
c7c9c9
c0c2c2
bec0c0
c3c5c5
cbcdcd
d1d3d3
d2d4d4
d2d4d4
d2d4d4
cfd1d1
cacccc
c7c8c8
c4c4c4
c7c7c7
cecece
d4d4d4
d9d9d9
d8d8d8
d1d1d1
c8c8c8
c1c1c1
bdbdbd
bcbcbc
bfbfbf
c3c3c3
c8c8c8
cdcdcd
d1d1d1
d2d2d2
cfcfcf
cccccc
c8c8c8
c1c1c1
c3c3c3
c8c8c8
cccccc
d0d0d0
d4d4d4
d5d5d5
d2d2d2
cecece
cacaca
c6c6c6
c4c4c4
c5c5c5
c7c7c7
c8c8c8
c7c7c7
c5c5c5
c3c3c3
c4c4c4
c6c6c6
c8c8c8
c9c9c9
cbcbcb
cccccc
cccccc
c8c8c8
c5c5c5
c5c5c5
c6c6c6
c8c8c8
c8c8c8
cccccc
cecece
cbcbcb
c4c4c4
bfbfbf
bfbfbf
c0c0c0
c2c2c2
c2c2c2
c0c0c0
c0c0c0
bcbcbc
b6b6b6
b1b1b1
b2b2b2
b8b8b8
bfbfbf
c2c2c2
c0c0c0
b9b9b9
b6b6b6
b5b5b5
b5b5b5
b6b6b6
bababa
bbbbbb
b9b9b9
b7b7b7
b4b4b4
b1b1b1
b0b0b0
b3b3b3
b7b7b7
bcbcbc
c2c2c2
c6c6c6
cacaca
cecece
cfcfcf
bfbfbf
bababa
b6b6b6
b5b5b5
b5b5b5
b8b8b8
b8b8b8
b6b6b6
b3b3b3
b2b2b2
bababa
bdbdbd
c0c0c0
c3c3c3
c2c2c2
c1c1c1
bfbfbf
bcbcbc
b8b8b8
b6b6b6
b5b5b5
b4b4b4
b5b5b5
b8b8b8
bdbdbd
bebebe
c1c1c1
c4c4c4
cbcbcb
d1d1d1
d3d3d3
d2d2d2
cecece
cacaca
c6c6c6
c6c6c6
c7c7c7
c8c8c8
c8c8c8
c6c6c6
bfbfbf
c1c1c1
c5c5c5
c7c7c7
c8c8c8
c9c9c9
cacaca
cecece
d3d3d3
d5d5d5
cfcfcf
cdcdcd
cbcbcb
c8c8c8
c7c7c7
c8c8c8
cbcbcb
cfcfcf
d3d3d3
d6d6d6
d8d8d8
d9d9d9
dbdbdb
dddddd
dddddd
dedede
dedede
dedede
dedede
dedede
d8d8d8
d0d0d0
c9c9c9
c6c6c6
cacaca
d1d1d1
d8d8d8
dddddd
e0e0e0
e1e1e1
dedede
dfdfdf
e0e0e0
dfdfdf
dfdfdf
e0e0e0
e1e1e1
e1e1e1
dedede
dbdbdb
d6d6d6
d1d1d1
cfcfcf
d0d0d0
d8d8d8
dfdfdf
e3e3e3
e2e2e2
dfdfdf
dcdcdc
dcdcdc
dcdcdc
dddddd
dfdfdf
dfdfdf
e0e0e0
dfdfdf
dddddd
dbdbdb
d9d9d9
d3d3d3
cccccc
c7c7c7
c6c6c6
cacaca
cdcdcd
cdcdcd
cecece
cfcfcf
d1d1d1
d6d6d6
dddddd
e4e4e4
e7e7e7
e6e6e6
e3e3e3
dfdfdf
d9d9d9
d1d1d1
cccccc
cecece
cacaca
c6c6c6
c5c5c5
c9c9c9
d2d2d2
dbdbdb
e0e0e0
e3e3e3
e3e3e3
e3e3e3
e4e4e4
e6e6e6
e7e7e7
e8e8e8
e9e9e9
e7e7e7
e2e2e2
d9d9d9
d2d2d2
cdcfcf
cdcfcf
d0d2d2
d3d5d5
d7d9d9
dbdddd
dee0e0
dfe1e1
dee0e0
dddfdf
dadcdc
dcdede
dee0e0
dee0e0
dcdede
dadcdc
d7d9d9
d3d5d5
cccece
c8caca
c8caca
c9cbcb
cacccc
cbcdcd
cacccc
c9cbcb
c9cbcb
cbcdcd
ced0d0
d0d2d2
d3d5d5
d4d6d6
d4d6d6
d4d6d6
d1d3d3
cacccc
c1c3c3
b9bbbb
b5b7b7
b4b6b6
bbbbbb
bdbdbd
bebebe
bdbdbd
bebebe
c2c2c2
cbcbcb
d3d3d3
d9d9d9
dbdbdb
d7d7d7
cecece
c4c4c4
bcbcbc
bababa
bebebe
c4c4c4
c7c7c7
c9c9c9
cacaca
c4c4c4
c2c2c2
c2c2c2
c5c5c5
cacaca
cdcdcd
cacaca
c4c4c4
bdbdbd
b7b7b7
b8b8b8
bababa
bdbdbd
c1c1c1
c4c4c4
c6c6c6
c7c7c7
c7c7c7
c7c7c7
c7c7c7
c6c6c6
c4c4c4
c1c1c1
bebebe
bbbbbb
bababa
bbbbbb
bdbdbd
c0c0c0
c2c2c2
c5c5c5
c2c2c2
bdbdbd
bbbbbb
bcbcbc
c0c0c0
c3c3c3
c8c8c8
cacaca
cccccc
cdcdcd
c9c9c9
c4c4c4
c2c2c2
c6c6c6
cccccc
cfcfcf
d1d1d1
d0d0d0
cfcfcf
cfcfcf
c9c9c9
c1c1c1
bcbcbc
bbbbbb
bebebe
c0c0c0
c1c1c1
c1c1c1
bfbfbf
c0c2c2
c2c4c4
c4c6c6
c6c8c8
c9cbcb
d1d3d3
d6d8d8
d4d6d6
cbcdcd
c0c2c2
babcbc
bbbdbd
bcbebe
bec0c0
bfc1c1
c0c2c2
bfc1c1
bfc1c1
bfc1c1
bfc1c1
c3c3c3
c6c6c6
c8c8c8
cbcbcb
cbcbcb
c9c9c9
c5c5c5
c2c2c2
c0c0c0
c1c1c1
c8c8c8
c9c9c9
c9c9c9
c8c8c8
c5c5c5
c0c0c0
bdbdbd
bfbfbf
c5c5c5
cbcbcb
c0c2c2
c6c8c8
ced0d0
d0d2d2
ced0d0
cacccc
c5c7c7
c1c3c3
bbbdbd
b9bbbb
c3c5c5
c7c9c9
c8caca
c5c7c7
bdbfbf
babcbc
bec0c0
c6c8c8
cfd1d1
d5d7d7
d7d9d9
d7d9d9
d6d8d8
d3d5d5
cccece
c5c7c7
c1c3c3
bfc1c1
bfc1c1
c0c2c2
c0c2c2
bec0c0
bcbebe
bbbdbd
bcbebe
bfc1c1
c0c2c2
c0c2c2
bdbfbf
bcbebe
c0c0c0
c2c1c1
c3c3c3
c8c8c8
cecece
d1d1d1
d1d1d1
cecece
c8c8c8
c2c2c2
c0c0c0
bebebe
c0c0c0
c3c3c3
c6c6c6
c5c5c5
c0c0c0
bcbcbc
bbbbbb
bdbdbd
c0c0c0
c7c7c7
cccccc
cfcfcf
cccccc
c7c7c7
c5c5c5
c3c3c3
c1c1c1
c0c0c0
c5c5c5
c6c6c6
c6c6c6
c4c4c4
bfbfbf
bababa
b9b9b9
bdbdbd
c4c4c4
c8c8c8
c7c7c7
c0c0c0
bbbbbb
b8b8b8
b9b9b9
b6b6b6
b3b3b3
b6b6b6
bfbfbf
cacaca
c7c7c7
c8c8c8
c6c6c6
c0c0c0
b8b8b8
b4b4b4
b5b5b5
b6b6b6
b5b5b5
b4b4b4
bababa
bdbdbd
bebebe
bdbdbd
bcbcbc
bebebe
c1c1c1
c5c5c5
c7c7c7
c5c5c5
c6c6c6
c7c7c7
c7c7c7
c4c4c4
bfbfbf
bbbbbb
bdbdbd
bebebe
bebebe
bebebe
bebebe
c1c1c1
c3c3c3
c5c5c5
c9c9c9
cbcbcb
c4c4c4
c0c0c0
c4c4c4
cfcfcf
d0d0d0
cfcfcf
cfcfcf
cecece
cccccc
c5c5c5
bcbcbc
b5b5b5
b3b3b3
b2b3b3
acaeae
b2b4b4
b8baba
b9bbbb
b5b7b7
b1b3b3
b4b6b6
bbbdbd
c1c3c3
c4c6c6
c0c2c2
babcbc
b5b7b7
b3b5b5
b4b6b6
b4b6b6
b4b6b6
b5b7b7
b8baba
bcbebe
bfbfbf
c1c1c1
c1c1c1
c0c0c0
bebebe
bcbcbc
bdbdbd
bfbfbf
bfbfbf
bebebe
b7b7b7
b5b5b5
b3b3b3
b3b3b3
b4b4b4
b9b9b9
bbbbbb
bcbcbc
bcbcbc
bababa
b8b8b8
bababa
bbbbbb
bcbcbc
bababa
b8b8b8
b8b8b8
b8b8b8
b9b9b9
b9b9b9
b5b5b5
b1b1b1
b0b0b0
b3b3b3
b8b8b8
bcbcbc
bdbdbd
bebebe
c1c1c1
c5c5c5
c6c6c6
cbcbcb
d1d1d1
d6d6d6
d6d6d6
d1d1d1
c9c9c9
c4c4c4
c0c0c0
bebebe
c1c1c1
bebebe
bababa
b8b8b8
b7b7b7
b5b5b5
b4b4b4
b4b4b4
b7b7b7
bbbbbb
b7b9b9
c2c4c4
cccece
cfd1d1
cbcdcd
cacccc
cccece
cccece
c8caca
c0c2c2
bdbfbf
c1c3c3
c4c6c6
c7c9c9
c6c8c8
c7c9c9
c9cbcb
cacccc
cacccc
c8caca
cbcaca
cfcfcf
d6d6d6
dbdbdb
dddddd
dadada
d5d5d5
cecece
c7c7c7
c4c4c4
c4c4c4
c5c5c5
c9c9c9
cdcdcd
d1d1d1
d4d4d4
d4d4d4
d3d3d3
d1d1d1
cfcfcf
d0d0d0
cfcfcf
d1d1d1
d4d4d4
d7d7d7
d9d9d9
d6d6d6
d3d3d3
cdcdcd
cacaca
c7c7c7
c6c6c6
c8c8c8
cccccc
d0d0d0
d1d1d1
cfcfcf
cfcfcf
d2d2d2
d7d7d7
dadada
dddddd
dfdfdf
dfdfdf
dbdbdb
d5d5d5
d0d0d0
cdcdcd
cccccc
cccccc
cecece
d7d7d7
dcdcdc
dbdbdb
d4d4d4
d1d1d1
d3d3d3
d6d6d6
d7d7d7
d6d6d6
d3d3d3
d3d3d3
cecece
c6c6c6
bcbcbc
b9b9b9
bebebe
c5c5c5
cbcbcb
cccccc
c5c5c5
c2c2c2
c1c1c1
c0c0c0
c2c2c2
c4c4c4
c5c5c5
c4c4c4
c3c3c3
c0c0c0
b7b7b7
b2b2b2
b1b1b1
b5b5b5
bfbfbf
cacaca
d1d1d1
d5d5d5
d8d8d8
d9d9d9
cccccc
c7c7c7
c2c2c2
bfbfbf
bfbfbf
c1c1c1
c0c0c0
bbbbbb
b4b4b4
afafaf
b1b1b1
b6b6b6
bcbcbc
c2c2c2
c5c5c5
c4c4c4
c2c2c2
bfbfbf
bdbdbd
bbbbbb
b3b3b3
b2b2b2
b3b3b3
b4b4b4
b3b3b3
b0b0b0
aeaeae
afafaf
b4b4b4
bababa
c5c5c5
c7c7c7
c6c6c6
c4c4c4
c1c1c1
bfbfbf
c0c0c0
c1c1c1
c0c0c0
bebebe
bebebe
bebebe
c0c0c0
bfbfbf
bebebe
bdbdbd
bebebe
c2c2c2
c5c5c5
c9c9c9
cacaca
c7c7c7
c3c3c3
c0c0c0
bfbfbf
c3c3c3
c6c6c6
c9c9c9
cbcbcb
cdcdcd
d3d3d3
d5d5d5
d6d6d6
d6d6d6
d5d5d5
d3d3d3
d1d1d1
cfcfcf
cecece
cecece
cecece
c9c9c9
c4c4c4
c3c3c3
c6c6c6
cbcbcb
cecece
d2d2d2
d7d7d7
dbdbdb
d9d9d9
d8d8d8
d8d8d8
d6d6d6
d5d5d5
d3d3d3
d2d2d2
d1d1d1
d1d1d1
d1d1d1
cbcbcb
cbcbcb
cccccc
cfcfcf
d4d4d4
d9d9d9
dcdcdc
dbdbdb
d9d9d9
d7d7d7
d8d8d8
dcdcdc
dfdfdf
e0e0e0
dedede
d9d9d9
d7d7d7
d5d5d5
d3d3d3
d3d3d3
cecece
c9c9c9
c5c5c5
c5c5c5
c8c8c8
cacaca
c9c9c9
c8c8c8
cacaca
cccccc
cfcfcf
d7d7d7
dfdfdf
e2e2e2
e0e0e0
dbdbdb
d5d5d5
d1d1d1
cccccc
c8c8c8
c6c6c6
c5c5c5
c4c4c4
c4c4c4
c6c6c6
c9c9c9
cdcdcd
d1d1d1
d5d5d5
d8d8d8
d6d6d6
dadada
dedede
e0e0e0
dfdfdf
dedede
dddddd
d8d8d8
d0d0d0
c8c8c8
c5c7c7
c7c9c9
cacccc
cccece
cdcfcf
ced0d0
d0d2d2
d3d5d5
d7d9d9
dbdddd
dfe1e1
e2e4e4
e2e4e4
e0e2e2
dddfdf
dbdddd
d9dbdb
d4d6d6
cbcdcd
c4c6c6
c3c5c5
c4c6c6
c7c9c9
cbcdcd
cfd1d1
d3d5d5
d4d6d6
d5d7d7
d5d7d7
d4d6d6
d9dbdb
dadcdc
dadcdc
dadcdc
d7d9d9
cfd1d1
c4c6c6
bcbebe
b9bcbc
bbbdbd
bfbebf
c1c1c1
c3c3c3
c6c6c6
c9c9c9
d0d0d0
d8d8d8
dfdfdf
e0e0e0
e0e0e0
dfdfdf
d7d7d7
cccccc
c2c2c2
bebebe
c0c0c0
c7c7c7
cdcdcd
d3d3d3
d5d5d5
d0d0d0
cdcdcd
cdcdcd
cfcfcf
d6d6d6
dadada
d8d8d8
d0d0d0
c4c4c4
bababa
b7b7b7
b7b7b7
bababa
bdbdbd
c0c0c0
c4c4c4
c6c6c6
c6c6c6
c6c6c6
c5c5c5
c3c3c3
c2c2c2
c0c0c0
bebebe
bebebe
c0c0c0
c5c5c5
cacaca
cecece
d0d0d0
d3d3d3
cecece
c7c7c7
c2c2c2
c1c1c1
c5c5c5
c9c9c9
cbcbcb
cccccc
cdcdcd
cfcfcf
cacaca
c6c6c6
c6c6c6
cccccc
d2d2d2
d4d4d4
d5d5d5
d5d5d5
d6d6d6
d9d9d9
d4d4d4
cdcdcd
c7c7c7
c5c5c5
c8c8c8
cbcbcb
cdcdcd
cdcdcd
cccccc
c9cbcb
cacccc
cccece
cfd1d1
d5d7d7
dddfdf
e3e5e5
e1e3e3
d8dada
cdcfcf
c3c5c5
c1c3c3
c1c3c3
c2c4c4
c4c6c6
c5c7c7
c5c7c7
c3c5c5
c3c5c5
c4c6c6
cccccc
cfcfcf
d2d2d2
d7d7d7
d9d9d9
d5d5d5
cccccc
c5c5c5
c1c1c1
c2c2c2
c9c9c9
cccccc
cecece
cdcdcd
cccccc
c9c9c9
cacaca
cfcfcf
d4d4d4
d9d9d9
ced0d0
d3d5d5
d8dada
dadcdc
d9dbdb
d5d7d7
d1d3d3
cacccc
c3c5c5
bec0c0
c7c9c9
cccece
cfd1d1
ced0d0
cacccc
c7c9c9
cacccc
cfd1d1
d5d7d7
d9dbdb
dee0e0
dee0e0
dbdddd
d6d8d8
d0d2d2
c9cbcb
c3c5c5
c1c3c3
c1c3c3
c2c4c4
c2c4c4
c2c4c4
c4c6c6
c5c7c7
c6c8c8
c7c9c9
c6c8c8
c6c8c8
c6c8c8
c5c7c7
c6c6c6
c7c6c6
cacaca
cdcdcd
d2d2d2
d6d6d6
d8d8d8
d5d5d5
d2d2d2
cdcdcd
c7c7c7
c5c5c5
c8c8c8
cccccc
d1d1d1
d3d3d3
d0d0d0
cbcbcb
c7c7c7
c5c5c5
c6c6c6
cdcdcd
d3d3d3
d5d5d5
d1d1d1
cacaca
c6c6c6
c3c3c3
c1c1c1
c1c1c1
c9c9c9
cfcfcf
d3d3d3
d4d4d4
cecece
c7c7c7
c3c3c3
c7c7c7
d0d0d0
d7d7d7
d5d5d5
d0d0d0
cccccc
c7c7c7
c4c4c4
bdbdbd
b7b7b7
b8b8b8
bfbfbf
c8c8c8
cccccc
cecece
cfcfcf
cbcbcb
c3c3c3
bdbdbd
b9b9b9
b8b8b8
b5b5b5
b5b5b5
c2c2c2
c5c5c5
c3c3c3
bfbfbf
bababa
b8b8b8
bbbbbb
c1c1c1
c5c5c5
c7c7c7
cacaca
cbcbcb
cacaca
c5c5c5
bcbcbc
b6b6b6
b6b6b6
b9b9b9
bcbcbc
bebebe
bfbfbf
c1c1c1
c2c2c2
c2c2c2
c2c2c2
c1c1c1
bababa
b6b6b6
bbbbbb
c5c5c5
cccccc
cecece
d0d0d0
d5d5d5
d7d7d7
d1d1d1
c8c8c8
bcbcbc
b3b3b3
afafaf
b2b4b4
b8baba
bec0c0
bec0c0
b7b9b9
b1b3b3
b2b4b4
b8baba
bfc1c1
c4c6c6
c3c5c5
bbbdbd
b2b4b4
aeb0b0
afb1b1
b2b4b4
b6b8b8
b9bbbb
bcbebe
bdbfbf
bfbfbf
bebebe
bbbbbb
b6b6b6
b3b3b3
b4b4b4
b7b7b7
b8b8b8
b9b9b9
b8b8b8
b5b5b5
b4b4b4
b4b4b4
b5b5b5
b7b7b7
bcbcbc
bcbcbc
bcbcbc
bbbbbb
b9b9b9
b8b8b8
b7b7b7
b6b6b6
b5b5b5
b5b5b5
b5b5b5
b7b7b7
b8b8b8
b9b9b9
b8b8b8
acacac
a9a9a9
aaaaaa
aeaeae
b4b4b4
b7b7b7
b9b9b9
b9b9b9
b9b9b9
bbbbbb
b9b9b9
bdbdbd
c3c3c3
c7c7c7
c8c8c8
c5c5c5
c0c0c0
bcbcbc
b9b9b9
b8b8b8
bebebe
b9b9b9
b3b3b3
afafaf
b0b0b0
b1b1b1
b0b0b0
b1b1b1
b2b2b2
b3b3b3
b7b8b8
bcbebe
c1c3c3
c3c5c5
c3c5c5
c2c4c4
c0c2c2
bec0c0
bcbebe
babcbc
b7b9b9
b9bbbb
bbbdbd
babcbc
b8baba
babcbc
bdbfbf
c1c3c3
c4c6c6
c5c6c6
cccccc
cfcfcf
d1d1d1
d2d2d2
d1d1d1
cdcdcd
c9c9c9
c5c5c5
c1c1c1
c1c1c1
c1c1c1
c2c2c2
c4c4c4
c5c5c5
c5c5c5
c5c5c5
c5c5c5
c7c7c7
cacaca
cbcbcb
d5d5d5
d4d4d4
d2d2d2
d0d0d0
cfcfcf
cdcdcd
cccccc
cacaca
c7c7c7
c6c6c6
c6c6c6
c6c6c6
c7c7c7
cacaca
cecece
d1d1d1
d2d2d2
d5d5d5
d8d8d8
dcdcdc
e0e0e0
e0e0e0
e0e0e0
dfdfdf
dadada
d5d5d5
d0d0d0
cdcdcd
cbcbcb
cacaca
cfcfcf
d5d5d5
d7d7d7
d6d6d6
d3d3d3
d3d3d3
d9d9d9
dedede
e1e1e1
e0e0e0
e3e3e3
e2e2e2
dedede
d8d8d8
cfcfcf
c7c7c7
c5c5c5
c9c9c9
d1d1d1
d7d7d7
d2d2d2
d2d2d2
d2d2d2
d3d3d3
d4d4d4
d4d4d4
d4d4d4
d2d2d2
d2d2d2
d0d0d0
c3c3c3
bfbfbf
bdbdbd
c1c1c1
c9c9c9
d2d2d2
d9d9d9
dcdcdc
dfdfdf
e1e1e1
dedede
d8d8d8
d1d1d1
cccccc
cbcbcb
cdcdcd
cdcdcd
c8c8c8
c1c1c1
bcbcbc
bebebe
c2c2c2
c8c8c8
cecece
d3d3d3
d5d5d5
d5d5d5
d6d6d6
d7d7d7
d5d5d5
c6c6c6
c1c1c1
bcbcbc
bababa
b9b9b9
b7b7b7
b2b2b2
adadad
aaaaaa
ababab
bdbdbd
c3c3c3
c6c6c6
c7c7c7
c6c6c6
c4c4c4
c3c3c3
c0c0c0
bbbbbb
b7b7b7
bfbfbf
c0c0c0
bfbfbf
bbbbbb
b5b5b5
afafaf
b0b0b0
b6b6b6
bdbdbd
c3c3c3
c8c8c8
c3c3c3
bdbdbd
b8b8b8
b8b8b8
bdbdbd
bfbfbf
c0c0c0
bfbfbf
bdbdbd
c5c5c5
c6c6c6
c5c5c5
c4c4c4
c4c4c4
c2c2c2
c2c2c2
c1c1c1
c1c1c1
c0c0c0
c2c2c2
c1c1c1
c0c0c0
c0c0c0
c2c2c2
c3c3c3
c3c3c3
c6c6c6
cacaca
cecece
cecece
cfcfcf
cfcfcf
cfcfcf
cecece
cccccc
c9c9c9
c6c6c6
c4c4c4
c3c3c3
c1c1c1
c2c2c2
c5c5c5
c8c8c8
cdcdcd
d0d0d0
d2d2d2
d2d2d2
d1d1d1
d0d0d0
d4d4d4
d7d7d7
dadada
dbdbdb
d8d8d8
d3d3d3
cecece
cccccc
cccccc
cdcdcd
cacaca
c5c5c5
c2c2c2
c1c1c1
c5c5c5
c7c7c7
c5c5c5
c3c3c3
bfbfbf
bebebe
c2c2c2
c9c9c9
d0d0d0
d2d2d2
d1d1d1
cdcdcd
cbcbcb
c9c9c9
c6c6c6
c4c4c4
c0c0c0
c1c1c1
c2c2c2
c2c2c2
c4c4c4
c5c5c5
c5c5c5
c6c6c6
c7c7c7
c7c7c7
c3c3c3
c7c7c7
cdcdcd
cfcfcf
cdcdcd
cbcbcb
cacaca
c7c7c7
c5c5c5
c1c1c1
babcbc
bcbebe
c0c2c2
c2c4c4
c4c6c6
c5c7c7
c7c9c9
cacccc
cdcfcf
cfd1d1
d5d7d7
d9dbdb
dbdddd
dbdddd
d8dada
d5d7d7
d1d3d3
cccece
c6c8c8
c2c4c4
bec0c0
bdbfbf
bfc1c1
c1c3c3
c8caca
cdcfcf
d1d3d3
d2d4d4
cfd1d1
ced0d0
d6d8d8
d5d7d7
d4d6d6
d4d6d6
d3d5d5
cfd1d1
c6c8c8
c0c2c2
bcbfbf
bdbfbf
bdbebd
c0c1c0
c4c5c4
c7c8c7
cccdcc
d1d2d1
d8d9d7
dddddc
dddedc
dcdcdb
dddedc
d6d7d5
cdcdcc
c4c5c3
c1c1c0
c3c3c2
c7c8c7
cdcdcc
d2d2d1
d2d3d2
cfcfcf
d1d1d1
d4d4d4
d8d8d8
dedede
e1e1e1
dddddd
d5d5d5
cacaca
c2c2c2
b9b9b9
bababa
bcbcbc
bfbfbf
c2c2c2
c6c6c6
c7c7c7
c7c7c7
c7c7c7
c7c7c7
c3c3c3
c2c2c2
c1c1c1
c1c1c1
c3c3c3
c7c7c7
cecece
d4d4d4
dadada
dddddd
dbdbdb
d6d6d6
d0d0d0
cacaca
c8c8c8
c9c9c9
cacaca
cdcdcd
cdcdcd
cdcdcd
cecece
cbcbcb
c9c9c9
cbcbcb
d0d0d0
d4d4d4
d4d4d4
d5d5d5
d5d5d5
d6d6d6
dadada
d8d8d8
d2d2d2
cecece
cdcdcd
cdcdcd
cdcdcd
cdcdcd
cdcdcd
cdcdcd
cdcfcf
cdcfcf
cfd1d1
d4d6d6
dbdddd
e1e3e3
e1e3e3
dcdede
d6d8d8
d0d2d2
cacccc
c7c9c9
c4c6c6
c2c4c4
c2c4c4
c4c6c6
c7c9c9
c8caca
c9cbcb
cbcdcd
d4d4d4
d5d4d4
d5d5d5
d7d7d7
d8d8d8
d3d3d3
cccccc
c8c8c8
c6c6c6
c7c7c7
cacaca
cdcdcd
d2d2d2
d5d5d5
d4d4d4
d2d2d2
d2d2d2
d6d6d6
dcdcdc
e0e0e0
d6d8d8
d8dada
dadcdc
dbdddd
dadcdc
d6d8d8
d3d5d5
cccece
c4c6c6
bfc1c1
c9cbcb
cfd1d1
d4d6d6
d5d7d7
d3d5d5
d1d3d3
d2d4d4
d4d6d6
d6d8d8
d7d9d9
d7d9d9
d6d8d8
d4d6d6
d0d2d2
cbcdcd
c6c8c8
c3c5c5
c1c3c3
c1c3c3
c3c5c5
c5c7c7
c8caca
cccece
cfd1d1
cfd1d1
ced0d0
cccece
cdcfcf
cfd1d1
d1d3d3
d3d3d3
d3d3d3
d4d4d4
d6d6d6
d8d8d8
dadada
dadada
d8d8d8
d5d5d5
d1d1d1
cbcbcb
c9c9c9
cacaca
cfcfcf
d4d4d4
d8d8d8
d8d8d8
d4d4d4
cfcfcf
cccccc
cdcdcd
d4d4d4
dbdbdb
dddddd
d7d7d7
cecece
c7c7c7
c4c4c4
c2c2c2
c1c1c1
c9c9c9
d2d2d2
dadada
dedede
dddddd
d6d6d6
d4d4d4
d6d6d6
dedede
e4e4e4
e3e3e3
e1e1e1
dfdfdf
dadada
d4d4d4
cacaca
c1c1c1
bfbfbf
c2c2c2
c8c8c8
cfcfcf
d4d4d4
d6d6d6
d6d6d6
d0d0d0
c9c9c9
c4c4c4
c2c2c2
c2c2c2
c4c4c4
d3d3d3
d6d6d6
d3d3d3
cccccc
c3c3c3
bcbcbc
bebebe
c3c3c3
c9c9c9
cccccc
d2d2d2
d5d5d5
d4d4d4
cecece
c5c5c5
bdbdbd
bbbbbb
bebebe
c3c3c3
c6c6c6
c5c5c5
c9c9c9
cacaca
c8c8c8
c7c7c7
c5c5c5
bebebe
b8b8b8
bbbbbb
c4c4c4
d0d0d0
d1d1d1
d4d4d4
d9d9d9
dedede
dcdcdc
d1d1d1
c5c5c5
bababa
b5b5b5
c1c3c3
c8caca
cdcfcf
cdcfcf
c6c8c8
bec0c0
babcbc
bdbfbf
c3c5c5
c8caca
cacccc
c5c7c7
bfc1c1
bcbebe
bdbfbf
c0c2c2
c4c6c6
c6c8c8
c6c8c8
c7c9c9
cccccc
c9c9c9
c2c2c2
bbbbbb
b7b7b7
bababa
c0c0c0
c4c4c4
c5c5c5
c4c4c4
c0c0c0
c0c0c0
c0c0c0
c0c0c0
c1c1c1
c2c2c2
c2c2c2
c1c1c1
bebebe
bcbcbc
b9b9b9
b9b9b9
b9b9b9
bababa
bdbdbd
bfbfbf
bfbfbf
bebebe
bbbbbb
b8b8b8
ababab
aaaaaa
adadad
b0b0b0
b4b4b4
b6b6b6
b6b6b6
b4b4b4
b2b2b2
b1b1b1
aeaeae
b3b3b3
b9b9b9
bebebe
c2c2c2
c4c4c4
c4c4c4
c4c4c4
c3c3c3
c4c4c4
c3c3c3
bbbbbb
b3b3b3
afafaf
b0b0b0
b2b2b2
b1b1b1
b0b0b0
aeaeae
adadad
acaeae
acaeae
b0b2b2
b5b7b7
bbbdbd
bbbdbd
b8baba
b4b6b6
b4b6b6
b6b8b8
b4b6b6
b5b7b7
b5b7b7
b4b6b6
b1b3b3
b0b2b2
b4b6b6
b8baba
babcbc
bcbdbd
c1c1c1
c2c2c2
c3c3c3
c2c2c2
c1c1c1
bfbfbf
bebebe
bdbdbd
bcbcbc
bdbdbd
bebebe
c0c0c0
c0c0c0
bfbfbf
bdbdbd
bababa
bababa
bdbdbd
c0c0c0
c5c5c5
cdcdcd
cecece
cacaca
c7c7c7
c4c4c4
c2c2c2
c2c2c2
c3c3c3
c2c2c2
c1c1c1
bebebe
bfbfbf
bfbfbf
c1c1c1
c4c4c4
c5c5c5
c6c6c6
c8c8c8
cbcbcb
cfcfcf
cecece
cdcdcd
cccccc
cacaca
c8c8c8
c6c6c6
c5c5c5
c5c5c5
c6c6c6
c6c6c6
c7c7c7
c9c9c9
cacaca
c9c9c9
c8c8c8
cacaca
cfcfcf
d4d4d4
d4d4d4
d4d4d4
dddddd
dadada
d7d7d7
d5d5d5
d2d2d2
cbcbcb
c4c4c4
c5c5c5
cccccc
d5d5d5
d8d8d8
dadada
dbdbdb
dcdcdc
dddddd
dcdcdc
dbdbdb
d8d8d8
d7d7d7
d6d6d6
cfcfcf
cacaca
c7c7c7
c8c8c8
cecece
d3d3d3
d7d7d7
d8d8d8
d9d9d9
dbdbdb
e0e0e0
dcdcdc
d7d7d7
d4d4d4
d4d4d4
d5d5d5
d5d5d5
d1d1d1
cacaca
c7c7c7
c6c6c6
c9c9c9
cfcfcf
d5d5d5
dbdbdb
dfdfdf
e3e3e3
e5e5e5
e7e7e7
e8e8e8
dfdfdf
dadada
d4d4d4
d1d1d1
d1d1d1
cecece
c6c6c6
bebebe
b7b7b7
b6b6b6
c4c4c4
cacaca
d0d0d0
d3d3d3
d3d3d3
d2d2d2
cfcfcf
cacaca
c3c3c3
bebebe
c5c5c5
c7c7c7
c5c5c5
bfbfbf
b7b7b7
afafaf
b0b0b0
b6b6b6
bfbfbf
c8c8c8
cecece
c9c9c9
c2c2c2
bebebe
bbbbbb
bbbbbb
bbbbbb
b9b9b9
b6b6b6
b3b3b3
b8b8b8
b7b7b7
b7b7b7
b7b7b7
b8b8b8
bbbbbb
bdbdbd
bfbfbf
c0c0c0
c1c1c1
c0c0c0
c0c0c0
bfbfbf
bebebe
bebebe
bdbdbd
bcbcbc
bebebe
c2c2c2
c4c4c4
c5c5c5
c6c6c6
c9c9c9
cacaca
cacaca
c9c9c9
c5c5c5
c2c2c2
bfbfbf
bdbdbd
bdbdbd
bebebe
c1c1c1
c3c3c3
c5c5c5
c6c6c6
c8c8c8
c9c9c9
cbcbcb
cbcbcb
cdcdcd
d0d0d0
d3d3d3
d6d6d6
d3d3d3
cdcdcd
c8c8c8
c6c6c6
c9c9c9
cccccc
cdcdcd
c8c8c8
c3c3c3
c2c2c2
c3c3c3
c7c7c7
c5c5c5
c1c1c1
bcbcbc
b7b7b7
bababa
c1c1c1
c8c8c8
cbcbcb
cacaca
c7c7c7
c6c6c6
c4c4c4
c2c2c2
c1c1c1
c2c2c2
c1c1c1
c0c0c0
c0c0c0
c1c1c1
c3c3c3
c2c2c2
c1c1c1
bdbdbd
bbbbbb
bbbbbb
bebebe
c2c2c2
c5c5c5
c5c5c5
c5c5c5
c4c4c4
c3c3c3
c1c1c1
bfbfbf
babcbc
babdbd
bdbfbf
bfc1c1
c0c2c2
c0c2c2
c0c2c2
c1c3c3
c1c3c3
c2c4c4
c3c5c5
c7c9c9
cbcdcd
cdcfcf
cbcdcd
c7c9c9
c3c5c5
bfc1c1
bcbebe
babcbc
bdbfbf
bdbfbf
bbbdbd
bbbdbd
bdbfbf
c1c3c3
c4c6c6
c7c9c9
c8caca
c9cbcb
cdcfcf
cbcdcd
c8caca
c7c9c9
c8caca
c6c8c8
c1c3c3
bcbebe
b9bbbb
b9bbbb
babbb9
bcbdbb
c0c1bf
c3c4c2
c5c6c4
c9cac8
cfd0ce
d3d4d2
d3d4d2
d1d2d0
cfd0ce
cccdcb
c8c9c7
c4c5c3
c3c4c2
c5c6c4
c6c7c5
c5c6c4
c2c3c1
c0c1bf
c3c3c3
c8c8c8
cdcdcd
d5d5d5
dbdbdb
dddddd
dadada
d3d3d3
cbcbcb
c5c5c5
bcbcbc
bdbdbd
bfbfbf
c2c2c2
c4c4c4
c5c5c5
c7c7c7
c7c7c7
c7c7c7
c7c7c7
c7c7c7
c6c6c6
c4c4c4
c4c4c4
c4c4c4
c7c7c7
cccccc
d2d2d2
d6d6d6
d9d9d9
dadada
d7d7d7
d0d0d0
cccccc
c9c9c9
c7c7c7
c8c8c8
c9c9c9
c8c8c8
c8c8c8
c8c8c8
c7c7c7
c8c8c8
cacaca
cecece
d0d0d0
cfcfcf
cecece
cfcfcf
d1d1d1
d2d2d2
d1d1d1
cfcfcf
cdcdcd
cbcbcb
c9c9c9
c8c8c8
c7c7c7
c7c7c7
c7c7c7
cacccc
c8caca
cacccc
d1d3d3
d9dbdb
dbdddd
d6d8d8
d0d2d2
cccece
cbcdcd
c6c8c8
c6c8c8
c4c6c6
c0c2c2
bdbfbf
bcbebe
bfc1c1
c5c7c7
c8caca
cccece
d6d6d6
d6d5d5
d4d4d4
d3d3d3
d1d1d1
cccccc
c7c7c7
c4c4c4
c5c5c5
c8c8c8
c8c8c8
c9c9c9
cccccc
cdcdcd
cecece
cecece
cecece
d1d1d1
d5d5d5
d7d7d7
d5d7d7
d4d6d6
d3d5d5
d2d4d4
d1d3d3
ced0d0
cacccc
c5c7c7
bfc1c1
bcbebe
c4c6c6
cbcdcd
d0d2d2
d4d6d6
d3d5d5
d2d4d4
d3d5d5
d3d5d5
d4d6d6
d4d6d6
d2d4d4
d1d3d3
cfd1d1
cccece
c9cbcb
c6c8c8
c5c7c7
c5c7c7
c6c8c8
c7c9c9
c6c8c8
cacccc
cdcfcf
ced0d0
ced0d0
cbcdcd
cacccc
cdcfcf
d1d4d4
d5d7d7
d9d9d9
d9d9d9
d9d9d9
d9d9d9
d9d9d9
d9d9d9
d7d7d7
d4d4d4
d1d1d1
cfcfcf
cacaca
c8c8c8
c8c8c8
cacaca
cccccc
d1d1d1
d5d5d5
d5d5d5
d2d2d2
cfcfcf
d2d2d2
dadada
dfdfdf
e0e0e0
d9d9d9
d0d0d0
cacaca
c6c6c6
c3c3c3
c2c2c2
c3c3c3
c9c9c9
d2d2d2
dadada
dedede
dfdfdf
dfdfdf
e0e0e0
e4e4e4
e6e6e6
e3e3e3
e2e2e2
e2e2e2
e1e1e1
dadada
d0d0d0
c6c6c6
c0c0c0
c0c0c0
c3c3c3
cacaca
cfcfcf
d2d2d2
d4d4d4
d2d2d2
cdcdcd
cbcbcb
cdcdcd
d0d0d0
d5d5d5
dcdcdc
dfdfdf
dcdcdc
d6d6d6
cbcbcb
c2c2c2
c0c0c0
c2c2c2
c5c5c5
c9c9c9
cfcfcf
d5d5d5
d7d7d7
d4d4d4
cdcdcd
c7c7c7
c6c6c6
cacaca
cecece
d1d1d1
d1d1d1
d6d6d6
d7d7d7
d5d5d5
d4d4d4
d3d3d3
cdcdcd
c7c7c7
c6c6c6
cdcdcd
d2d2d2
d1d1d1
d2d2d2
d5d5d5
d9d9d9
dadada
d6d6d6
cecece
c7c7c7
c7c6c6
d2d4d4
d7d9d9
dbdddd
dbdddd
d5d7d7
c9cbcb
c0c2c2
bec0c0
c0c2c2
c5c7c7
c8caca
cccece
cfd1d1
d0d2d2
d1d3d3
d2d4d4
d2d4d4
d4d6d6
d3d5d5
d4d6d6
dbdbdb
d7d7d7
cfcfcf
c6c6c6
c1c1c1
c4c4c4
c9c9c9
cecece
cfcfcf
cdcdcd
c6c6c6
c6c6c6
c7c7c7
c9c9c9
cbcbcb
cecece
cfcfcf
d1d1d1
d2d2d2
d1d1d1
c3c3c3
c1c1c1
c2c2c2
c4c4c4
c7c7c7
cbcbcb
cbcbcb
c9c9c9
c5c5c5
c2c2c2
bbbbbb
bcbcbc
bfbfbf
c2c2c2
c4c4c4
c4c4c4
c4c4c4
c0c0c0
bbbbbb
b7b7b7
afafaf
b1b1b1
b6b6b6
bcbcbc
c1c1c1
c5c5c5
c7c7c7
cacaca
cccccc
cccccc
c6c6c6
bebebe
b6b6b6
b3b3b3
b6b6b6
bababa
bababa
b7b7b7
b3b3b3
b0b0b0
a5a8a8
a3a5a5
a5a7a7
adafaf
b7b9b9
b9bbbb
b4b6b6
b0b2b2
b2b4b4
b4b6b6
b2b4b4
b4b6b6
b5b7b7
b4b6b6
b1b3b3
aeb0b0
afb1b1
b0b2b2
afb1b1
aeb0b0
b7b7b7
b9b9b9
bcbcbc
bdbdbd
bebebe
bebebe
bdbdbd
bdbdbd
bdbdbd
bebebe
c0c0c0
c1c1c1
c3c3c3
c3c3c3
c1c1c1
bcbcbc
bababa
bababa
bcbcbc
bebebe
bdbdbd
c0c0c0
c0c0c0
bfbfbf
bdbdbd
bbbbbb
bdbdbd
bebebe
bcbcbc
b9b9b9
b4b4b4
b6b6b6
b7b7b7
b9b9b9
b9b9b9
b9b9b9
b9b9b9
bababa
bbbbbb
bcbcbc
bfbfbf
bfbfbf
bdbdbd
bababa
b9b9b9
b7b7b7
b9b9b9
bcbcbc
bfbfbf
c2c2c2
c0c0c0
c1c1c1
c2c2c2
c2c2c2
c1c1c1
c2c2c2
c4c4c4
c5c5c5
c4c4c4
c3c3c3
c9c9c9
c6c6c6
c3c3c3
c4c4c4
c7c7c7
c6c6c6
c2c2c2
c1c1c1
c5c5c5
cbcbcb
d2d2d2
d4d4d4
d5d5d5
d5d5d5
d5d5d5
d4d4d4
d3d3d3
d0d0d0
cdcdcd
cccccc
cdcdcd
c9c9c9
c6c6c6
c7c7c7
cacaca
cccccc
cbcbcb
cccccc
cccccc
cdcdcd
d2d2d2
d3d3d3
d4d4d4
d4d4d4
d5d5d5
d3d3d3
d1d1d1
cccccc
c7c7c7
c5c5c5
c8c8c8
c9c9c9
cccccc
cfcfcf
d3d3d3
d6d6d6
d9d9d9
dadada
dadada
dcdcdc
e2e2e2
e1e1e1
dfdfdf
dfdfdf
dcdcdc
d6d6d6
cccccc
c4c4c4
bfbfbf
bfbfbf
c5c5c5
cbcbcb
d1d1d1
d5d5d5
d6d6d6
d7d7d7
d6d6d6
d2d2d2
cccccc
c8c8c8
cecece
d0d0d0
d0d0d0
cccccc
c4c4c4
bbbbbb
b9b9b9
bebebe
c6c6c6
cecece
d2d2d2
d1d1d1
cecece
cbcbcb
c7c7c7
c3c3c3
bebebe
bcbcbc
bbbbbb
bababa
bdbdbd
bbbbbb
bababa
b9b9b9
bababa
bdbdbd
c1c1c1
c4c4c4
c6c6c6
c7c7c7
c9c9c9
c6c6c6
c2c2c2
bfbfbf
bdbdbd
bebebe
c0c0c0
c2c2c2
c4c4c4
c2c2c2
bebebe
c0c0c0
c3c3c3
c8c8c8
cbcbcb
cdcdcd
cdcdcd
cccccc
cacaca
c9c9c9
c8c8c8
c7c7c7
c7c7c7
c6c6c6
c5c5c5
c2c2c2
c2c2c2
c3c3c3
c5c5c5
c6c6c6
bfbfbf
c0c0c0
c5c5c5
cacaca
cccccc
cbcbcb
c8c8c8
c9c9c9
cecece
d4d4d4
d7d7d7
d3d3d3
cccccc
c8c8c8
c7c7c7
cacaca
cacaca
c6c6c6
c0c0c0
bbbbbb
bcbcbc
c3c3c3
cdcdcd
d3d3d3
d4d4d4
d2d2d2
d2d2d2
d1d1d1
cfcfcf
cdcdcd
cccccc
c8c8c8
c2c2c2
bfbfbf
c2c2c2
c6c6c6
c8c8c8
c6c6c6
c0c0c0
b9b9b9
b9b9b9
b9b9b9
bababa
bebebe
c4c4c4
cacaca
cccccc
cbcbcb
c8c8c8
c4c4c4
bec0c0
bec0c0
c0c2c2
c1c3c3
c2c4c4
c2c4c4
c1c3c3
c0c2c2
bfc1c1
bcbebe
b4b6b6
b5b7b7
babcbc
bec0c0
bfc1c1
bbbdbd
b8baba
b6b8b8
b5b7b7
b7b9b9
bfc1c1
c3c5c5
c5c7c7
c5c7c7
c2c4c4
bec0c0
bcbebe
bdbfbf
c0c2c2
c2c4c4
c1c3c3
bdbfbf
bbbdbd
babcbc
bbbdbd
babcbc
b7b9b9
b4b6b6
b3b5b5
b4b6b6
bdbebc
bfc0be
bfc0be
bebfbd
bdbebc
c0c1bf
c5c6c4
c9cac8
cacbc9
c8c9c7
bfc0be
bdbebc
bcbdbb
bcbdbb
bebfbd
c0c1bf
c1c2c0
bdbebc
b7b8b6
b4b5b3
b9b9b9
bdbdbd
c2c2c2
c8c8c8
cdcdcd
cfcfcf
cccccc
c9c9c9
c4c4c4
c0c0c0
bcbcbc
bebebe
c1c1c1
c4c4c4
c4c4c4
c3c3c3
c3c3c3
c3c3c3
c3c3c3
c4c4c4
c5c5c5
c5c5c5
c3c3c3
c0c0c0
c0c0c0
c1c1c1
c4c4c4
c8c8c8
cbcbcb
cdcdcd
d1d1d1
cecece
cbcbcb
c8c8c8
c5c5c5
c5c5c5
c5c5c5
c5c5c5
c5c5c5
c5c5c5
c5c5c5
c4c4c4
c4c4c4
c6c6c6
c9c9c9
c9c9c9
c8c8c8
c7c7c7
c8c8c8
cacaca
c4c4c4
c4c4c4
c5c5c5
c7c7c7
c7c7c7
c7c7c7
c8c8c8
c9c9c9
cac9c9
cacaca
c6c8c8
c4c6c6
c5c7c7
cbcdcd
d2d4d4
d2d4d4
cccece
c5c7c7
c3c5c5
c4c6c6
c0c2c2
c4c6c6
c7c9c9
c4c6c6
bec0c0
b9bbbb
babcbc
c0c2c2
c7c9c9
cccece
d5d5d5
d3d2d2
d0d0d0
cdcdcd
cbcbcb
c6c6c6
c1c1c1
c1c1c1
c5c5c5
c8c8c8
c6c6c6
c4c4c4
c1c1c1
c0c0c0
c1c1c1
c5c5c5
c9c9c9
cbcbcb
cccccc
cccccc
cccece
cbcdcd
cacccc
cacccc
cacccc
c7c9c9
c2c4c4
bec0c0
bbbdbd
babcbc
bbbdbd
c0c2c2
c6c8c8
cbcdcd
cbcdcd
cccece
ced0d0
d0d2d2
d1d3d3
d1d3d3
d1d3d3
d0d2d2
cdcfcf
c9cbcb
c6c8c8
c4c6c6
c4c6c6
c4c6c6
c5c7c7
c6c8c8
c2c4c4
c3c5c5
c5c7c7
c6c8c8
c4c6c6
c1c3c3
c1c3c3
c5c7c7
c9cccc
cecfcf
d3d3d3
d3d3d3
d4d4d4
d4d4d4
d4d4d4
d2d2d2
cfcfcf
cccccc
cacaca
c9c9c9
c7c7c7
c6c6c6
c4c4c4
c4c4c4
c4c4c4
c7c7c7
cdcdcd
d1d1d1
d0d0d0
cecece
d3d3d3
d9d9d9
dddddd
dcdcdc
d6d6d6
cfcfcf
c9c9c9
c6c6c6
c3c3c3
c0c0c0
bababa
bcbcbc
c3c3c3
cbcbcb
d3d3d3
dadada
dddddd
dedede
dedede
dedede
dadada
dbdbdb
dbdbdb
dadada
d5d5d5
cfcfcf
c6c6c6
c1c1c1
bebebe
bebebe
bfbfbf
c1c1c1
c4c4c4
c7c7c7
cacaca
c9c9c9
cacaca
cecece
d3d3d3
d9d9d9
dddddd
dedede
dcdcdc
d6d6d6
cccccc
c4c4c4
c0c0c0
c0c0c0
c1c1c1
c1c1c1
c1c1c1
c6c6c6
cdcdcd
cecece
cdcdcd
cbcbcb
cdcdcd
d1d1d1
d5d5d5
d8d8d8
d8d8d8
dcdcdc
dcdcdc
d9d9d9
d8d8d8
dcdcdc
d7d7d7
d1d1d1
cfcfcf
d2d2d2
d1d1d1
cecece
cdcdcd
cfcfcf
d3d3d3
d7d7d7
d7d7d7
d8d8d8
d9d9d9
dcdcdc
e0e2e2
e3e5e5
e3e5e5
e2e4e4
dbdddd
ced0d0
c4c6c6
bdbfbf
bbbdbd
bfc1c1
c4c6c6
cccece
d5d7d7
dcdede
dddfdf
dcdede
dcdede
dcdede
dcdede
dddfdf
dfdfdf
dcdcdc
d6d6d6
cdcdcd
c8c8c8
c7c7c7
cacaca
cdcdcd
cecece
cccccc
c9c9c9
c9c9c9
cbcbcb
cdcdcd
cfcfcf
d2d2d2
d4d4d4
d7d7d7
dadada
dadada
cccccc
c9c9c9
c7c7c7
c6c6c6
c6c6c6
c9c9c9
cccccc
cecece
cfcfcf
d0d0d0
cfcfcf
d1d1d1
d5d5d5
d8d8d8
dadada
d9d9d9
d8d8d8
d4d4d4
cfcfcf
c9c9c9
bebebe
bdbdbd
bebebe
c1c1c1
c3c3c3
c5c5c5
c6c6c6
c8c8c8
c8c8c8
c9c9c9
c5c5c5
c1c1c1
bebebe
c0c0c0
c7c7c7
cecece
cecece
cbcbcb
c7c7c7
c3c3c3
b1b3b3
aeb0b0
afb1b1
b6b8b8
bec0c0
c0c2c2
bcbebe
babcbc
b9bbbb
babcbc
bbbdbd
bfc1c1
c1c3c3
c2c4c4
bfc1c1
bbbdbd
b8baba
b3b5b5
afb1b1
acadad
b7b7b7
bababa
bebebe
c2c2c2
c4c4c4
c3c3c3
c2c2c2
c0c0c0
bebebe
bebebe
c0c0c0
c3c3c3
c6c6c6
c8c8c8
c6c6c6
c1c1c1
bcbcbc
b7b7b7
b5b5b5
b4b4b4
b5b5b5
bababa
bfbfbf
c0c0c0
bebebe
bdbdbd
bfbfbf
bebebe
bbbbbb
b7b7b7
b4b4b4
b7b7b7
bbbbbb
bdbdbd
bdbdbd
bcbcbc
bcbcbc
bcbcbc
bababa
b8b8b8
c0c0c0
c1c1c1
c0c0c0
bcbcbc
b8b8b8
b3b3b3
b2b2b2
b5b5b5
b9b9b9
bcbcbc
b9b9b9
bababa
bcbcbc
bcbcbc
bcbcbc
b9b9b9
b9b9b9
b8b8b8
b7b7b7
b6b6b6
bbbbbb
b8b8b8
b6b6b6
b6b6b6
b9b9b9
bbbbbb
bbbbbb
bcbcbc
bebebe
c0c0c0
c5c5c5
c4c4c4
c4c4c4
c4c4c4
c5c5c5
c6c6c6
c6c6c6
c4c4c4
c0c0c0
bfbfbf
c1c1c1
bfbfbf
bebebe
c0c0c0
c3c3c3
c6c6c6
c4c4c4
c3c3c3
c3c3c3
c5c5c5
c7c7c7
c8c8c8
cbcbcb
cecece
cfcfcf
cdcdcd
c9c9c9
c3c3c3
bdbdbd
bababa
bfbfbf
bfbfbf
c0c0c0
c3c3c3
c6c6c6
cacaca
cccccc
cdcdcd
cdcdcd
cdcdcd
d2d2d2
d4d4d4
d7d7d7
d9d9d9
d5d5d5
cbcbcb
c0c0c0
b8b8b8
b7b7b7
bababa
bfbfbf
c4c4c4
c9c9c9
cdcdcd
cfcfcf
d2d2d2
d4d4d4
d4d4d4
d2d2d2
cfcfcf
d3d3d3
d5d5d5
d4d4d4
d0d0d0
c9c9c9
c1c1c1
bcbcbc
bfbfbf
c4c4c4
c8c8c8
cccccc
cecece
d1d1d1
d1d1d1
cfcfcf
c9c9c9
c7c7c7
c6c6c6
c7c7c7
c8c8c8
c2c2c2
bebebe
bbbbbb
bababa
bcbcbc
c2c2c2
c7c7c7
cccccc
d0d0d0
d1d1d1
d0d0d0
cdcdcd
c7c7c7
c2c2c2
c0c0c0
c3c3c3
c9c9c9
cbcbcb
cbcbcb
c7c7c7
c1c1c1
c3c3c3
c8c8c8
cecece
d5d5d5
d8d8d8
dcdcdc
dedede
dfdfdf
dedede
dedede
dcdcdc
d9d9d9
d5d5d5
d2d2d2
cecece
cdcdcd
cbcbcb
cacaca
cacaca
bbbbbb
bababa
bebebe
c6c6c6
cecece
d2d2d2
d2d2d2
d6d6d6
dcdcdc
e3e3e3
e5e5e5
e2e2e2
dddddd
d7d7d7
d4d4d4
d4d4d4
d5d5d5
d3d3d3
cecece
c8c8c8
c4c4c4
cccccc
d7d7d7
dfdfdf
e2e2e2
e3e3e3
e4e4e4
e4e4e4
e4e4e4
e1e1e1
dedede
d7d7d7
cfcfcf
cbcbcb
cecece
d4d4d4
d9d9d9
d7d7d7
d0d0d0
c9c9c9
bfbfbf
bbbbbb
bababa
bebebe
c8c8c8
d4d4d4
d9d9d9
d9d9d9
d6d6d6
d3d3d3
c8caca
c7c9c9
c9cbcb
cccece
ced0d0
d0d2d2
cfd1d1
cdcfcf
cccece
c7c9c9
b4b6b6
b3b5b5
b6b8b8
b9bbbb
bcbebe
bcbebe
babcbc
b9bbbb
b9bbbb
bcbebe
c4c6c6
cdcfcf
d4d6d6
d9dbdb
d4d6d6
cbcdcd
c2c4c4
bdbfbf
bcbebe
bdbfbf
babcbc
b8baba
b6b8b8
b6b8b8
b7b9b9
b7b9b9
b4b6b6
b5b7b7
b5b7b7
b9bbbb
c8c9c7
c8c9c7
c4c5c3
bebfbd
babbb9
babbb9
bebfbd
c2c3c1
c3c4c2
c2c3c1
bbbcba
b9bab8
b7b8b6
b6b7b5
b8b9b7
bdbebc
c0c1bf
c1c2c0
c1c2c0
c0c1bf
bebebe
bebebe
bebebe
bfbfbf
bfbfbf
c1c1c1
c0c0c0
bfbfbf
bdbdbd
bbbbbb
bcbcbc
bfbfbf
c2c2c2
c5c5c5
c5c5c5
c3c3c3
c2c2c2
c2c2c2
c2c2c2
c3c3c3
c1c1c1
c0c0c0
bfbfbf
bebebe
bebebe
bfbfbf
c0c0c0
c2c2c2
c5c5c5
c6c6c6
c5c5c5
c6c6c6
c7c7c7
c7c7c7
c7c7c7
c9c9c9
c9c9c9
cacaca
cacaca
cacaca
c5c5c5
c1c1c1
bfbfbf
bfbfbf
c1c1c1
c2c2c2
c1c1c1
bfbfbf
c0c0c0
c1c1c1
bebebe
bdbdbd
bdbdbd
bdbdbd
bebebe
c0c0c0
c1c1c1
c3c3c3
c3c3c3
c3c3c3
c1c3c3
c0c2c2
c1c3c3
c4c6c6
c7c9c9
c7c9c9
c4c6c6
bec0c0
bcbebe
bcbebe
bbbdbd
c2c4c4
cacccc
cbcdcd
c4c6c6
bdbfbf
bcbebe
c0c2c2
c4c6c6
c5c7c7
cbcbcb
c8c8c8
c5c5c5
c3c3c3
c1c1c1
bcbcbc
b8b8b8
b9b9b9
bebebe
c2c2c2
c2c2c2
bebebe
b9b9b9
b7b7b7
b8b8b8
bebebe
c3c3c3
c7c7c7
c8c8c8
c6c6c6
c0c2c2
c0c2c2
c3c5c5
c6c8c8
c8caca
c4c6c6
bdbfbf
b8baba
b7b9b9
b8baba
b9bbbb
bcbebe
c0c2c2
c3c5c5
c3c5c5
c4c6c6
c7c9c9
cacccc
cbcdcd
cbcdcd
cbcdcd
c8caca
c5c7c7
c1c3c3
bec0c0
bcbebe
bcbebe
bcbebe
bdbfbf
bec0c0
bcbebe
bcbebe
bec0c0
bfc1c1
bdbfbf
bbbdbd
bbbdbd
bdbfbf
bec0c0
c1c3c3
c8c9c9
cacaca
cbcbcb
cccccc
cccccc
c9c9c9
c6c6c6
c3c3c3
c0c0c0
bfbfbf
c0c0c0
c1c1c1
c1c1c1
bfbfbf
bdbdbd
c0c0c0
c5c5c5
c9c9c9
cacaca
cacaca
d0d0d0
d4d4d4
d5d5d5
d3d3d3
cecece
c9c9c9
c7c7c7
c4c4c4
c1c1c1
bcbcbc
b8b8b8
b9b9b9
bcbcbc
c1c1c1
c7c7c7
cdcdcd
d3d3d3
d5d5d5
d6d6d6
d6d6d6
d6d6d6
d5d5d5
d4d4d4
d1d1d1
cdcdcd
c9c9c9
c6c6c6
c3c3c3
c0c0c0
bebebe
bababa
b9b9b9
bbbbbb
bfbfbf
c3c3c3
c5c5c5
c6c6c6
c8c8c8
cdcdcd
d1d1d1
d5d5d5
d5d5d5
d3d3d3
cdcdcd
c6c6c6
c1c1c1
bebebe
bdbdbd
bdbdbd
bcbcbc
b8b8b8
bdbdbd
c3c3c3
c6c6c6
c6c6c6
c8c8c8
cdcdcd
d2d2d2
d5d5d5
d7d7d7
d7d7d7
d9d9d9
d5d5d5
d0d0d0
cecece
d4d4d4
d4d4d4
d0d0d0
cdcdcd
cdcdcd
cdcdcd
cbcbcb
c9c9c9
cacaca
cdcdcd
cfcfcf
d1d1d1
d5d5d5
dbdbdb
e0e0e0
e3e5e5
e2e4e4
e0e2e2
dddfdf
d8dada
ced0d0
c4c6c6
bec0c0
bdbfbf
bfc1c1
c3c5c5
cacccc
d1d3d3
d3d5d5
d3d5d5
d3d5d5
d5d7d7
d7d9d9
d8dada
d7d9d9
d5d5d5
d5d5d5
d1d1d1
cccccc
c6c6c6
c4c4c4
c6c6c6
c8c8c8
c8c8c8
c7c7c7
c9c9c9
cacaca
cbcbcb
cccccc
cccccc
cbcbcb
cacaca
cbcbcb
cacaca
c9c9c9
c7c7c7
c6c6c6
c4c4c4
c1c1c1
c0c0c0
c0c0c0
c3c3c3
c9c9c9
cecece
d1d1d1
d6d6d6
dbdbdb
dedede
e0e0e0
dfdfdf
dfdfdf
dddddd
d9d9d9
d3d3d3
cbcbcb
c6c6c6
c5c5c5
c4c4c4
c3c3c3
c3c3c3
c3c3c3
c4c4c4
c5c5c5
c5c5c5
c5c5c5
c4c4c4
c3c3c3
c5c5c5
cccccc
d6d6d6
dedede
dedede
dadada
d6d6d6
d2d2d2
c1c3c3
bec0c0
bec0c0
bfc1c1
c2c4c4
c5c7c7
c5c7c7
c5c7c7
c5c7c7
c4c6c6
cacccc
cfd1d1
d4d6d6
d5d7d7
d2d4d4
ced0d0
c8caca
c2c4c4
babcbc
b5b7b7
bababa
bdbdbd
c3c3c3
c8c8c8
cacaca
c9c9c9
c7c7c7
c4c4c4
c2c2c2
c0c0c0
c4c4c4
c7c7c7
cacaca
cbcbcb
cbcbcb
c7c7c7
c0c0c0
b9b9b9
b3b3b3
afafaf
b4b4b4
bebebe
c5c5c5
c8c8c8
c7c7c7
c7c7c7
c9c9c9
c9c9c9
c5c5c5
c1c1c1
bebebe
c3c3c3
cacaca
cdcdcd
cdcdcd
cccccc
cbcbcb
c8c8c8
c3c3c3
bfbfbf
c3c3c3
c7c7c7
cbcbcb
cbcbcb
c5c5c5
bebebe
b7b7b7
b6b6b6
b9b9b9
bcbcbc
bebebe
c0c0c0
c0c0c0
bfbfbf
bcbcbc
b8b8b8
b3b3b3
b2b2b2
b3b3b3
b6b6b6
bfbfbf
c0c0c0
bdbdbd
b7b7b7
b1b1b1
b0b0b0
b2b2b2
b5b5b5
b9b9b9
bababa
b9b9b9
b6b6b6
b4b4b4
b4b4b4
b8b8b8
bdbdbd
c0c0c0
bfbfbf
bbbbbb
b8b8b8
b8b8b8
b8b8b8
bababa
bebebe
c2c2c2
c5c5c5
c4c4c4
c2c2c2
c2c2c2
c3c3c3
c3c3c3
c1c1c1
c2c2c2
c4c4c4
c7c7c7
cacaca
c9c9c9
c3c3c3
bbbbbb
b6b6b6
b6b6b6
b7b7b7
b8b8b8
bababa
bfbfbf
c4c4c4
c6c6c6
c7c7c7
c8c8c8
c6c6c6
c1c1c1
c4c4c4
c9c9c9
cccccc
cacaca
c2c2c2
b8b8b8
b3b3b3
b2b2b2
b6b6b6
bbbbbb
c0c0c0
c4c4c4
c7c7c7
c8c8c8
cacaca
cccccc
cdcdcd
cbcbcb
c9c9c9
cdcdcd
cdcdcd
cccccc
c8c8c8
c2c2c2
bcbcbc
b8b8b8
bababa
bdbdbd
c0c0c0
c3c3c3
c5c5c5
c8c8c8
cacaca
cccccc
cbcbcb
cacaca
cacaca
cccccc
cacaca
bdbdbd
b9b9b9
b6b6b6
b6b6b6
b9b9b9
bfbfbf
c7c7c7
cecece
d2d2d2
d4d4d4
cecece
cecece
cccccc
c8c8c8
c6c6c6
c9c9c9
cdcdcd
d0d0d0
d0d0d0
cdcdcd
cccccc
cdcdcd
cfcfcf
d3d3d3
d7d7d7
dbdbdb
dedede
e0e0e0
e1e1e1
e2e2e2
e4e4e4
e3e3e3
e1e1e1
e0e0e0
dfdfdf
dedede
dddddd
dadada
d6d6d6
d2d2d2
c6c6c6
c1c1c1
c2c2c2
c9c9c9
d3d3d3
d9d9d9
d9d9d9
dbdbdb
dfdfdf
e5e5e5
e7e7e7
e7e7e7
e5e5e5
e1e1e1
dddddd
dcdcdc
dcdcdc
d9d9d9
d4d4d4
cecece
c8c8c8
cfcfcf
d9d9d9
e0e0e0
e2e2e2
e4e4e4
e6e6e6
e7e7e7
e7e7e7
e6e6e6
e4e4e4
e1e1e1
dbdbdb
d9d9d9
dadada
dedede
e0e0e0
dedede
dbdbdb
d5d5d5
c9c9c9
c3c3c3
c0c0c0
c3c3c3
cbcbcb
d3d3d3
d9d9d9
dbdbdb
dddddd
dddddd
d3d5d5
d2d4d4
d4d6d6
d7d9d9
d9dbdb
dcdede
dcdede
d9dbdb
d6d8d8
d1d3d3
c1c3c3
bdbfbf
bdbfbf
bec0c0
c2c4c4
c5c7c7
c4c6c6
c3c5c5
c3c5c5
c5c7c7
cacccc
d2d4d4
dadcdc
dddfdf
dadcdc
d0d2d2
c7c9c9
c0c2c2
bec0c0
bec0c0
bdbfbf
bcbebe
bcbebe
bec0c0
bfc1c1
bfc1c1
bfc1c1
c2c4c4
c6c8c8
cccece
d7d8d7
d6d7d5
d0d1cf
c8c9c7
c0c1bf
bebfbd
bfc0be
c2c3c1
c1c2c0
c1c2c0
c8c9c7
c6c7c5
c2c3c1
c0c1bf
c2c3c1
c7c8c6
cdcecc
d1d2d0
d2d3d1
d2d3d1
cdcdcd
c7c7c7
c1c1c1
bbbbbb
b9b9b9
bababa
bcbcbc
bebebe
bfbfbf
bfbfbf
bfbfbf
c2c2c2
c6c6c6
c9c9c9
cacaca
c9c9c9
c8c8c8
c9c9c9
cbcbcb
cdcdcd
c9c9c9
c8c8c8
c7c7c7
c5c5c5
c3c3c3
c2c2c2
c1c1c1
bfbfbf
bfbfbf
bfbfbf
bebebe
bfbfbf
c4c4c4
cacaca
cdcdcd
d1d1d1
d3d3d3
d5d5d5
d6d6d6
d6d6d6
cecece
c6c6c6
c1c1c1
bebebe
bfbfbf
c1c1c1
c0c0c0
c0c0c0
c0c0c0
c0c0c0
c1c1c1
bebebe
bbbbbb
b9b9b9
bababa
bfbfbf
c1c1c1
c2c2c2
c2c2c2
c1c1c1
c3c5c5
c3c5c5
c4c6c6
c3c5c5
c2c4c4
c4c6c6
c4c6c6
c1c3c3
bdbfbf
b9bbbb
bbbdbd
c5c7c7
cfd1d1
d2d4d4
cfd1d1
cacccc
c9cbcb
c6c8c8
c2c4c4
bec0c0
bfbfbf
bdbdbd
bbbbbb
bababa
b8b8b8
b4b4b4
b1b1b1
b2b2b2
b7b7b7
bbbbbb
bebebe
bdbdbd
bbbbbb
bababa
bababa
bdbdbd
bfbfbf
c2c2c2
c4c4c4
c5c5c5
b7b9b9
b9bbbb
bfc1c1
c5c7c7
c8caca
c4c6c6
bcbebe
b6b8b8
b4b6b6
b7b9b9
bcbebe
c0c2c2
c1c3c3
c0c2c2
bec0c0
bec0c0
c0c2c2
c2c4c4
c3c5c5
c3c5c5
c4c6c6
c1c3c3
bec0c0
babcbc
b7b9b9
b7b9b9
b8baba
b9bbbb
b9bbbb
babcbc
b9bbbb
babcbc
bbbdbd
bcbebe
bcbebe
bbbdbd
babcbc
babcbc
b8baba
b9bbbb
c2c2c2
c5c5c5
c6c6c6
c7c7c7
c6c6c6
c2c2c2
bfbfbf
bababa
b7b7b7
b5b5b5
b9b9b9
bcbcbc
bdbdbd
bcbcbc
bababa
bababa
bebebe
c2c2c2
c4c4c4
c4c4c4
cecece
d0d0d0
cecece
cccccc
c8c8c8
c6c6c6
c6c6c6
c3c3c3
bebebe
bababa
bdbdbd
bcbcbc
bcbcbc
bebebe
c0c0c0
c4c4c4
c9c9c9
cecece
d1d1d1
d3d3d3
d3d3d3
d0d0d0
cbcbcb
c6c6c6
c2c2c2
c1c1c1
c1c1c1
c0c0c0
bebebe
bcbcbc
bcbcbc
bababa
bbbbbb
bfbfbf
c4c4c4
c7c7c7
c6c6c6
c6c6c6
c8c8c8
cacaca
c9c9c9
c9c9c9
c6c6c6
c1c1c1
bababa
b8b8b8
b9b9b9
b9b9b9
b8b8b8
b6b6b6
bbbbbb
bfbfbf
c1c1c1
c2c2c2
c2c2c2
c4c4c4
cbcbcb
d0d0d0
d3d3d3
d3d3d3
d3d3d3
d2d2d2
cacaca
c3c3c3
c1c1c1
c7c7c7
cacaca
c8c8c8
c4c4c4
c4c4c4
c5c5c5
c4c4c4
c3c3c3
c3c3c3
c4c4c4
c3c3c3
c3c3c3
c7c7c7
cccccc
d2d2d2
dbdddd
d7d9d9
d3d5d5
d0d2d2
cdcfcf
c8caca
c1c3c3
bec0c0
bfc1c1
c2c4c4
c3c5c5
c5c7c7
c4c6c6
c3c4c4
c0c2c2
c1c3c3
c5c7c7
c8caca
c7c9c9
c5c7c7
c4c4c4
c6c5c5
c5c5c5
c3c3c3
bfbfbf
bdbdbd
bebebe
c0c0c0
c1c1c1
c1c1c1
c2c2c2
c3c3c3
c5c5c5
c6c6c6
c6c6c6
c3c3c3
c0c0c0
bdbdbd
bbbbbb
b9b9b9
b9baba
bababa
bcbcbc
bcbcbc
bcbcbc
bbbbbb
bcbcbc
bfbfbf
c3c3c3
c7c7c7
d3d3d3
d8d8d8
dbdbdb
dadada
d8d8d8
d6d6d6
d4d4d4
cecece
c6c7c7
c0c0c0
c1c1c1
c0c0c0
bebebe
bdbdbd
bdbdbd
bfbfbf
c1c1c1
c3c3c3
c5c5c5
c5c5c5
bebebe
bfbfbf
c5c5c5
cecece
d9d9d9
e0e0e0
dfdfdf
dadada
d5d5d5
d1d1d1
c2c4c4
c0c2c2
bfc1c1
bcbebe
bcbebe
bfc1c1
c4c6c6
c8caca
c8caca
c8caca
d1d3d3
d7d9d9
dcdede
dee0e0
dcdede
d7d9d9
d1d3d3
c9cbcb
c1c3c3
bcbebe
bebebe
c2c2c2
c7c7c7
cccccc
cfcfcf
d0d0d0
cecece
cbcbcb
c9c9c9
c9c9c9
cfcfcf
d0d0d0
d2d2d2
d3d3d3
d3d3d3
d1d1d1
cacaca
c1c1c1
b9b9b9
b4b4b4
b7b7b7
c1c1c1
cbcbcb
d0d0d0
d0d0d0
d1d1d1
d4d4d4
d5d5d5
d1d1d1
cdcdcd
c9c9c9
cfcfcf
d7d7d7
dbdbdb
dadada
d7d7d7
d5d5d5
d0d0d0
c9c9c9
c3c3c3
c4c4c4
cccccc
d4d4d4
d8d8d8
d4d4d4
cccccc
c5c5c5
c2c2c2
c3c3c3
c7c7c7
d2d2d2
d4d4d4
d2d2d2
cfcfcf
c9c9c9
c2c2c2
bcbcbc
bbbbbb
bdbdbd
c1c2c2
cecece
d2d2d2
cecece
c3c3c3
b5b5b5
acacac
afafaf
b6b6b6
bcbcbc
bebebe
b5b5b5
afafaf
acacac
adadad
b2b2b2
bababa
c0c0c0
c0c0c0
bdbdbd
b9b9b9
b8b8b8
b8b8b8
bbbbbb
c0c0c0
c5c5c5
c7c7c7
c5c5c5
c3c3c3
c3c3c3
c3c3c3
c3c3c3
bebebe
bababa
bababa
c2c2c2
cbcbcb
cfcfcf
cacaca
c0c0c0
b8b8b8
bbbbbb
bababa
b9b9b9
b9b9b9
bbbbbb
bcbcbc
bdbdbd
bbbbbb
b8b8b8
b6b6b6
b7b7b7
bababa
bfbfbf
c3c3c3
c5c5c5
c0c0c0
b9b9b9
b5b5b5
b6b6b6
b8b8b8
bcbcbc
bfbfbf
c1c1c1
c2c2c2
c2c2c2
c1c1c1
c2c2c2
c1c1c1
bdbdbd
bbbbbb
c2c2c2
c3c3c3
c1c1c1
bebebe
b9b9b9
b4b4b4
b4b4b4
b6b6b6
b9b9b9
bcbcbc
bcbcbc
bdbdbd
bebebe
c1c1c1
c4c4c4
c8c8c8
c9c9c9
c8c8c8
c7c7c7
c5c5c5
c0c0c0
bbbbbb
b6b6b6
b2b2b2
b3b3b3
b9b9b9
c0c0c0
c5c5c5
c8c8c8
c9c9c9
c8c8c8
cccccc
cecece
cdcdcd
cbcbcb
cacaca
cecece
d0d0d0
d1d1d1
d0d0d0
d0d0d0
d0d0d0
d0d0d0
cfcfcf
cfcfcf
cfcfcf
d0d0d0
d0d0d0
d0d0d0
d1d1d1
d7d7d7
d7d7d7
d7d7d7
dadada
dfdfdf
e3e3e3
e3e3e3
dfdfdf
d9d9d9
d4d4d4
cfcfcf
c9c9c9
c6c6c6
c9c9c9
d1d1d1
d5d5d5
d4d4d4
d3d3d3
d5d5d5
d8d8d8
dcdcdc
dedede
dfdfdf
dddddd
d9d9d9
d6d6d6
d5d5d5
d1d1d1
cccccc
c7c7c7
c7c7c7
cdcdcd
d5d5d5
d9d9d9
d9d9d9
d8d8d8
d9d9d9
dbdbdb
dcdcdc
dcdcdc
dcdcdc
dcdcdc
dcdcdc
dbdbdb
dbdbdb
dadada
d9d9d9
d7d7d7
d6d6d6
d5d5d5
cfcfcf
c8c8c8
c3c3c3
c2c2c2
c5c5c5
cacaca
cccdcc
cfd0cf
d4d4d4
d9d9d9
d5d7d7
d5d8d8
d7d9d9
d9dbdb
dbdddd
dcdede
dbdddd
d7d9d9
d2d4d4
cfd1d1
cccece
c8caca
c4c6c6
c5c7c7
c9cbcb
cccece
cbcdcd
cbcdcd
cbcdcd
cdcfcf
d0d2d2
d3d5d5
d5d7d7
d4d6d6
d0d2d2
cacccc
c4c6c6
c1c3c3
c0c2c2
c0c2c2
c3c5c5
c4c6c6
c5c7c7
c8caca
c9cbcb
cacccc
cbcdcd
cfd1d1
d6d8d8
dddfdf
e6e8e6
e5e6e4
dedfdd
d6d7d5
cecfcd
cacbc9
cacbc9
cacbc9
c8c9c7
c7c8c6
d4d5d3
d4d5d3
d2d2d1
d0d1cf
d3d4d2
d8d9d7
dbdcda
dddedc
dcdddb
dadbd9
d5d5d5
cdcccd
c3c3c3
bbbbbb
b7b7b7
b9b9b9
bebebe
c3c3c3
c6c6c6
c7c7c7
c3c3c3
c7c7c7
cccccc
d0d0d0
d2d2d2
d2d2d2
d2d2d2
d3d3d3
d6d6d6
d8d8d8
d9d9d9
d7d7d7
d5d5d5
d1d1d1
cccccc
c6c6c6
c0c0c0
bbbbbb
b8b8b8
b6b6b6
b8b8b8
bdbdbd
c4c4c4
cccccc
d3d3d3
d7d7d7
dbdbdb
dddddd
dedede
dfdfdf
dcdcdc
d3d3d3
cccccc
c7c7c7
c7c7c7
cacaca
cacaca
c9c9c9
c9c9c9
cacaca
c7c7c7
c3c3c3
c0c0c0
c0c0c0
c5c5c5
cccccc
d4d4d4
d9d9d9
dbdbdb
d9d9d9
cdcfcf
cccece
cccece
c9cbcb
c6c8c8
c9cbcb
cdcfcf
cccece
c6c8c8
bfc1c1
c4c6c6
cdcfcf
d7d9d9
dcdede
dcdede
dadcdc
d9dbdb
d2d4d4
c7c9c9
bcbebe
bcbcbc
bbbaba
b9b9b9
b9b9b9
b8b8b8
b5b5b5
b3b3b3
b5b5b5
b9b9b9
bebebe
c3c3c3
c5c5c5
c8c8c8
c9c9c9
c6c6c6
c1c1c1
c0c0c0
c2c2c2
c5c5c5
c8c8c8
b3b3b3
b9b9b9
c2c2c2
cbcbcb
cecece
cacaca
c1c1c1
bebebe
bfbfbf
c4c4c4
cbcccc
d1d1d1
d3d3d3
cecece
c5c5c5
bdbdbd
bbbbbb
bebebe
c1c1c1
c3c3c3
c5c7c7
c4c6c6
c1c3c3
bdbfbf
b9bbbb
b6b8b8
b6b8b8
b9bbbb
bec0c0
c1c3c3
c3c5c5
c5c7c7
c7c9c9
c8caca
c8caca
c8caca
c8caca
c6c8c8
c1c3c3
bdbfbf
bdbfbf
bfc1c1
c1c3c3
c2c4c4
c0c2c2
bbbdbd
b8baba
b6b8b8
b5b7b7
b6b8b8
b4b6b6
babcbc
c2c4c4
c7c9c9
c7c9c9
c2c4c4
bcbebe
b9bbbb
b8baba
b9bbbb
bdbdbd
bdbdbd
bebebe
c1c1c1
c3c3c3
c0c0c0
bcbcbc
bababa
bcbcbc
bfbfbf
bbbbbb
c1c1c1
c5c5c5
c4c4c4
c0c0c0
bcbcbc
bebebe
c4c4c4
c9c9c9
cbcbcb
c8c8c8
cacaca
c9c9c9
c3c3c3
b9b9b9
b7b7b7
bcbcbc
c2c2c2
c4c4c4
c2c2c2
c1c1c1
c1c1c1
c2c2c2
c1c1c1
bebebe
bababa
b7b7b7
b8b8b8
bbbbbb
bebebe
c0c0c0
bfbfbf
bdbdbd
bababa
b7b7b7
b6b6b6
b6b6b6
b9b9b9
bcbcbc
bebebe
bebebe
c0c0c0
c0c0c0
bcbcbc
b8b8b8
b8b8b8
bdbdbd
c5c5c5
cdcdcd
d0d0d0
c9c9c9
c7c7c7
c6c6c6
c4c4c4
c0c0c0
bcbcbc
bcbcbc
bdbdbd
c0c0c0
c3c3c3
c6c6c6
c4c4c4
c1c1c1
bebebe
bdbdbd
bcbcbc
bcbcbc
bcbcbc
bcbcbc
bebebe
c7c7c7
cbcbcb
cecece
cfcfcf
cbcbcb
c5c5c5
bfbfbf
bcbcbc
bbbbbb
bbbbbb
bdbdbd
bdbdbd
bababa
b5b5b5
b2b2b2
b4b4b4
bbbbbb
c1c1c1
c3c3c3
c2c2c2
bdbdbd
bfbfbf
c0c0c0
bfbfbf
bcbcbc
bababa
bdbdbd
c0c0c0
c2c2c2
c2c2c2
c1c1c1
c3c3c3
c5c5c5
c4c4c4
c2c2c2
c0c0c0
c0c0c0
bfbfbf
bcbcbc
b8b8b8
b1b3b3
adafaf
afb1b1
b5b7b7
bcbebe
bdbfbf
b9bbbb
b6b8b8
b7b9b9
bcbebe
c4c6c6
c7c9c9
c9cbcb
cccece
cdcfcf
cccece
c8caca
c3c5c5
bdbfbf
b8baba
afb1b1
adafaf
aeb0b0
b0b2b2
b6b8b8
bbbdbd
bfc1c1
c0c2c2
bec0c0
bbbdbd
b4b6b6
b5b7b7
b9bbbb
c1c3c3
cbcdcd
d0d2d2
cfd1d1
cccece
c9cbcb
c8caca
c8caca
c3c5c5
bec0c0
babcbc
babcbc
bbbdbd
bbbdbd
bec0c0
c1c3c3
c6c8c8
d0d2d2
d4d6d6
d5d7d7
d3d5d5
d0d2d2
d1d3d3
d3d5d5
ced0d0
c3c5c5
b9bbbb
bdbfbf
bcbebe
bdbfbf
bfc1c1
c2c4c4
c1c3c3
bfc1c1
c0c2c2
c5c7c7
cbcdcd
d1d3d3
d1d3d3
d1d3d3
d3d5d5
d4d6d6
d4d6d6
d1d3d3
cbcdcd
c5c7c7
c0c2c2
bdbdbd
bfbfbf
c4c4c4
c7c7c7
c8c8c8
c8c8c8
c9c9c9
cacaca
cdcdcd
cecece
cecece
d1d1d1
d5d5d5
d6d6d6
d5d5d5
d5d5d5
d4d4d4
d0d0d0
c8c8c8
c1c1c1
c4c6c6
c9cbcb
ced0d0
d2d4d4
d2d4d4
cfd1d1
cccece
cacccc
cacccc
cccece
d3d5d5
d4d6d6
d5d7d7
d6d8d8
d3d5d5
cccece
c4c6c6
c1c3c3
c3c5c5
c9cbcb
d7d9d9
d6d8d8
d0d2d2
c8caca
c1c3c3
bfc1c1
c1c3c3
c4c6c6
c5c7c7
c3c5c5
bcbebe
b4b6b6
aeb0b0
b1b3b3
bdbfbf
cacccc
d0d2d2
ced0d0
c9cbcb
c5c6c6
c2c2c2
c2c2c2
c4c4c4
c8c8c8
cdcdcd
d2d2d2
d3d3d3
d0d0d0
cbcbcb
c6c6c6
c1c1c1
bababa
b5b5b5
b7b7b7
c2c2c2
d0d0d0
d7d7d7
d5d5d5
cccccc
c4c4c4
c6c6c6
c7c7c7
c7c7c7
c9c9c9
cacaca
cacaca
c6c6c6
c0c0c0
b9b9b9
b3b3b3
b0b0b0
b5b5b5
bdbdbd
c6c6c6
cccccc
cdcdcd
cacaca
c4c4c4
bebebe
bababa
c1c1c1
bfbfbf
bdbdbd
bdbdbd
bebebe
bababa
b6b6b6
b4b4b4
b3b3b3
b8b8b8
c6c6c6
cdcdcd
d0d0d0
cecece
c6c6c6
bababa
b4b4b4
b6b6b6
bdbdbd
c3c3c3
c1c1c1
bababa
b5b5b5
b4b4b4
b7b7b7
bcbcbc
bdbdbd
c0c0c0
c5c5c5
c8c8c8
bfbfbf
b7b7b7
b2b2b2
afafaf
b4b4b4
bababa
bdbdbd
bfbfbf
c0c0c0
c1c1c1
c0c0c0
c0c0c0
c1c1c1
c3c3c3
c7c7c7
cccccc
cccccc
cacaca
c7c7c7
c4c4c4
c6c6c6
c3c3c3
bfbfbf
bfbfbf
c1c1c1
c2c2c2
c1c1c1
c2c2c2
c5c5c5
c8c8c8
c8c8c8
cbcbcb
cecece
d2d2d2
d3d3d3
d1d1d1
cfcfcf
cccccc
cbcbcb
c9c9c9
c2c2c2
c1c1c1
c3c3c3
c7c7c7
cccccc
d0d0d0
d3d3d3
d2d2d2
d0d0d0
cfcfcf
cecece
d0d0d0
d2d2d2
d3d3d3
d0d0d0
cbcbcb
c6c6c6
c4c4c4
c3c3c3
c4c4c4
c3c3c3
c6c6c6
cbcbcb
cfcfcf
d0d0d0
cfcfcf
cdcdcd
cdcdcd
cdcdcd
cecece
d0d1cf
d0d1cf
d0d1cf
d0d1cf
d1d2d0
d2d3d1
d1d2d0
cecfcd
cacbc9
c7c8c6
c5c6c4
c3c4c2
c0c1bf
bebfbd
bdbebc
bebfbd
c1c2c0
c6c7c5
cbccca
cecfcd
cbcbcb
cbcbcb
cfcfcf
d4d4d4
d8d8d8
d8d8d8
d5d5d5
d0d0d0
cdcdcd
cdcdcd
cacaca
cacaca
c8c8c8
c8c8c8
cacaca
cecece
d0d0d0
d0d0d0
d0d0d0
cecece
cccccc
cbcbcb
c8c8c8
c6c6c6
c6c6c6
c7c7c7
c7c7c7
c5c5c5
c1c1c1
bebebe
c1c1c1
c2c2c2
c6c6c6
cacaca
cecece
cfcfcf
cecece
cfcfcf
d3d3d3
d8d8d8
dcdcdc
d8d8d8
d4d4d4
d3d3d3
d4d4d4
d3d3d3
d0d0d0
cccccc
c9c9c9
cbcbcb
d8d8d8
dbdbdb
dadada
d8d8d8
d6d6d6
d9d9d9
dddddd
dedede
dcdcdc
d7d7d7
d3d3d3
cdcdcd
c6c6c6
c0c0c0
bfbfbf
c2c2c2
c6c6c6
c9c9c9
cacaca
cacaca
cbcbcb
cecece
d4d4d4
dadada
dcdcdc
d8d8d8
d5d5d5
d4d4d4
d8d8d8
dcdcdc
d6d6d6
d9d9d9
dddddd
dbdbdb
d4d4d4
c9c9c9
c1c1c1
bebebe
c0c0c0
c2c2c2
c6c6c6
c8c8c8
cbcbcb
d0d0d0
d6d6d6
d9d9d9
dadada
d9d9d9
d6d6d6
d4d4d4
d9dbdb
d4d6d6
ced0d0
cacccc
cacccc
cfd1d1
d2d4d4
d1d3d3
cfd1d1
cccece
cacccc
c8caca
c7c9c9
c9cbcb
d0d2d2
d9dbdb
dfe1e1
e2e4e4
e2e4e4
dee0e0
d8dada
d6d8d8
d3d5d5
ced0d0
cacccc
cdcfcf
d6d8d8
dadcdc
d6d8d8
d0d2d2
d1d3d3
d6d8d8
dddfdf
e1e3e3
e0e2e2
dcdede
d9dbdb
d3d5d5
cccece
c5c7c7
bdbebe
bebebe
c0c0c0
c1c1c1
c0c0c0
bebebe
bfbfbf
c3c3c3
c8c8c8
cecece
d2d2d2
d6d6d6
d8d8d8
d7d7d7
d2d2d2
cbcbcb
c6c6c6
c5c5c5
c6c6c6
c7c7c7
c2c2c2
c6c6c6
cecece
d4d4d4
d8d8d8
d7d7d7
d1d1d1
cecece
cfcfcf
d4d4d4
dbdbdb
dfdfdf
dddddd
d6d6d6
cdcdcd
c5c5c5
c3c3c3
c3c3c3
c6c6c6
c7c7c7
c9cbcb
cbcdcd
cbcdcd
cbcdcd
cacccc
c6c8c8
c4c6c6
c5c7c7
c8caca
cbcdcd
d1d3d3
d4d6d6
d6d8d8
d6d8d8
d4d6d6
d4d6d6
d4d6d6
d0d2d2
cbcdcd
c6c8c8
c0c2c2
c0c2c2
c0c2c2
bec0c0
bcbebe
babcbc
b9bbbb
babcbc
babcbc
bbbdbd
c0c2c2
c7c9c9
ced0d0
d3d5d5
d2d4d4
cbcdcd
c3c5c5
bec0c0
bdbfbf
bdbfbf
bfbfbf
bfbfbf
bfbfbf
c0c0c0
c1c1c1
bfbfbf
bdbdbd
bdbdbd
c0c0c0
c3c3c3
c8c8c8
cdcdcd
d0d0d0
cdcdcd
c5c5c5
bebebe
bebebe
c1c1c1
c6c6c6
c8c8c8
c4c4c4
c6c6c6
c5c5c5
bfbfbf
b8b8b8
b8b8b8
bfbfbf
c7c7c7
cacaca
cacaca
d0d0d0
d1d1d1
d1d1d1
d0d0d0
cbcbcb
c5c5c5
bfbfbf
bcbcbc
bbbbbb
bcbcbc
bebebe
bdbdbd
bbbbbb
b8b8b8
b6b6b6
b6b6b6
b9b9b9
bebebe
c4c4c4
c7c7c7
c8c8c8
cbcbcb
cccccc
c6c6c6
bebebe
b8b8b8
b8b8b8
bcbcbc
c2c2c2
c6c6c6
c7c7c7
c8c8c8
c7c7c7
c5c5c5
c3c3c3
bebebe
bcbcbc
bababa
bababa
bcbcbc
bfbfbf
c2c2c2
c6c6c6
cacaca
cccccc
cbcbcb
c8c8c8
c2c2c2
bbbbbb
b8b8b8
bdbdbd
c2c2c2
c7c7c7
c8c8c8
c3c3c3
bdbdbd
b9b9b9
bababa
bdbdbd
c2c2c2
c7c7c7
c6c6c6
c0c0c0
b9b9b9
b4b4b4
b1b1b1
b6b6b6
bbbbbb
bebebe
bfbfbf
bebebe
c1c1c1
c3c3c3
c1c1c1
bcbcbc
bababa
bcbcbc
c0c0c0
c4c4c4
c5c5c5
c7c7c7
c6c6c6
c6c6c6
c5c5c5
c4c4c4
c7c7c7
cacaca
cacaca
c7c7c7
c1c1c1
b2b4b4
adafaf
adafaf
b3b5b5
bcbebe
bfc1c1
bcbebe
b7b9b9
b5b7b7
b4b6b6
b5b7b7
b7b9b9
babcbc
bfc1c1
c3c5c5
c5c7c7
c3c5c5
bfc1c1
b9bbbb
b5b7b7
b1b3b3
afb1b1
aeb0b0
afb1b1
b1b3b3
b5b7b7
b9bbbb
bbbdbd
bbbdbd
b8baba
b1b3b3
afb1b1
b1b3b3
b9bbbb
c3c5c5
cbcdcd
cdcfcf
c9cbcb
c5c7c7
c3c5c5
c0c2c2
bcbebe
b9bbbb
b8baba
babcbc
babcbc
b9bbbb
b8baba
b9bbbb
bcbebe
c3c5c5
c8caca
cacccc
c9cbcb
c7c9c9
c8caca
cbcdcd
c8caca
c1c3c3
b9bbbb
babcbc
b9bbbb
b9bbbb
babcbc
bcbebe
bbbdbd
babcbc
bbbdbd
c0c2c2
c5c7c7
cbcdcd
cccece
cdcfcf
cfd1d1
d0d2d2
cfd1d1
cdcfcf
c7c9c9
c1c3c3
bdbfbf
bdbdbd
bebebe
c0c0c0
c1c1c1
c2c2c2
c3c3c3
c3c3c3
c3c3c3
c4c4c4
c5c5c5
c8c8c8
c9c9c9
cccccc
cdcdcd
cecece
cccccc
c8c8c8
c3c3c3
bfbfbf
bdbdbd
b8baba
b9bbbb
bcbebe
c0c2c2
c3c5c5
c5c7c7
c8caca
cccece
d0d2d2
d2d4d4
d5d7d7
d3d5d5
d1d3d3
cfd1d1
cccece
c7c9c9
c2c4c4
c2c4c4
c5c7c7
cbcdcd
d1d3d3
d2d4d4
d0d2d2
cdcfcf
cacccc
cdcfcf
d1d3d3
d3d5d5
d4d6d6
d2d4d4
cdcfcf
c3c5c5
b9bbbb
b6b8b8
bcbebe
c6c8c8
cccece
cfd1d1
cfd1d1
cfd1d1
d0d0d0
d1d0d0
d2d2d2
d5d5d5
d9d9d9
dddddd
dddddd
dbdbdb
d8d8d8
d5d5d5
c6c6c6
bfbfbf
b9b9b9
b9b9b9
c0c0c0
cecece
d7d7d7
dbdbdb
dadada
d7d7d7
dbdbdb
dadada
dadada
d9d9d9
d7d7d7
d3d3d3
cdcdcd
c5c5c5
bfbfbf
bbbbbb
bbbbbb
bdbdbd
c0c0c0
c6c6c6
cccccc
d0d0d0
d1d1d1
cfcfcf
cacaca
c8c8c8
cbcbcb
cbcbcb
cbcbcb
cdcdcd
cecece
cbcbcb
c4c4c4
bfbfbf
bebebe
c0c0c0
cbcbcb
d3d3d3
d9d9d9
dadada
d2d2d2
c6c6c6
bfbfbf
bfbfbf
c5c5c5
cacaca
c5c5c5
bdbdbd
b5b5b5
b1b1b1
b1b1b1
b5b5b5
bbbbbb
c2c2c2
cacaca
cfcfcf
cecece
c7c7c7
bfbfbf
bababa
bbbbbb
bebebe
bfbfbf
c1c1c1
c4c4c4
c5c5c5
bababa
b7b7b7
b7b7b7
b9b9b9
bdbdbd
c3c3c3
c9c9c9
cccccc
cccccc
cbcbcb
bfbfbf
bababa
b7b7b7
b8b8b8
bfbfbf
c3c3c3
c4c4c4
c4c4c4
c3c3c3
c3c3c3
bababa
bcbcbc
c1c1c1
c7c7c7
cacaca
cdcdcd
cdcdcd
cccccc
cacaca
c9c9c9
c4c4c4
c4c4c4
c5c5c5
c8c8c8
cdcdcd
d2d2d2
d4d4d4
d1d1d1
cecece
cbcbcb
c7c7c7
c6c6c6
c4c4c4
c5c5c5
c8c8c8
cbcbcb
cbcbcb
c7c7c7
c2c2c2
bebebe
bdbdbd
c0c0c0
c6c6c6
cbcbcb
cecece
cfcfcf
cecece
cccccc
c9c9c9
c8c8c8
c7c8c6
c6c7c4
c5c6c4
c5c6c4
c7c8c6
cacbc9
c9cac8
c6c7c5
c1c2c0
bebfbd
c1c2c0
c0c1bf
bebfbd
bdbebc
bdbebc
c0c1bf
c2c3c1
c3c4c2
c4c5c3
c4c5c3
c5c5c5
c4c4c4
c5c5c5
c9c9c9
cdcdcd
cfcfcf
cccccc
c9c9c9
c7c7c7
c6c6c6
bebebe
bebebe
bebebe
c0c0c0
c3c3c3
c8c8c8
cbcbcb
cccccc
cccccc
cccccc
c6c6c6
c5c5c5
c5c5c5
c3c3c3
c2c2c2
c0c0c0
c0c0c0
c0c0c0
c1c1c1
c1c1c1
bdbdbd
bbbbbb
bababa
bcbcbc
c0c0c0
c4c4c4
c6c6c6
c9c9c9
cecece
d1d1d1
d0d0d0
cccccc
c8c8c8
c7c7c7
cacaca
cccccc
c9c9c9
c5c5c5
c2c2c2
c3c3c3
cacaca
cdcdcd
cfcfcf
d0d0d0
d0d0d0
d4d4d4
d7d7d7
d8d8d8
d4d4d4
d0d0d0
cdcdcd
cbcbcb
c6c6c6
c2c2c2
c1c1c1
c4c4c4
c8c8c8
cbcbcb
cccccc
cdcdcd
d0d0d0
d3d3d3
d7d7d7
dbdbdb
dddddd
d9d9d9
d4d4d4
d1d1d1
d3d3d3
d7d7d7
d2d2d2
d3d3d3
d5d5d5
d4d4d4
cecece
c8c8c8
c3c3c3
c2c2c2
c5c5c5
c8c8c8
c7c7c7
cacaca
cdcdcd
d2d2d2
d8d8d8
dbdbdb
dbdbdb
d9d9d9
d6d6d6
d4d4d4
cfd1d1
cbcdcd
c6c8c8
c4c6c6
c6c8c8
cbcdcd
cfd1d1
ced0d0
cbcdcd
c8caca
cbcdcd
cbcdcd
cccece
d0d2d2
d7d9d9
dcdede
e0e2e2
dfe1e1
dbdddd
d7d9d9
d0d2d2
d0d2d2
cfd1d1
cacccc
c7c9c9
cacccc
d2d4d4
d8dada
d7d9d9
d3d5d5
d2d4d4
d7d9d9
dcdede
dee0e0
dcdede
d8dada
d4d6d6
cfd1d1
c7caca
c3c5c5
c5c5c5
c5c5c5
c5c5c5
c5c5c5
c5c5c5
c7c7c7
cbcbcb
d0d0d0
d4d4d4
d7d7d7
d9d9d9
dbdbdb
dcdcdc
dadada
d4d4d4
cecece
c8c8c8
c5c5c5
c4c4c4
c5c5c5
cacaca
cccccc
cfcfcf
d4d4d4
d8d8d8
d9d9d9
d8d8d8
d7d7d7
d9d9d9
dcdcdc
e0e0e0
e1e1e1
dedede
d9d9d9
d1d1d1
cbcbcb
c7c7c7
c5c5c5
c3c3c3
c4c4c4
cdcfcf
d2d4d4
d5d7d7
d7d9d9
d7d9d9
d3d5d5
d1d3d3
d1d3d3
d2d4d4
d5d7d7
dddfdf
dfe1e1
dfe1e1
dee0e0
dbdddd
d9dbdb
d7d9d9
d3d5d5
ced0d0
c9cbcb
c4c6c6
c1c3c3
bec0c0
bbbdbd
babcbc
bdbfbf
bfc1c1
c2c4c4
c3c5c5
c5c7c7
d0d2d2
d7d9d9
dddfdf
e1e3e3
dee0e0
d8dada
cfd1d1
c8caca
c4c6c6
c3c5c5
c6c6c6
c5c5c5
c3c3c3
c3c3c3
c3c3c3
c2c2c2
c1c1c1
c4c4c4
c9c9c9
cfcfcf
d8d8d8
dcdcdc
dddddd
d7d7d7
cdcdcd
c1c1c1
bcbcbc
bebebe
c2c2c2
c5c5c5
c1c1c1
c3c3c3
c3c3c3
c0c0c0
bcbcbc
bfbfbf
c8c8c8
d1d1d1
d6d6d6
d9d9d9
dfdfdf
e1e1e1
e1e1e1
dedede
d9d9d9
d1d1d1
c9c9c9
c2c2c2
bebebe
bcbcbc
bfbfbf
bebebe
bdbdbd
bcbcbc
bbbbbb
bebebe
c3c3c3
cacaca
d0d0d0
d5d5d5
d8d8d8
dbdbdb
dbdbdb
d5d5d5
c9c9c9
bfbfbf
bababa
bcbcbc
bfbfbf
c2c2c2
c4c4c4
c7c7c7
c9c9c9
cacaca
c9c9c9
c7c7c7
c5c5c5
c5c5c5
c5c5c5
c6c6c6
cdcdcd
d1d1d1
d7d7d7
dbdbdb
dddddd
dbdbdb
d4d4d4
cbcbcb
c2c2c2
bdbdbd
bebebe
c2c2c2
c6c6c6
c8c8c8
c5c5c5
bfbfbf
bfbfbf
c5c5c5
cdcdcd
d5d5d5
d9d9d9
d8d8d8
d3d3d3
cacaca
c0c0c0
b9b9b9
b9b9b9
bbbbbb
bfbfbf
c1c1c1
c5c5c5
cacaca
cdcdcd
cccccc
c8c8c8
c5c5c5
c7c7c7
cbcbcb
d1d1d1
d3d3d3
cecece
cacaca
c6c6c6
c2c2c2
c2c2c2
c7c7c7
cdcdcd
cdcdcd
cacaca
c4c4c4
bcbebe
b7b9b9
b8baba
bfc1c1
cacccc
d1d3d3
ced0d0
c8caca
c3c5c5
bfc1c1
b3b5b5
b4b6b6
b7b9b9
bcbebe
c1c3c3
c4c6c6
c3c5c5
c0c2c2
bdbfbf
b9bbbb
b3b5b5
b0b2b2
afb1b1
aeb0b0
b0b2b2
b4b6b6
b9bbbb
bcbebe
bec0c0
bdbfbf
b5b7b7
afb1b1
acaeae
b1b3b3
bcbebe
c8caca
cccece
cacccc
c6c8c8
c1c3c3
b8baba
b6b8b8
b6b8b8
b9bbbb
bcbebe
bcbebe
b7b9b9
b2b4b4
aeb0b0
aeb0b0
b7b9b9
bdbfbf
c3c5c5
c4c6c6
c2c4c4
c2c4c4
c2c4c4
c0c2c2
bbbdbd
b5b7b7
b5b7b7
b6b8b8
b6b8b8
b7b9b9
b8baba
b7b9b9
b6b8b8
b7b9b9
b9bbbb
bdbfbf
c0c2c2
c1c3c3
c4c6c6
c6c8c8
c8caca
c7c9c9
c4c6c6
c0c2c2
babcbc
b7b9b9
b8b8b8
b8b8b8
b8b8b8
b7b7b7
b8b8b8
bababa
bbbbbb
bbbbbb
b8b8b8
b9b9b9
c2c2c2
c1c1c1
c2c2c2
c7c7c7
cbcbcb
c7c7c7
bdbdbd
b6b6b6
b4b4b4
b7b7b7
b7b9b9
b7b9b9
b7b9b9
b6b8b8
b7b9b9
b9bbbb
bcbebe
c1c3c3
c7c9c9
cbcdcd
cdcfcf
cacccc
c7c9c9
c3c5c5
c0c2c2
bcbebe
bcbebe
c0c2c2
c6c8c8
cacccc
c5c7c7
c6c8c8
c8caca
c9cbcb
c9cbcb
cdcfcf
d2d4d4
d3d5d5
d2d4d4
d0d2d2
d0d2d2
c7c9c9
bec0c0
bbbdbd
bec0c0
c3c5c5
c8caca
cdcfcf
cfd1d1
d0d2d2
d5d5d5
d9d9d9
dcdcdc
e1e1e1
e4e4e4
e6e6e6
e5e5e5
e5e5e5
e4e4e4
e2e2e2
d7d7d7
d2d2d2
cbcbcb
c6c6c6
c5c5c5
c9c9c9
d0d0d0
d7d7d7
dbdbdb
dedede
e1e1e1
e1e1e1
e1e1e1
dfdfdf
dbdbdb
d7d7d7
d1d1d1
cdcdcd
cacaca
c9c9c9
c5c5c5
c4c4c4
c4c4c4
c6c6c6
c9c9c9
cecece
d4d4d4
d7d7d7
d9d9d9
d9d9d9
dcdcdc
dedede
dfdfdf
dfdfdf
dfdfdf
d9d9d9
d1d1d1
cacaca
c5c5c5
c3c3c3
c4c4c4
cdcdcd
d7d7d7
dddddd
dcdcdc
d6d6d6
d2d2d2
d2d2d2
d6d6d6
dbdbdb
d8d8d8
cfcfcf
c4c4c4
bcbcbc
b9b9b9
bdbdbd
c4c4c4
cccccc
d5d5d5
dbdbdb
dbdbdb
d5d5d5
cfcfcf
cacaca
c9c9c9
c8c8c8
c8c8c8
cacaca
cecece
d0d0d0
c6c6c6
c2c2c2
bfbfbf
bdbdbd
c0c0c0
c5c5c5
cccccc
d3d3d3
d8d8d8
d8d8d8
c7c7c7
c2c2c2
c1c1c1
c4c4c4
cbcbcb
d1d1d1
d3d3d3
d0d0d0
cccccc
c8c8c8
bbbbbb
bbbbbb
c0c0c0
c6c6c6
cdcdcd
d3d3d3
d8d8d8
d7d7d7
d5d5d5
d2d2d2
cacaca
cacaca
cbcbcb
cecece
d5d5d5
dbdbdb
dddddd
dadada
d5d5d5
d2d2d2
cecece
c7c7c7
c2c2c2
c2c2c2
c9c9c9
d5d5d5
dadada
d8d8d8
d0d0d0
c8c8c8
c0c0c0
c2c2c2
c7c7c7
cdcdcd
d3d3d3
d7d7d7
d6d6d6
d2d2d2
cdcdcd
c8c9c8
c4c5c4
c0c1bf
bebfbd
bfc0be
c1c2c0
c7c8c6
cacbc9
cacbc9
c7c8c6
c5c6c4
c5c6c4
c2c3c1
c1c2c0
c2c3c1
c5c6c4
c9cac8
cbccca
cacbc9
c7c8c6
c4c5c3
c2c2c2
bfbfbf
bdbdbd
bfbfbf
c6c6c6
cacaca
cbcbcb
cacaca
c8c8c8
c7c7c7
bfbfbf
bcbcbc
bcbcbc
bebebe
c0c0c0
c5c5c5
c7c7c7
c8c8c8
c7c7c7
c6c6c6
c4c4c4
c5c5c5
c7c7c7
c6c6c6
c4c4c4
bdbdbd
b9b9b9
bababa
bebebe
c2c2c2
bfbfbf
bbbbbb
b5b5b5
b5b5b5
b9b9b9
bcbcbc
c0c0c0
c3c3c3
c8c8c8
cbcbcb
c7c7c7
c1c1c1
bdbdbd
bdbdbd
bfbfbf
c4c4c4
c3c3c3
c1c1c1
bebebe
bcbcbc
bbbbbb
bdbdbd
bfbfbf
c2c2c2
c5c5c5
c9c9c9
cccccc
cbcbcb
c6c6c6
c3c3c3
c5c5c5
c4c4c4
c2c2c2
c2c2c2
c2c2c2
c3c3c3
c5c5c5
c9c9c9
cccccc
cdcdcd
cccccc
cccccc
cecece
d2d2d2
d4d4d4
d2d2d2
cecece
cbcbcb
cbcbcb
cdcdcd
cdcdcd
cdcdcd
cdcdcd
cbcbcb
c8c8c8
c3c3c3
c2c2c2
c3c3c3
c5c5c5
c6c6c6
c6c6c6
c8c8c8
cccccc
d1d1d1
d6d6d6
d9d9d9
d9d9d9
d6d6d6
d3d3d3
cfcfcf
c8caca
c3c5c5
c1c3c3
c0c2c2
c2c4c4
c6c8c8
c9cbcb
c8caca
c5c7c7
c2c4c4
c8caca
c9cbcb
ced0d0
d3d5d5
d9dbdb
dcdede
dcdede
d8dada
d3d5d5
ced0d0
c9cbcb
cacccc
c9cbcb
c5c7c7
c2c4c4
c4c6c6
cacccc
d0d2d2
d2d4d4
d0d2d2
d0d2d2
d3d5d5
d7d9d9
d6d8d8
d3d5d5
ced0d0
cbcdcd
c8caca
c2c4c4
bfc1c1
c3c3c3
c2c2c2
c0c0c0
bfbfbf
c1c1c1
c5c5c5
cbcbcb
d0d0d0
d4d4d4
d7d7d7
d8d8d8
d8d8d8
d8d8d8
d6d6d6
d1d1d1
cccccc
c8c8c8
c4c4c4
c1c1c1
bfbfbf
c9c9c9
c7c7c7
c8c8c8
cbcbcb
cfcfcf
d2d2d2
d3d3d3
d4d4d4
d7d7d7
dadada
d7d7d7
d7d7d7
d6d6d6
d3d3d3
cecece
cbcbcb
c6c6c6
c4c4c4
c1c1c1
c2c2c2
cdcfcf
d1d3d3
d4d6d6
d5d7d7
d4d6d6
d1d3d3
cfd1d1
d1d3d3
d4d6d6
d8dada
dcdede
dddfdf
dddfdf
dadcdc
d6d8d8
d2d4d4
d0d2d2
cccece
c7c9c9
c2c4c4
c1c3c3
bfc1c1
bcbebe
bcbebe
bec0c0
c2c4c4
c7c9c9
cacccc
cbcdcd
cccece
d6d8d8
dcdede
e1e3e3
e5e7e7
e3e5e5
dddfdf
d4d6d6
cdcfcf
c7caca
c6c8c8
cbcbcb
c9c9c9
c7c7c7
c6c6c6
c7c7c7
c7c7c7
c8c8c8
cecece
d5d5d5
dcdcdc
e1e1e1
e3e3e3
e2e2e2
dcdcdc
d0d0d0
c3c3c3
bdbdbd
bcbcbc
c0c0c0
c4c4c4
bfbfbf
c1c1c1
c4c4c4
c5c5c5
c4c4c4
c8c8c8
d1d1d1
d9d9d9
dedede
e0e0e0
e5e5e5
e5e5e5
e3e3e3
e0e0e0
dadada
d4d4d4
cccccc
c6c6c6
c2c2c2
c0c0c0
c0c0c0
c1c1c1
c2c2c2
c3c3c3
c5c5c5
c9c9c9
cfcfcf
d6d6d6
dcdcdc
dfdfdf
dedede
dfdfdf
dddddd
d7d7d7
cdcdcd
c5c5c5
c2c2c2
bfbfbf
bebebe
bdbdbd
c0c0c0
c3c3c3
c7c7c7
cacaca
cdcdcd
d0d0d0
d2d2d2
d6d6d6
dadada
dddddd
e3e3e3
e5e5e5
e4e4e4
e3e3e3
dedede
d8d8d8
d1d1d1
cbcbcb
c6c6c6
c3c3c3
c5c5c5
c6c6c6
c7c7c7
c8c8c8
c6c6c6
c8c8c8
cccccc
d3d3d3
dbdbdb
e1e1e1
e3e3e3
e1e1e1
dedede
d6d6d6
cccccc
c2c2c2
bcbcbc
bbbbbb
bdbdbd
c0c0c0
c6c6c6
cecece
d4d4d4
d7d7d7
d4d4d4
d2d2d2
d4d4d4
d7d7d7
dcdcdc
dddddd
d4d4d4
d0d0d0
cccccc
c6c6c6
c3c3c3
c5c5c5
c8c8c8
c9c9c9
c8c8c8
c5c5c5
c3c5c5
c3c5c5
c7c9c9
cfd1d1
dadcdc
dfe1e1
dddfdf
d7d9d9
d2d4d4
ced0d0
bbbdbd
babcbc
bbbdbd
bec0c0
c0c2c2
c2c4c4
c2c4c4
c2c4c4
c0c2c2
bec0c0
b7b9b9
b6b8b8
b7b9b9
b9bbbb
bec0c0
c2c4c4
c7c9c9
cbcdcd
cdcfcf
ced0d0
c6c8c8
bdbfbf
b5b7b7
b5b7b7
bdbfbf
c8caca
cfd1d1
d0d2d2
cdcfcf
c8caca
bdbfbf
bbbdbd
bec0c0
c3c5c5
c6c8c8
c5c7c7
bcbebe
b3b5b5
acaeae
a9abab
b3b5b5
babcbc
c2c4c4
c7c9c9
c6c8c8
c4c6c6
c2c4c4
bec0c0
b9bbbb
b5b7b7
b4b6b6
b7b9b9
babcbc
bdbfbf
bdbfbf
babcbc
b8baba
b6b8b8
b6b8b8
b7b9b9
b6b8b8
b8baba
bbbdbd
bec0c0
c0c2c2
bfc1c1
bcbebe
b9bbbb
b5b7b7
b3b5b5
b2b2b2
b1b1b1
b0b0b0
b0b0b0
b2b2b2
b5b5b5
b6b6b6
b5b5b5
b3b3b3
b2b2b2
b9b9b9
b7b7b7
b9b9b9
c2c2c2
cacaca
c6c6c6
b7b7b7
ababab
a8a8a8
aeaeae
b4b5b5
b6b8b8
b6b8b8
b5b7b7
b1b3b3
acaeae
acaeae
b0b2b2
b6b8b8
bbbdbd
bec0c0
bcbebe
babcbc
b6b8b8
b3b5b5
b2b4b4
b4b6b6
b8baba
bec0c0
c2c4c4
babcbc
bcbebe
bec0c0
bfc1c1
c0c2c2
c3c5c5
c6c8c8
c7c9c9
c5c7c7
c2c4c4
c4c6c6
bfc1c1
bbbdbd
bcbebe
c0c2c2
c5c7c7
c6c8c8
c7c9c9
c7c9c9
c8caca
c8c8c8
cdcdcd
d4d4d4
dadada
dedede
e0e0e0
dfdfdf
dedede
dddddd
dbdbdb
d9d9d9
d7d7d7
d2d2d2
cdcdcd
c9c9c9
c6c6c6
c8c8c8
cdcdcd
d3d3d3
d7d7d7
dedede
dfdfdf
dedede
dddddd
d8d8d8
d3d3d3
cdcdcd
cccccc
cccccc
cccccc
c5c5c5
c4c4c4
c4c4c4
c4c4c4
c4c4c4
c7c7c7
cdcdcd
d5d5d5
dcdcdc
e2e2e2
e7e7e7
e8e8e8
e8e8e8
e7e7e7
e2e2e2
dbdbdb
d1d1d1
c9c9c9
c3c3c3
bfbfbf
b8b8b8
bebebe
c9c9c9
d2d2d2
dadada
dedede
e0e0e0
e1e1e1
e3e3e3
e4e4e4
e4e4e4
dcdcdc
d2d2d2
cacaca
c7c7c7
c7c7c7
cccccc
d1d1d1
d6d6d6
d9d9d9
d9d9d9
d7d7d7
d6d6d6
d7d7d7
d9d9d9
d9d9d9
d9d9d9
d9d9d9
dbdbdb
dedede
d9d9d9
d5d5d5
d0d0d0
cbcbcb
c9c9c9
cccccc
d0d0d0
d4d4d4
d7d7d7
d8d8d8
d1d1d1
d1d1d1
d4d4d4
d8d8d8
dedede
e1e1e1
e0e0e0
dddddd
d8d8d8
d3d3d3
c9c9c9
c7c7c7
c9c9c9
cccccc
d3d3d3
dadada
e0e0e0
e2e2e2
e1e1e1
dedede
d4d4d4
d2d2d2
d4d4d4
d8d8d8
e0e0e0
e7e7e7
ebebeb
e9e9e9
e4e4e4
dedede
d8d8d8
d0d0d0
c9c9c9
c8c8c8
d0d0d0
dedede
e6e6e6
e8e8e8
e4e4e4
dddddd
d1d1d1
d0d0d0
d4d4d4
d9d9d9
dedede
e3e3e3
e3e3e3
e0e0e0
dbdbdb
d7d7d7
cecfcd
c8c9c7
c3c4c2
c2c3c1
c6c7c5
cecfcd
d5d6d4
dadbd9
dbdcda
dadbd9
d4d5d3
d1d2d0
cfd0ce
cfd0ce
d4d5d3
d9dad8
dbdcda
d9dad8
d6d7d5
d1d2d0
c8c8c8
c2c2c2
bebebe
c0c0c0
c7c7c7
cecece
d3d3d3
d4d4d4
d5d5d5
d5d5d5
cfcfcf
cccccc
cacaca
c8c8c8
c8c8c8
cacaca
cacaca
cacaca
c8c8c8
c7c7c7
cbcbcb
cecece
d1d1d1
d1d1d1
cccccc
c3c3c3
bbbbbb
bababa
bebebe
c3c3c3
c5c5c5
c2c2c2
bfbfbf
bdbdbd
bcbcbc
bbbbbb
bababa
bdbdbd
c2c2c2
c6c6c6
c6c6c6
c1c1c1
bbbbbb
b8b8b8
b8b8b8
bebebe
c1c1c1
c1c1c1
c0c0c0
bdbdbd
b8b8b8
b7b7b7
b8b8b8
b9b9b9
bababa
bdbdbd
bebebe
bdbdbd
bababa
b7b7b7
bbbbbb
bcbcbc
bdbdbd
bdbdbd
bebebe
bebebe
c0c0c0
c2c2c2
c5c5c5
c7c7c7
c4c4c4
c4c4c4
c5c5c5
c9c9c9
cccccc
cdcdcd
cacaca
c8c8c8
c6c6c6
c7c7c7
c6c6c6
c5c5c5
c4c4c4
c2c2c2
c1c1c1
bebebe
bdbdbd
bdbdbd
bdbdbd
bcbcbc
c1c1c1
c3c3c3
c6c6c6
cbcbcb
cfcfcf
d2d2d2
d2d2d2
d1d1d1
cecece
cbcbcb
c3c5c5
c0c2c2
bfc1c1
bec0c0
c0c2c2
c3c5c5
c3c5c5
c1c3c3
bec0c0
bbbdbd
bec0c0
c1c3c3
c5c7c7
cacccc
cfd1d1
d2d4d4
d1d3d3
ced0d0
c9cbcb
c6c8c8
c2c4c4
c3c5c5
c3c5c5
c1c3c3
bec0c0
bfc1c1
c2c4c4
c5c7c7
c7c9c9
c6c8c8
cacccc
cccece
cccece
cacccc
c4c6c6
c0c2c2
bfc1c1
bfc1c1
bdbfbf
bbbdbd
bbbbbb
bbbbbb
bcbcbc
bdbdbd
bcbcbc
bebebe
c0c0c0
c6c6c6
cbcbcb
cecece
cdcdcd
cdcdcd
cccccc
cbcbcb
c9c9c9
c7c7c7
c4c4c4
c2c2c2
bfbfbf
bebebe
c4c4c4
c2c2c2
c1c1c1
c3c3c3
c7c7c7
c9c9c9
cbcbcb
cccccc
cfcfcf
d2d2d2
cecece
cccccc
c9c9c9
c6c6c6
c3c3c3
bfbfbf
bebebe
bfbfbf
c1c1c1
c5c5c5
c9cbcb
cbcdcd
cdcfcf
cbcdcd
c7c9c9
c2c4c4
c1c3c3
c5c7c7
cbcdcd
d0d2d2
d4d6d6
d5d7d7
d4d6d6
d2d4d4
ced0d0
cacccc
c8caca
c5c7c7
bfc1c1
babcbc
b8baba
b8baba
b9bbbb
bcbebe
c0c2c2
c4c6c6
c8caca
cacccc
c9cbcb
c9cbcb
cfd1d1
d4d6d6
d7d9d9
dadcdc
d9dbdb
d3d5d5
cdcfcf
c8caca
c4c6c6
c3c5c5
c8c8c8
c7c7c7
c6c6c6
c7c7c7
c8c8c8
c9c9c9
cbcbcb
cfcfcf
d7d7d7
dddddd
dddddd
dcdcdc
d9d9d9
d5d5d5
cdcdcd
c4c4c4
bdbdbd
bcbcbc
bfbfbf
c1c1c1
bababa
bcbcbc
bfbfbf
c2c2c2
c4c4c4
c7c7c7
cdcdcd
d3d3d3
d6d6d6
d9d9d9
dcdcdc
dbdbdb
d8d8d8
d4d4d4
d0d0d0
cccccc
c8c8c8
c5c5c5
c4c4c4
c3c3c3
bfbfbf
c1c1c1
c4c4c4
c7c7c7
cacaca
cecece
d3d3d3
d7d7d7
dbdbdb
dddddd
dddddd
dadada
d5d5d5
cecece
c8c8c8
c5c5c5
c4c4c4
c0c0c0
bbbbbb
b7b7b7
bbbbbb
bebebe
c0c0c0
c4c4c4
c9c9c9
cdcdcd
d3d3d3
dbdbdb
e2e2e2
e6e6e6
e8e8e8
e7e7e7
e4e4e4
dfdfdf
d8d8d8
d1d1d1
cacaca
c6c6c6
c3c3c3
c3c3c3
c5c5c5
c3c3c3
c0c0c0
bfbfbf
c1c1c1
c6c6c6
cdcdcd
d3d3d3
d8d8d8
dadada
dbdbdb
dbdbdb
d9d9d9
d4d4d4
cccccc
c3c3c3
bbbbbb
b6b6b6
b6b6b6
b8b8b8
bfbfbf
c7c7c7
cecece
d3d3d3
d4d4d4
d4d4d4
d6d6d6
d8d8d8
dadada
d9d9d9
d2d2d2
d0d0d0
cdcdcd
c8c8c8
c1c1c1
c0c0c0
c2c2c2
c5c5c5
c7c7c7
c7c7c7
c3c5c5
c6c8c8
cccece
d4d6d6
dbdddd
dcdede
d9dbdb
d3d5d5
cfd1d1
cccece
bec0c0
bbbdbd
babcbc
babcbc
bbbdbd
bdbfbf
bfc1c1
c0c2c2
c0c2c2
c1c3c3
c3c5c5
c4c6c6
c8caca
cdcfcf
d3d5d5
d7d9d9
dadcdc
dbdddd
dcdede
dcdede
d7d9d9
cdcfcf
c2c4c4
bdbfbf
c1c3c3
cacccc
d1d3d3
d4d6d6
d5d7d7
d4d6d6
ced0d0
cdcfcf
d0d2d2
d4d6d6
d7d9d9
d4d6d6
cacccc
bfc1c1
b6b8b8
b1b3b3
b3b5b5
bbbdbd
c4c6c6
cccece
ced0d0
cccece
c9cbcb
c4c6c6
c0c2c2
bcbebe
b9bbbb
bdbfbf
c3c5c5
c6c8c8
c5c7c7
c1c3c3
bdbfbf
b9bbbb
b5b7b7
b3b5b5
b3b5b5
b6b8b8
b9bbbb
bcbebe
bdbfbf
bcbebe
babcbc
b8baba
b6b8b8
b4b6b6
b3b3b3
b3b3b3
b3b3b3
b4b4b4
b8b8b8
bbbbbb
bcbcbc
bbbbbb
b9b9b9
b7b7b7
b6b6b6
b2b2b2
b6b6b6
c1c1c1
cdcdcd
cbcbcb
bcbcbc
afafaf
ababab
aeafaf
b1b2b2
b5b7b7
b9bbbb
b9bbbb
b3b5b5
abadad
a6a8a8
a8aaaa
adafaf
b2b4b4
b4b6b6
b5b7b7
b5b7b7
b4b6b6
afb1b1
abadad
adafaf
b0b2b2
b4b6b6
b7b9b9
b5b7b7
b7b9b9
b8baba
b7b9b9
b8baba
bbbdbd
bfc1c1
c2c4c4
c1c3c3
bfc1c1
bcbebe
b7b9b9
b5b7b7
b5b7b7
b8baba
bcbebe
bbbdbd
babcbc
babcbc
bbbdbd
b6b6b6
bababa
c1c1c1
c9c9c9
cdcdcd
cecece
cccccc
c9c9c9
c6c6c6
c3c3c3
c3c3c3
c4c4c4
c5c5c5
c4c4c4
c3c3c3
c0c0c0
c1c1c1
c3c3c3
c6c6c6
cacaca
d3d3d3
d5d5d5
d4d4d4
d2d2d2
cdcdcd
c9c9c9
c4c4c4
c3c3c3
c3c3c3
c2c2c2
bebebe
c0c0c0
c2c2c2
c2c2c2
c0c0c0
c0c0c0
c4c4c4
cbcbcb
d4d4d4
dbdbdb
dfdfdf
e0e0e0
e1e1e1
dfdfdf
d9d9d9
d2d2d2
cccccc
c5c5c5
c0c0c0
bcbcbc
b5b5b5
b7b7b7
bbbbbb
c2c2c2
cccccc
d5d5d5
dadada
dbdbdb
dadada
d8d8d8
d7d7d7
d4d4d4
cfcfcf
cacaca
c7c7c7
c9c9c9
cbcbcb
cdcdcd
cdcdcd
cccccc
cbcbcb
cdcdcd
d2d2d2
d8d8d8
e0e0e0
e5e5e5
e4e4e4
e2e2e2
e2e2e2
e3e3e3
dcdcdc
d9d9d9
d5d5d5
d1d1d1
cecece
cccccc
cccccc
cccccc
cccccc
cdcdcd
cdcdcd
d3d3d3
dadada
e0e0e0
e3e3e3
e3e3e3
e2e2e2
dfdfdf
dddddd
dbdbdb
d3d3d3
cfcfcf
cecece
cecece
d1d1d1
d6d6d6
dbdbdb
dddddd
dddddd
dcdcdc
d9d9d9
d9d9d9
dcdcdc
e0e0e0
e6e6e6
ececec
eeeeee
ececec
e8e8e8
e4e4e4
dddddd
d7d7d7
d1d1d1
cfcfcf
d4d4d4
dddddd
e6e6e6
ebebeb
ececec
eaeaea
e0e0e0
dedede
dfdfdf
e2e2e2
e6e6e6
e9e9e9
eaeaea
e9e9e9
e7e7e7
e4e4e4
dbdcda
d4d5d3
cecfcd
cbccca
cccdcb
d2d3d1
dadbd9
e1e2e0
e6e7e5
e7e8e6
e5e6e4
e2e3e1
dedfdd
dddedc
dedfdd
e2e3e1
e4e5e3
e2e3e1
dfe0de
dadbd9
d2d2d2
cccccc
c8c8c8
c7c7c7
cccccc
d3d3d3
d7d7d7
d9d9d9
dbdbdb
dddddd
e0e0e0
dddddd
d9d9d9
d7d7d7
d5d5d5
d4d4d4
d4d4d4
d3d3d3
d1d1d1
d0d0d0
d0d0d0
d2d2d2
d6d6d6
d9d9d9
d7d7d7
d0d0d0
c7c7c7
c4c4c4
c8c8c8
cdcdcd
d0d0d0
d0d0d0
d1d1d1
cfcfcf
cbcbcb
c4c4c4
bdbdbd
bcbcbc
c0c0c0
c6c6c6
cacaca
c7c7c7
c0c0c0
bababa
b8b8b8
bababa
c0c0c0
c5c5c5
c6c6c6
c5c5c5
c5c5c5
c1c1c1
bcbcbc
b8b8b8
b7b7b7
b8b8b8
b8b8b8
b8b8b8
b8b8b8
b7b7b7
b7b7b7
b8b8b8
b9b9b9
bababa
bbbbbb
bbbbbb
bcbcbc
bebebe
bfbfbf
c1c1c1
c4c4c4
c2c2c2
c1c1c1
c3c3c3
c8c8c8
cbcbcb
c9c9c9
c6c6c6
c4c4c4
c2c2c2
bebebe
bdbdbd
bdbdbd
bdbdbd
bcbcbc
bcbcbc
bbbbbb
bcbcbc
bbbbbb
bababa
bebebe
bfbfbf
c0c0c0
c3c3c3
c6c6c6
cacaca
cbcbcb
cbcbcb
cacaca
c7c8c8
c1c3c3
bfc1c1
bec0c0
bec0c0
bfc1c1
c1c3c3
c1c3c3
bec0c0
bbbdbd
b9bbbb
b8baba
b7b9b9
b7b9b9
b9bbbb
bdbfbf
c2c4c4
c4c6c6
c4c6c6
c1c3c3
bfc1c1
b9bbbb
bbbdbd
bcbebe
bdbfbf
bdbfbf
bfc1c1
c1c3c3
c2c4c4
c2c4c4
c1c3c3
bfc1c1
c1c3c3
c1c3c3
bdbfbf
b8baba
b6b8b8
b7b9b9
b8baba
b8baba
b7b9b9
b9b9b9
bdbdbd
c2c2c2
c5c5c5
c3c3c3
bdbdbd
bababa
bcbcbc
c1c1c1
c5c5c5
c3c3c3
c3c3c3
c3c3c3
c2c2c2
c3c3c3
c2c2c2
c3c3c3
c4c4c4
c4c4c4
c4c4c4
bfbfbf
bebebe
bdbdbd
bebebe
c1c1c1
c2c2c2
c2c2c2
c3c3c3
c5c5c5
c9c9c9
c9c9c9
c7c7c7
c5c5c5
c3c3c3
bfbfbf
bababa
b8b8b8
b8b8b8
bdbdbd
c2c2c2
c3c5c5
c5c7c7
c6c8c8
c5c7c7
bfc1c1
b8baba
b6b8b8
b8baba
bec0c0
c5c7c7
cbcdcd
cdcfcf
cccece
cacccc
c7c9c9
c4c6c6
c3c5c5
c1c3c3
bcbebe
b7b9b9
b2b4b4
b4b6b6
b8baba
bbbdbd
bfc1c1
c2c4c4
c2c4c4
c2c4c4
c0c2c2
bfc1c1
c5c7c7
c8caca
cacccc
cacccc
c9cbcb
c6c8c8
c2c4c4
bec0c0
bdbfbf
bdbfbf
c2c2c2
c2c2c2
c2c2c2
c4c4c4
c5c5c5
c6c6c6
c6c6c6
c9c9c9
cfcfcf
d4d4d4
d1d1d1
cdcdcd
c9c9c9
c7c7c7
c5c5c5
c2c2c2
bdbdbd
bbbbbb
bcbcbc
bebebe
b7b7b7
b8b8b8
bababa
bababa
bbbbbb
bdbdbd
bfbfbf
c4c4c4
c7c7c7
cacaca
cccccc
cbcbcb
c8c8c8
c5c5c5
c3c3c3
c1c1c1
c1c1c1
c2c2c2
c2c2c2
c2c2c2
bcbcbc
bebebe
c1c1c1
c3c3c3
c6c6c6
c9c9c9
cbcbcb
cecece
d1d1d1
d2d2d2
d7d7d7
d4d4d4
cfcfcf
c9c9c9
c5c5c5
c4c4c4
c5c5c5
c2c2c2
bcbcbc
b7b7b7
bababa
bbbbbb
bdbdbd
bfbfbf
c1c1c1
c4c4c4
c9c9c9
d1d1d1
d9d9d9
dddddd
dddddd
dedede
dddddd
dadada
d4d4d4
cecece
c7c7c7
c3c3c3
c1c1c1
c2c2c2
c2c2c2
bfbfbf
bcbcbc
bcbcbc
bdbdbd
c3c3c3
c8c8c8
cbcbcb
cccccc
cccccc
d1d1d1
cfcfcf
cdcdcd
cbcbcb
c7c7c7
c2c2c2
bcbcbc
b7b7b7
b6b6b6
b7b7b7
b9b9b9
bfbfbf
c4c4c4
c8c8c8
cacaca
cdcdcd
cfcfcf
d1d1d1
d0d0d0
cecece
c6c6c6
c4c4c4
c1c1c1
bcbcbc
b7b7b7
b6b6b6
b9b9b9
bebebe
c1c1c1
c2c2c2
bfc1c1
c2c4c4
c7c9c9
cdcfcf
d1d3d3
d1d3d3
ced0d0
c8caca
c4c6c6
c0c2c2
b9bbbb
b6b8b8
b6b8b8
b6b8b8
b7b9b9
babcbc
bcbebe
bec0c0
bfc1c1
c0c2c2
c7c9c9
cbcdcd
cfd1d1
d4d6d6
d8dada
dbdddd
dbdddd
dbdddd
dbdddd
dadcdc
d9dbdb
d1d3d3
c8caca
c3c5c5
c4c6c6
c8caca
cccece
d1d3d3
d4d6d6
d8dada
d9dbdb
d8dada
dadcdc
dcdede
dee0e0
dbdddd
d2d4d4
c9cbcb
c0c2c2
bcbebe
b7b9b9
bbbdbd
c3c5c5
cbcdcd
cfd1d1
cfd1d1
cdcfcf
cacccc
c8caca
c5c7c7
c1c3c3
c6c8c8
cccece
cdcfcf
cbcdcd
c7c9c9
c2c4c4
bcbebe
b7b9b9
b4b6b6
b4b6b6
b6b8b8
b9bbbb
bcbebe
bcbebe
bbbdbd
bbbdbd
b9bbbb
babcbc
bbbdbd
b9b9b9
bbbbbb
bebebe
c2c2c2
c6c6c6
c9c9c9
c9c9c9
c8c8c8
c6c6c6
c5c5c5
bfbfbf
bbbbbb
bcbcbc
c5c5c5
d0d0d0
d5d5d5
cdcdcd
c6c6c6
c4c4c4
c5c5c5
c6c8c8
cacccc
cdcfcf
cccece
c5c7c7
bbbdbd
b3b5b5
afb1b1
afb1b1
b1b3b3
b3b5b5
b9bbbb
bcbebe
bcbebe
b6b8b8
b0b2b2
b0b2b2
b4b6b6
b8baba
babcbc
b9bbbb
b9bbbb
b7b9b9
b3b5b5
b2b4b4
b6b8b8
bcbebe
c2c4c4
c5c7c7
c4c6c6
bcbebe
b5b7b7
afb1b1
adafaf
afb1b1
b3b5b5
b4b6b6
b4b6b6
b3b5b5
b4b6b6
b2b2b2
b4b4b4
b8b8b8
bbbbbb
bfbfbf
c1c1c1
c1c1c1
bebebe
bababa
b8b8b8
bbbbbb
bbbbbb
bcbcbc
bcbcbc
bdbdbd
bdbdbd
bcbcbc
bcbcbc
bbbbbb
bbbbbb
c0c0c0
c1c1c1
c2c2c2
c3c3c3
c2c2c2
c1c1c1
c0c0c0
bfbfbf
bfbfbf
bebebe
bbbbbb
bcbcbc
bebebe
bfbfbf
bfbfbf
bfbfbf
bfbfbf
c3c3c3
c6c6c6
c9c9c9
cdcdcd
d0d0d0
d2d2d2
d1d1d1
cdcdcd
c9c9c9
c6c6c6
c2c2c2
bebebe
bbbbbb
bbbbbb
b9b9b9
b8b8b8
bababa
bfbfbf
c4c4c4
c7c7c7
c8c8c8
c6c6c6
c3c3c3
c5c5c5
c5c5c5
c5c5c5
c2c2c2
c1c1c1
c4c4c4
c8c8c8
c9c9c9
c8c8c8
c6c6c6
c2c2c2
c2c2c2
c6c6c6
cfcfcf
d8d8d8
dfdfdf
dfdfdf
dcdcdc
dbdbdb
d9d9d9
d5d5d5
d4d4d4
d2d2d2
cfcfcf
cdcdcd
c9c9c9
c7c7c7
c6c6c6
c6c6c6
c5c5c5
c5c5c5
cccccc
d5d5d5
dcdcdc
dedede
dedede
dfdfdf
dedede
dddddd
dadada
d3d3d3
d0d0d0
cecece
cdcdcd
cdcdcd
cfcfcf
d1d1d1
d2d2d2
d2d2d2
d1d1d1
d6d6d6
d8d8d8
dadada
dddddd
e1e1e1
e4e4e4
e4e4e4
e2e2e2
e0e0e0
dddddd
dedede
dadada
d6d6d6
d4d4d4
d5d5d5
dadada
e0e0e0
e5e5e5
e8e8e8
e9e9e9
e2e2e2
e2e2e2
e2e2e2
e3e3e3
e4e4e4
e5e5e5
e5e5e5
e5e5e5
e6e6e6
e5e5e5
dedfde
d9dad8
d4d5d3
cfd0ce
cdcecc
cfd0ce
d5d6d4
dcdddb
e1e2e0
e4e5e3
e7e8e6
e5e6e4
e3e4e2
e1e2e0
e1e2e0
e2e3e1
e1e2e0
dfe0de
dcdddb
dadbd9
d9dad9
d4d4d4
cfcfcf
cdcdcd
cecece
d3d3d3
d4d4d4
d6d6d6
d8d8d8
dbdbdb
e1e1e1
e0e0e0
dedede
dedede
dedede
dfdfdf
dedede
dcdcdc
d9d9d9
d7d7d7
d2d2d2
d0d0d0
d2d2d2
d7d7d7
dbdbdb
dadada
d5d5d5
d3d3d3
d7d7d7
dcdcdc
e0e0e0
e1e1e1
e2e2e2
e2e2e2
dcdcdc
d2d2d2
c8c8c8
c4c4c4
c7c7c7
cbcbcb
cdcdcd
cbcbcb
c6c6c6
c1c1c1
bebebe
bfbfbf
c6c6c6
cccccc
cfcfcf
d0d0d0
d4d4d4
cecece
c5c5c5
bebebe
bcbcbc
bcbcbc
bbbbbb
bcbcbc
bfbfbf
c0c0c0
bdbdbd
bcbcbc
bcbcbc
bcbcbc
bebebe
c0c0c0
c1c1c1
c3c3c3
c3c3c3
c3c3c3
c3c3c3
bebebe
bcbcbc
bdbdbd
c4c4c4
c9c9c9
c8c8c8
c4c4c4
bfbfbf
bcbcbc
bcbcbc
bcbcbc
bcbcbc
bcbcbc
bbbbbb
bdbdbd
bfbfbf
c1c1c1
c3c3c3
c5c5c5
c4c4c4
c3c3c3
c2c2c2
c1c1c1
c1c1c1
c4c4c4
c6c6c6
c7c7c7
c8c7c7
c7c7c7
c2c4c4
c1c3c3
c1c3c3
c1c3c3
c3c5c5
c6c8c8
c7c9c9
c7c9c9
c5c7c7
c3c5c5
bec0c0
b8baba
b3b5b5
b1b3b3
b4b6b6
babcbc
bfc1c1
c1c3c3
bfc1c1
bcbebe
b5b7b7
b7b9b9
babcbc
bec0c0
c3c5c5
c8caca
c9cbcb
c7c9c9
c4c6c6
c0c2c2
bbbdbd
bec0c0
c1c3c3
c0c2c2
bdbfbf
bbbdbd
bbbdbd
babcbc
b8baba
b7b9b9
bebebe
c6c6c6
cecece
d2d2d2
cfcfcf
c8c8c8
bfbfbf
bcbcbc
bdbdbd
bebebe
c0c0c0
c1c1c1
c2c2c2
c2c2c2
c1c1c1
c2c2c2
c3c3c3
c6c6c6
cacaca
cdcdcd
bfbfbf
bebebe
bfbfbf
c0c0c0
c2c2c2
c0c0c0
bebebe
bebebe
c1c1c1
c5c5c5
cccccc
cecece
d2d2d2
d6d6d6
d4d4d4
cccccc
c0c0c0
bababa
b8b8b8
bbbbbb
bdbfbf
c0c2c2
c5c7c7
c5c7c7
c0c2c2
b9bbbb
b3b5b5
b2b4b4
b4b6b6
b9bbbb
c1c3c3
c4c6c6
c4c6c6
c1c3c3
bfc1c1
bec0c0
bfc1c1
bdbfbf
b9bbbb
b5b7b7
b3b5b5
b6b8b8
bbbdbd
bec0c0
bfc1c1
bdbfbf
bbbdbd
b9bbbb
b7b9b9
b9bbbb
c2c4c4
c3c5c5
c3c5c5
c1c3c3
bfc1c1
bcbebe
babcbc
babcbc
babcbc
bbbdbd
bfbfbf
bfbfbf
c1c1c1
c3c3c3
c5c5c5
c5c5c5
c2c2c2
c2c2c2
c5c5c5
c8c8c8
c4c4c4
bebebe
bababa
bababa
bdbdbd
bebebe
bcbcbc
b9b9b9
b7b7b7
b9b9b9
bcbcbc
bbbbbb
b9b9b9
b6b6b6
b4b4b4
b4b4b4
b5b5b5
b9b9b9
bdbdbd
c1c1c1
bebebe
bebebe
bcbcbc
bababa
bababa
bbbbbb
bcbcbc
bdbdbd
bdbdbd
bcbcbc
bbbbbb
bbbbbb
bdbdbd
bebebe
bebebe
bfbfbf
c0c0c0
c3c3c3
c6c6c6
c8c8c8
c9c9c9
c9c9c9
c6c6c6
c2c2c2
bfbfbf
bfbfbf
c2c2c2
c2c2c2
bfbfbf
bcbcbc
bcbcbc
bdbdbd
bebebe
bebebe
bebebe
c0c0c0
c3c3c3
c8c8c8
cecece
d2d2d2
d4d4d4
d5d5d5
d4d4d4
d1d1d1
cccccc
c5c5c5
bfbfbf
bdbdbd
bcbcbc
bebebe
bdbdbd
bdbdbd
bcbcbc
bbbbbb
bcbcbc
bebebe
bfbfbf
c1c1c1
c1c1c1
c1c1c1
c8c8c8
c3c3c3
bfbfbf
bebebe
c0c0c0
bebebe
bbbbbb
b7b7b7
b7b7b7
b9b9b9
b5b5b5
b7b7b7
b9b9b9
bbbbbb
bcbcbc
c0c0c0
c5c5c5
c6c6c6
c4c4c4
c2c2c2
c0c0c0
bcbcbc
b7b7b7
b1b1b1
adadad
b1b1b1
b6b6b6
bababa
bababa
b8b8b8
b5b7b7
b8baba
babcbc
bec0c0
c3c5c5
c6c8c8
c6c8c8
c2c4c4
bcbebe
b6b8b8
b0b2b2
b0b2b2
b0b2b2
b1b3b3
b3b5b5
b5b7b7
b6b8b8
b7b9b9
b6b8b8
b6b8b8
babcbc
bec0c0
c2c4c4
c7c9c9
c9cbcb
cbcdcd
cbcdcd
cbcdcd
cacccc
c9cbcb
cdcfcf
cacccc
c6c8c8
c3c5c5
c2c4c4
c2c4c4
c3c5c5
c7c9c9
cdcfcf
d3d5d5
d6d8d8
d4d6d6
d4d6d6
d5d7d7
d7d9d9
d5d7d7
cdcfcf
c5c7c7
c0c2c2
bec0c0
bdbfbf
bfc1c1
c2c4c4
c6c8c8
cacccc
cccece
cbcdcd
c9cbcb
c8caca
c8caca
c9cbcb
ced0d0
d2d4d4
d1d3d3
cccece
c7c9c9
c3c5c5
bfc1c1
b9bbbb
b6b8b8
b3b5b5
b6b8b8
b8baba
babcbc
babcbc
b9bbbb
b9bbbb
babcbc
bcbebe
bdbfbf
bebfbf
c3c3c3
c9c9c9
cfcfcf
d3d3d3
d4d4d4
d3d3d3
d2d2d2
d1d1d1
d0d0d0
c9c9c9
c2c2c2
bebebe
c2c2c2
cbcbcb
d6d6d6
dadada
dbdbdb
dddddd
dfdfdf
e0e2e2
e0e2e2
dee0e0
dbdddd
d5d7d7
ced0d0
c6c8c8
bec0c0
b8baba
b5b7b7
b6b8b8
bec0c0
c6c8c8
c8caca
c2c4c4
bcbebe
bec0c0
c4c6c6
cbcdcd
cfd1d1
cdcfcf
cbcdcd
c4c6c6
bcbebe
b6b8b8
b6b8b8
bcbebe
c2c4c4
c6c8c8
c7c9c9
c2c4c4
babcbc
b5b7b7
b3b5b5
b8baba
bec0c0
bfc1c1
bec0c0
bdbfbf
bcbdbd
b9b9b9
b9b9b9
b9b9b9
bababa
bebebe
c3c3c3
c7c7c7
c7c7c7
c6c6c6
c5c5c5
c3c3c3
c1c1c1
bebebe
bdbdbd
bebebe
c1c1c1
c1c1c1
c0c0c0
bebebe
bbbbbb
bfbfbf
bfbfbf
c0c0c0
c2c2c2
c3c3c3
c6c6c6
c6c6c6
c4c4c4
c0c0c0
bebebe
bbbbbb
bbbbbb
bcbcbc
bfbfbf
c1c1c1
c3c3c3
c2c2c2
bfbfbf
bababa
b7b7b7
bfbfbf
c6c6c6
c9c9c9
c9c9c9
c7c7c7
c3c3c3
c2c2c2
bfbfbf
bababa
b7b7b7
bcbcbc
bbbbbb
b9b9b9
b7b7b7
b5b5b5
b5b5b5
b6b6b6
b9b9b9
bbbbbb
bcbcbc
bcbcbc
bcbcbc
bbbbbb
b9b9b9
b8b8b8
bbbbbb
c2c2c2
c6c6c6
c6c6c6
c4c4c4
c1c1c1
bebebe
bdbdbd
c1c1c1
c8c8c8
cecece
cecece
cdcdcd
cacaca
cacaca
cecece
cecece
cdcdcd
cbcbcb
c9c9c9
c6c6c6
c4c4c4
c2c2c2
c2c2c2
c1c1c1
c1c1c1
c6c6c6
cdcdcd
d2d2d2
d3d3d3
d7d7d7
dadada
d9d9d9
d5d5d5
d0d0d0
c9c9c9
c9c9c9
cbcbcb
cbcbcb
cacaca
c9c9c9
c7c7c7
c6c6c6
c6c6c6
c6c6c6
cbcbcb
d0d0d0
d3d3d3
d6d6d6
d8d8d8
d8d8d8
d8d8d8
d7d7d7
d8d8d8
d9d9d9
dadada
d7d7d7
d4d4d4
d2d2d2
d2d2d2
d4d4d4
d8d8d8
dadada
dbdbdb
dadada
dbdbdb
dddddd
dedede
dfdfdf
dfdfdf
dddddd
dbdbdb
dcdcdc
dddddd
dddddd
d9dad8
d6d7d5
d5d6d4
d2d3d1
cfd0ce
cecfcd
d0d1cf
d5d6d4
dbdcda
dedfdd
dcdddb
dcdddb
dcdddb
dddedc
dddedc
dddedc
dcdddb
dadbd9
d7d8d6
d6d7d5
d8d8d8
d5d5d5
d0d0d0
cecece
cecece
cfcfcf
cfcfcf
d1d1d1
d5d5d5
d8d8d8
d9d9d9
d9d9d9
dbdbdb
dfdfdf
e1e1e1
e4e4e4
e2e2e2
dddddd
d7d7d7
d2d2d2
d4d4d4
cfcfcf
cccccc
d0d0d0
d8d8d8
dcdcdc
dbdbdb
dcdcdc
e0e0e0
e4e4e4
e6e6e6
e5e5e5
e4e4e4
e3e3e3
dfdfdf
d8d8d8
cfcfcf
cacaca
cacaca
cccccc
cdcdcd
cfcfcf
cfcfcf
cccccc
c9c9c9
c9c9c9
cfcfcf
d6d6d6
dadada
dbdbdb
dbdbdb
d3d3d3
c9c9c9
c2c2c2
c1c1c1
c0c0c0
c0c0c0
c2c2c2
c6c6c6
c9c9c9
c7c7c7
c4c4c4
c2c2c2
c3c3c3
c5c5c5
c9c9c9
cdcdcd
cecece
cecece
cccccc
c1c1c1
bbbbbb
b9b9b9
bbbbbb
c3c3c3
cacaca
cccccc
c8c8c8
c2c2c2
bfbfbf
c2c2c2
c2c2c2
c1c1c1
c0c0c0
bebebe
c0c0c0
c3c3c3
c9c9c9
d0d0d0
d4d4d4
d0d0d0
cdcdcd
c8c8c8
c4c4c4
c3c3c3
c3c3c3
c4c4c4
c6c6c6
c9c8c8
c9c9c9
c6c8c8
c6c8c8
c7c9c9
c9cbcb
cdcfcf
d1d3d3
d4d6d6
d6d8d8
d8dada
d7d9d9
cfd1d1
c7c9c9
bdbfbf
b8baba
babcbc
c0c2c2
c6c8c8
c6c8c8
c3c5c5
bec0c0
b9bbbb
babcbc
bec0c0
c4c6c6
cccece
d3d5d5
d2d4d4
cdcfcf
c6c8c8
c0c2c2
c0c2c2
c5c7c7
cccece
cfd1d1
ced0d0
cbcdcd
c9cbcb
c4c6c6
bec0c0
bbbdbd
cacaca
d3d3d3
dbdbdb
e1e1e1
e1e1e1
d9d9d9
cfcfcf
c6c6c6
c0c0c0
bebebe
c2c2c2
c4c4c4
c5c5c5
c5c5c5
c2c2c2
c0c0c0
c1c1c1
c6c6c6
cdcdcd
d2d2d2
c6c6c6
c7c7c7
c9c9c9
cdcdcd
cfcfcf
cdcdcd
c9c9c9
c6c6c6
c4c4c4
c7c7c7
d1d1d1
d7d7d7
dedede
e5e5e5
e6e6e6
dedede
d0d0d0
c4c4c4
bebebe
bebebe
bdbfbf
c3c5c5
c9cbcb
cccece
c8caca
bec0c0
b6b8b8
b2b4b4
b2b4b4
b5b7b7
bcbebe
c0c2c2
c3c5c5
c3c5c5
c1c3c3
bfc1c1
bfc1c1
bec0c0
babcbc
b7b9b9
b5b7b7
b8baba
bfc1c1
c2c4c4
c3c5c5
c0c2c2
bdbfbf
babcbc
b7b9b9
b7b9b9
c1c3c3
c1c3c3
c0c2c2
c0c2c2
bfc1c1
bdbfbf
babcbc
b9bbbb
babcbc
bcbebe
bebebe
bfbebe
c2c2c2
c6c6c6
c8c8c8
c2c2c2
bbbbbb
b9b9b9
bbbbbb
c2c2c2
c2c2c2
bbbbbb
b7b7b7
b8b8b8
bcbcbc
bdbdbd
b8b8b8
b5b5b5
b7b7b7
bdbdbd
c7c7c7
c4c4c4
bfbfbf
bbbbbb
b8b8b8
b5b5b5
b6b6b6
b8b8b8
bdbdbd
c0c0c0
bbbbbb
b9b9b9
b8b8b8
b8b8b8
bababa
bababa
b8b8b8
b7b7b7
b8b8b8
bbbbbb
bfbfbf
c2c2c2
c3c3c3
c3c3c3
c1c1c1
bfbfbf
c0c0c0
c1c1c1
c2c2c2
c1c1c1
bfbfbf
bfbfbf
bebebe
bebebe
bebebe
bcbcbc
bbbbbb
bebebe
c2c2c2
c5c5c5
c4c4c4
c5c5c5
c6c6c6
c7c7c7
c6c6c6
c3c3c3
c2c2c2
c3c3c3
c6c6c6
c9c9c9
c9c9c9
cbcbcb
cacaca
c7c7c7
bfbfbf
b8b8b8
b5b5b5
b6b6b6
b6b6b6
b6b6b6
b8b8b8
bababa
bdbdbd
c1c1c1
c3c3c3
bfbfbf
bababa
b6b6b6
b6b6b6
b7b7b7
bdbdbd
bebebe
bebebe
bcbcbc
bababa
b9b9b9
b8b8b8
b9b9b9
bbbbbb
bdbdbd
b9b9b9
b8b8b8
b6b6b6
b4b4b4
b3b3b3
b4b4b4
b6b6b6
b7b7b7
b7b7b7
b6b6b6
b9b9b9
b7b7b7
b2b2b2
afafaf
adadad
b0b0b0
b5b5b5
b9b9b9
bbbbbb
bababa
b2b4b4
aeb0b0
adafaf
afb1b1
b6b8b8
bfc1c1
c3c5c5
c2c4c4
bdbfbf
b7b9b9
aeb0b0
abadad
a8aaaa
a9abab
acaeae
afb1b1
aeb0b0
adafaf
adafaf
adafaf
acaeae
afb1b1
b3b5b5
b8baba
bdbfbf
bfc1c1
bec0c0
bdbfbf
bdbfbf
bec0c0
c2c4c4
bec0c0
bdbfbf
bec0c0
c0c2c2
bdbfbf
bdbfbf
c0c2c2
c3c5c5
c5c7c7
c6c8c8
c8caca
cacccc
cbcdcd
cbcdcd
c9cbcb
c5c7c7
c0c2c2
babcbc
b7b9b9
bfc1c1
c0c2c2
c2c4c4
c5c7c7
c7c9c9
c7c9c9
c4c6c6
c3c5c5
c3c5c5
c5c7c7
c8caca
cdcfcf
cfd1d1
cdcfcf
c6c8c8
c0c2c2
bdbfbf
bcbebe
b8baba
b5b7b7
b4b6b6
b6b8b8
b8baba
b9bbbb
b8baba
b8baba
b7b9b9
b8baba
babcbc
bcbfbf
c3c3c3
cacaca
d0d0d0
d5d5d5
d5d5d5
d3d3d3
d1d1d1
cdcdcd
cacaca
c7c7c7
c3c3c3
bdbdbd
b9b9b9
bcbcbc
c3c3c3
cdcdcd
d4d4d4
d9d9d9
dcdbdb
dddede
e0e1e1
dee0e0
dcdede
dadcdc
d5d7d7
d2d4d4
cfd1d1
c8caca
c2c4c4
bcbebe
b8baba
bec0c0
c5c7c7
c7c9c9
c5c7c7
c2c4c4
c6c8c8
cfd1d1
dadcdc
dfe1e1
dfe1e1
d9dbdb
ced0d0
c4c6c6
bdbfbf
bdbfbf
c2c4c4
c8caca
ced0d0
d1d3d3
cbcdcd
c7c9c9
c7c9c9
c9cbcb
cfd1d1
d4d6d6
d6d8d8
d3d5d5
cfd1d1
cccdcd
c5c5c5
c0c0c0
bcbcbc
bebebe
c5c5c5
cfcfcf
d5d5d5
d5d5d5
d2d2d2
cfcfcf
cdcdcd
c9c9c9
c5c5c5
c3c3c3
c4c4c4
c9c9c9
cbcbcb
cacaca
c8c8c8
c6c6c6
cccccc
cacaca
cbcbcb
cecece
d3d3d3
d5d5d5
d3d3d3
d0d0d0
cccccc
cbcbcb
c5c5c5
c0c0c0
bcbcbc
bdbdbd
c3c3c3
c8c8c8
c8c8c8
c2c2c2
b9b9b9
b4b4b4
c0c0c0
c5c5c5
c8c8c8
c9c9c9
c8c8c8
c6c6c6
c4c4c4
bfbfbf
bcbcbc
b8b8b8
bababa
bbbbbb
bababa
b7b7b7
b3b3b3
adadad
acacac
b1b1b1
bababa
c0c0c0
bdbdbd
bdbdbd
bdbdbd
bbbbbb
b8b8b8
bababa
c0c0c0
c5c5c5
c7c7c7
c6c6c6
c8c8c8
c2c2c2
bbbbbb
b9b9b9
bdbdbd
c3c3c3
c7c7c7
c7c7c7
c5c5c5
c3c3c3
c9c9c9
c9c9c9
c9c9c9
c7c7c7
c4c4c4
c3c3c3
c3c3c3
c2c2c2
c1c1c1
c0c0c0
bfbfbf
c2c2c2
c6c6c6
cacaca
cccccc
d0d0d0
d1d1d1
d0d0d0
cdcdcd
c9c9c9
c3c3c3
c4c4c4
c4c4c4
c5c5c5
c5c5c5
c5c5c5
c4c4c4
c3c3c3
c2c2c2
c1c1c1
c4c4c4
c7c7c7
cacaca
cecece
d3d3d3
d4d4d4
d4d4d4
d2d2d2
d0d0d0
cecece
cecece
cdcdcd
cccccc
cbcbcb
cacaca
cacaca
cacaca
cbcbcb
cccccc
cecece
d4d4d4
dadada
dddddd
dfdfdf
dedede
d9d9d9
d7d7d7
d6d6d6
d4d4d4
d2d2d2
d1d2d0
d3d4d2
d4d5d3
d1d2d0
cccdcb
cacbc9
cdcecc
d2d3d1
d6d7d5
d7d8d6
d2d3d1
d3d4d2
d5d6d4
d8d9d7
dadbd9
dadbd9
d8d9d7
d5d6d4
d4d5d3
d3d4d2
d2d2d2
d1d1d1
cfcfcf
cdcdcd
cccccc
cacaca
cacaca
cdcdcd
d1d1d1
d5d5d5
d0d0d0
d4d4d4
dadada
dedede
dfdfdf
dedede
dadada
d5d5d5
d2d2d2
d0d0d0
d3d3d3
cecece
cbcbcb
cccccc
d2d2d2
d7d7d7
d9d9d9
dcdcdc
e0e0e0
e4e4e4
e2e2e2
e0e0e0
dddddd
dadada
d7d7d7
d2d2d2
cbcbcb
c8c8c8
c6c6c6
c7c7c7
cacaca
cdcdcd
cfcfcf
cfcfcf
cdcdcd
cfcfcf
d6d6d6
dbdbdb
dedede
dedede
d9d9d9
d2d2d2
cccccc
c6c6c6
c4c4c4
c4c4c4
c4c4c4
c6c6c6
c9c9c9
cbcbcb
cccccc
cbcbcb
cbcbcb
cdcdcd
cfcfcf
d3d3d3
d6d6d6
d6d6d6
d6d6d6
d3d3d3
c8c8c8
bfbfbf
bababa
bcbcbc
c6c6c6
cfcfcf
d2d2d2
cecece
c8c8c8
c6c6c6
cacaca
cbcbcb
c9c9c9
c7c7c7
c4c4c4
c3c3c3
c8c8c8
d0d0d0
d7d7d7
dcdcdc
d9d9d9
d4d4d4
cdcdcd
c7c7c7
c5c5c5
c5c5c5
c6c6c6
c8c8c8
c8c8c8
c8c8c8
c6c8c8
c6c8c8
c7c9c9
c9cbcb
cfd1d1
d5d7d7
dbdddd
dee0e0
e0e2e2
dfe1e1
dbdddd
d2d4d4
c6c8c8
bfc1c1
c0c2c2
c7c9c9
cccece
cdcfcf
cacccc
c5c7c7
c0c2c2
c2c4c4
c7c9c9
cdcfcf
d3d5d5
d6d8d8
d3d5d5
ced0d0
c8caca
c6c8c8
cacccc
ced0d0
d3d5d5
d7d9d9
d8dada
d8dada
d5d7d7
d0d2d2
c7c9c9
c4c6c6
d6d6d6
dddddd
e3e3e3
e8e8e8
e8e8e8
e1e1e1
d8d8d8
cfcfcf
c7c7c7
c4c4c4
c5c5c5
c6c6c6
c6c6c6
c5c5c5
c3c3c3
c0c0c0
c0c0c0
c5c5c5
cccccc
d0d0d0
d4d4d4
d6d6d6
dadada
dedede
dfdfdf
dddddd
d7d7d7
d1d1d1
cbcbcb
c8c8c8
d0d0d0
d4d4d4
d9d9d9
dedede
e0e0e0
dcdcdc
d3d3d3
cecece
cbcbcb
cccccc
c9cbcb
ced0d0
d3d5d5
d5d7d7
d0d2d2
c4c6c6
bbbdbd
b6b8b8
b5b7b7
b8baba
c2c4c4
c6c8c8
cbcdcd
cccece
cacccc
c8caca
c7c9c9
c6c8c8
c4c6c6
c1c3c3
bcbebe
c0c2c2
c7c9c9
cccece
ced0d0
cccece
c8caca
c3c5c5
c0c2c2
bec0c0
c2c4c4
c1c3c3
c0c2c2
c2c4c4
c5c7c7
c6c8c8
c2c4c4
c0c2c2
bec0c0
c0c2c2
c8c8c8
cac9c9
cdcdcd
d2d2d2
d3d3d3
cacaca
bfbfbf
b9b9b9
bcbcbc
c3c3c3
c7c7c7
c3c3c3
c2c2c2
c3c3c3
c6c6c6
c3c3c3
bcbcbc
bcbcbc
c4c4c4
cecece
d5d5d5
d2d2d2
cdcdcd
c7c7c7
c4c4c4
c2c2c2
c1c1c1
c2c2c2
c5c5c5
c7c7c7
c3c3c3
c0c0c0
c1c1c1
c3c3c3
c7c7c7
c4c4c4
bcbcbc
b8b8b8
bababa
c1c1c1
c9c9c9
cecece
d2d2d2
d1d1d1
cccccc
c6c6c6
c5c5c5
c5c5c5
c4c4c4
c2c2c2
c0c0c0
bdbdbd
bcbcbc
bebebe
c2c2c2
bfbfbf
bbbbbb
bdbdbd
c4c4c4
cdcdcd
d1d1d1
d4d4d4
d6d6d6
d6d6d6
d4d4d4
cecece
c8c8c8
c5c5c5
c4c4c4
c4c4c4
c1c1c1
c5c5c5
c7c7c7
c4c4c4
bcbcbc
b6b6b6
b6b6b6
b6b6b6
b5b5b5
b5b5b5
bababa
bebebe
c5c5c5
cdcdcd
d1d1d1
cbcbcb
c1c1c1
b9b9b9
b6b6b6
b8b8b8
bdbdbd
c4c4c4
c7c7c7
c6c6c6
c1c1c1
bebebe
bfbfbf
c3c3c3
c7c7c7
c8c8c8
c9c9c9
c6c6c6
c3c3c3
bfbfbf
bababa
b6b6b6
b4b4b4
b3b3b3
b4b4b4
b4b4b4
b5b5b5
b4b4b4
b2b2b2
b0b0b0
b0b0b0
b1b1b1
b4b4b4
bababa
bfbfbf
c2c2c2
bbbcbc
b5b7b7
b1b3b3
b1b3b3
b7b9b9
c0c2c2
c8caca
cbcdcd
c9cbcb
c4c6c6
b6b8b8
aeb0b0
a8aaaa
a5a7a7
a7a9a9
a9abab
a9abab
a9abab
abadad
adafaf
a9abab
a9abab
acaeae
b4b6b6
bdbfbf
c2c4c4
c2c4c4
c1c3c3
bfc1c1
bfc1c1
bdbfbf
b5b7b7
b3b5b5
b7b9b9
bcbebe
bbbdbd
bdbfbf
bec0c0
bdbfbf
b9bbbb
b7b9b9
bdbfbf
c3c5c5
c7c9c9
c8caca
c7c9c9
c6c8c8
c2c4c4
babcbc
b5b7b7
bdbfbf
bdbfbf
bfc1c1
c3c5c5
c6c8c8
c3c5c5
bfc1c1
bbbdbd
bbbdbd
bdbfbf
c0c2c2
c5c7c7
c8caca
c7c9c9
c2c4c4
bdbfbf
babcbc
b9bbbb
b6b8b8
b3b5b5
b4b6b6
b5b7b7
b6b8b8
b7b9b9
b8baba
b6b8b8
b3b5b5
b4b6b6
b5b7b7
b7b9b9
c0bfbf
c7c7c7
cdcdcd
d0d0d0
cfcfcf
cbcbcb
c7c7c7
c2c2c2
bcbcbc
b7b7b7
b5b5b5
b2b2b2
b2b2b2
b5b5b5
bbbbbb
c0c0c0
c3c3c3
c5c5c5
c9c9c9
cccdcd
d1d3d3
d2d4d4
d1d3d3
cfd1d1
cbcdcd
c9cbcb
c9cbcb
c5c7c7
c0c2c2
b9bbbb
b3b5b5
b7b9b9
bcbebe
c1c3c3
c2c4c4
c2c4c4
c5c7c7
cccece
d4d6d6
dadcdc
d9dbdb
d1d3d3
c7c9c9
bfc1c1
bbbdbd
bdbfbf
c0c2c2
c7c9c9
cccece
ced0d0
cdcfcf
cfd1d1
d4d6d6
d9dbdb
dee0e0
e1e3e3
e1e3e3
dee0e0
dadcdc
d6d8d8
cfcfcf
c7c7c7
c1c1c1
c1c1c1
c8c8c8
d1d1d1
d5d5d5
d5d5d5
d2d2d2
d0d0d0
d1d1d1
d0d0d0
d0d0d0
d1d1d1
d2d2d2
d4d4d4
d4d4d4
d2d2d2
cecece
cccccc
d2d2d2
d1d1d1
d2d2d2
d7d7d7
dfdfdf
e1e1e1
dfdfdf
dbdbdb
dbdbdb
dbdbdb
d2d2d2
cacaca
c5c5c5
c5c5c5
cccccc
d1d1d1
d0d0d0
cccccc
c6c6c6
c2c2c2
c4c4c4
c7c7c7
cdcdcd
d2d2d2
d5d5d5
d4d4d4
d1d1d1
cacaca
c5c5c5
c1c1c1
c0c0c0
c3c3c3
c7c7c7
c7c7c7
c2c2c2
bababa
b4b4b4
b7b7b7
c1c1c1
cacaca
cdcdcd
cfcfcf
cecece
cacaca
c3c3c3
c0c0c0
c4c4c4
cacaca
d0d0d0
d4d4d4
d6d6d6
cfcfcf
c4c4c4
bdbdbd
bebebe
c3c3c3
cacaca
cccccc
cacaca
c8c8c8
c8c8c8
c7c7c7
c7c7c7
c4c4c4
c1c1c1
c2c2c2
c5c5c5
c7c7c7
c7c7c7
c5c5c5
bfbfbf
c0c0c0
c2c2c2
c6c6c6
c8c8c8
cacaca
cacaca
cacaca
c9c9c9
c8c8c8
c7c7c7
c6c6c6
c5c5c5
c4c4c4
c4c4c4
c4c4c4
c5c5c5
c4c4c4
c3c3c3
c2c2c2
c1c1c1
c1c1c1
c3c3c3
c7c7c7
cdcdcd
d1d1d1
d1d1d1
cecece
c9c9c9
c4c4c4
c3c3c3
c4c4c4
c5c5c5
c5c5c5
c5c5c5
c2c2c2
bfbfbf
bebebe
bdbdbd
c0c0c0
cbcbcb
d3d3d3
d9d9d9
dbdbdb
dadada
d7d7d7
d6d6d6
d3d3d3
cfcfcf
cacaca
c7c8c6
cdcecc
cfd0ce
cecfcd
c7c8c6
c6c7c5
cbccca
d0d1cf
d0d1cf
cdcecc
cecfcd
cecfcd
cfd0ce
d3d4d2
d7d8d6
d6d7d5
d3d4d2
cecfcd
cdcecc
cccdcb
c7c7c7
c8c8c8
c9c9c9
c9c9c9
c7c7c7
c4c4c4
c4c4c4
c6c6c6
c9c9c9
cccccc
cacaca
cfcfcf
d7d7d7
dbdbdb
dbdbdb
d5d5d5
d1d1d1
cfcfcf
cfcfcf
d0d0d0
d0d0d0
cccccc
c8c8c8
c8c8c8
c9c9c9
cdcdcd
cfcfcf
d4d4d4
d9d9d9
dddddd
dcdcdc
dbdbdb
d8d8d8
d4d4d4
cfcfcf
cbcbcb
c6c6c6
c5c5c5
c4c4c4
c4c4c4
c3c3c3
c5c5c5
c7c7c7
c7c7c7
c6c6c6
cacaca
d1d1d1
d5d5d5
d6d6d6
d4d4d4
d2d2d2
cfcfcf
cacaca
c6c6c6
c3c3c3
c3c3c3
c4c4c4
c6c6c6
c7c7c7
c8c8c8
c9c9c9
cbcbcb
cdcdcd
d0d0d0
d4d4d4
d7d7d7
d7d7d7
d6d6d6
d4d4d4
d1d1d1
cccccc
c3c3c3
bcbcbc
bfbfbf
c9c9c9
d1d1d1
d1d1d1
cecece
cbcbcb
cbcbcb
cbcbcb
cdcdcd
cdcdcd
cbcbcb
c9c9c9
c9c9c9
cecece
d4d4d4
d8d8d8
d9d9d9
d4d4d4
d1d1d1
cdcdcd
c8c8c8
c6c6c6
c6c6c6
c6c6c6
c6c6c6
c6c6c6
c6c6c6
c4c6c6
c4c6c6
c3c5c5
c5c7c7
cbcdcd
d1d3d3
d6d8d8
d8dada
d7d9d9
d6d8d8
d7d9d9
d1d3d3
c9cbcb
c3c5c5
c3c5c5
c7c9c9
cbcdcd
ced0d0
cdcfcf
cccece
c6c8c8
c8caca
cdcfcf
d3d5d5
d7d9d9
d4d6d6
ced0d0
c8caca
c6c8c8
c9cbcb
cfd1d1
d0d2d2
cfd1d1
d0d2d2
d2d4d4
d4d6d6
d3d5d5
d1d3d3
cdcfcf
cbcdcd
d6d6d6
dadada
dedede
e1e1e1
e1e1e1
dddddd
d7d7d7
d1d1d1
cccccc
c9c9c9
c7c7c7
c6c6c6
c5c5c5
c5c5c5
c4c4c4
c3c3c3
c4c4c4
c6c6c6
cacaca
cdcdcd
dadada
dedede
e3e3e3
e4e4e4
e2e2e2
dedede
d9d9d9
d3d3d3
cccccc
c6c6c6
c9c9c9
cacaca
cccccc
cfcfcf
d0d0d0
cfcfcf
cecece
d0d0d0
d8d8d8
dddddd
d8dada
dadcdc
dcdede
dadcdc
d3d5d5
cacccc
c1c3c3
bdbfbf
bbbdbd
bcbebe
c9cbcb
cdcfcf
cfd1d1
cfd1d1
cccece
cbcdcd
cccece
cdcfcf
cdcfcf
cbcdcd
c8caca
cdcfcf
d3d5d5
d7d9d9
d9dbdb
d6d8d8
d0d2d2
cbcdcd
c8caca
c6c8c8
c7c9c9
c5c7c7
c5c7c7
c8caca
cdcfcf
d0d2d2
ced0d0
cbcdcd
c6c8c8
c7c9c9
d3d3d3
d6d6d6
d9d9d9
dfdfdf
e1e1e1
dbdbdb
cfcfcf
c6c6c6
c4c4c4
c6c6c6
c7c7c7
cacaca
cecece
d1d1d1
d0d0d0
cbcbcb
c9c9c9
cccccc
d5d5d5
dddddd
e1e1e1
dedede
d9d9d9
d3d3d3
cdcdcd
cacaca
cacaca
cacaca
cccccc
cdcdcd
cecece
cecece
d1d1d1
d4d4d4
d7d7d7
d2d2d2
c8c8c8
c2c2c2
c3c3c3
c9c9c9
d1d1d1
d7d7d7
dbdbdb
d8d8d8
d0d0d0
c7c7c7
c2c2c2
c1c1c1
c2c2c2
c4c4c4
c1c1c1
bfbfbf
bfbfbf
c1c1c1
c4c4c4
c2c2c2
bfbfbf
c0c0c0
c6c6c6
cecece
d7d7d7
dcdcdc
dedede
dedede
d8d8d8
d4d4d4
d0d0d0
cbcbcb
c5c5c5
c0c0c0
bfbfbf
c3c3c3
c7c7c7
c6c6c6
c2c2c2
bdbdbd
bcbcbc
bcbcbc
bcbcbc
bdbdbd
c5c5c5
cacaca
d1d1d1
d8d8d8
dbdbdb
d5d5d5
cccccc
c4c4c4
c0c0c0
c1c1c1
c7c7c7
cbcbcb
cdcdcd
cdcdcd
cbcbcb
cacaca
cdcdcd
d2d2d2
d4d4d4
d5d5d5
d5d5d5
d5d5d5
d2d2d2
cecece
c8c8c8
c2c2c2
bebebe
bcbcbc
bcbcbc
bdbdbd
bdbdbd
bcbcbc
bababa
b8b8b8
b8b8b8
bababa
bdbdbd
c2c2c2
c6c6c6
c9c9c9
c6c8c8
c2c4c4
bdbfbf
babcbc
bdbfbf
c3c5c5
c9cbcb
cdcfcf
ced0d0
cccece
bfc1c1
b8baba
b1b3b3
acaeae
acaeae
adafaf
aeb0b0
b0b2b2
b3b5b5
b5b7b7
b1b3b3
adafaf
aeb0b0
b5b7b7
c1c3c3
cccece
cfd1d1
ced0d0
cacccc
c5c7c7
c0c2c2
b6b8b8
b2b4b4
b6b8b8
bdbfbf
bfc1c1
c2c4c4
c1c3c3
bec0c0
b6b8b8
b4b6b6
babcbc
c2c4c4
c9cbcb
cfd1d1
d1d3d3
d1d3d3
cccece
c4c6c6
bcbebe
bdbfbf
bcbebe
bbbdbd
c0c2c2
c4c6c6
c5c7c7
c2c4c4
bcbebe
b5b7b7
b3b5b5
babcbc
c1c3c3
c7c9c9
cacccc
c8caca
c4c6c6
bec0c0
b9bbbb
b4b6b6
b0b2b2
b2b4b4
b3b5b5
b4b6b6
b5b7b7
b6b8b8
b5b7b7
b5b7b7
b3b5b5
b0b2b2
afb1b1
b6b6b6
bdbdbd
c5c5c5
cacaca
cccccc
c9c9c9
c7c7c7
c1c1c1
bbbbbb
b5b5b5
aeaeae
adadad
b0b0b0
b3b3b3
b5b5b5
b6b6b6
b5b5b5
b8b8b8
bebebe
c2c3c3
c5c7c7
c6c8c8
c6c8c8
c5c7c7
c3c5c5
c1c3c3
c1c3c3
bec0c0
b9bbbb
b3b5b5
afb1b1
b3b5b5
b8baba
bcbebe
bcbebe
b9bbbb
b8baba
babcbc
bec0c0
c2c4c4
c3c5c5
bfc1c1
b8baba
b3b5b5
b1b3b3
b3b5b5
b6b8b8
b9bbbb
b9bbbb
b9bbbb
bdbfbf
c2c4c4
cacccc
d1d3d3
d5d7d7
d6d8d8
d3d5d5
d0d2d2
ced0d0
cccece
cacaca
c5c5c5
c1c1c1
bfbfbf
c1c1c1
c3c3c3
c5c5c5
c8c8c8
cbcbcb
cdcdcd
cdcdcd
d1d1d1
d7d7d7
dbdbdb
dddddd
dadada
d6d6d6
d2d2d2
cecece
cdcdcd
cfcfcf
cfcfcf
d1d1d1
d6d6d6
dddddd
e0e0e0
e0e0e0
dddddd
dcdcdc
dcdcdc
d6d6d6
d2d2d2
d1d1d1
d2d2d2
d7d7d7
d9d9d9
d7d7d7
d4d4d4
d1d1d1
cecece
c4c4c4
c8c8c8
d0d0d0
d9d9d9
dfdfdf
e1e1e1
dddddd
d7d7d7
d0d0d0
cbcbcb
cdcdcd
d2d2d2
d9d9d9
dbdbdb
d8d8d8
cdcdcd
c4c4c4
c3c3c3
c8c8c8
d1d1d1
dddddd
e1e1e1
dfdfdf
d9d9d9
cfcfcf
c9c9c9
cccccc
d4d4d4
dddddd
e4e4e4
e7e7e7
e0e0e0
d5d5d5
cbcbcb
c7c7c7
c7c7c7
cbcbcb
cdcdcd
cecece
cecece
cccccc
cbcbcb
c9c9c9
c6c6c6
c3c3c3
c6c6c6
cccccc
d2d2d2
d4d4d4
d2d2d2
c8c8c8
c5c5c5
c3c3c3
c3c3c3
c4c4c4
c7c7c7
cacaca
cacaca
c9c9c9
c8c8c8
cbcbcb
cacaca
c9c9c9
c8c8c8
c7c7c7
c8c8c8
c7c7c7
c7c7c7
c5c5c5
c3c3c3
c1c1c1
c0c0c0
c1c1c1
c3c3c3
c6c6c6
cacaca
cbcbcb
cacaca
c8c8c8
c7c7c7
c8c8c8
c6c6c6
c4c4c4
c3c3c3
c4c4c4
c4c4c4
c3c3c3
c0c0c0
bbbbbb
b9b9b9
c0c0c0
c5c5c5
cacaca
cdcdcd
cecece
d1d1d1
d2d2d2
d0d0d0
cccccc
c7c7c7
c2c3c1
c5c6c4
c7c8c6
c6c7c5
c3c4c2
c5c6c4
cbccca
cfd0ce
cdcecc
cbccca
cacbc9
c9cac8
c9cac8
cccdcb
cfd0ce
cfd0ce
cbccca
c5c6c4
c3c4c2
c2c3c1
bfbfbf
bfbfbf
c0c0c0
c0c0c0
c1c1c1
c2c2c2
c3c3c3
c3c3c3
c4c4c4
c5c5c5
c5c5c5
c8c8c8
cccccc
cfcfcf
d2d2d2
d0d0d0
cecece
cbcbcb
cacaca
c9c9c9
cdcdcd
c9c9c9
c5c5c5
c3c3c3
c3c3c3
c5c5c5
c6c6c6
c9c9c9
cecece
d2d2d2
d5d5d5
d3d3d3
d0d0d0
cdcdcd
c8c8c8
c4c4c4
c1c1c1
c1c1c1
c2c2c2
c4c4c4
bebebe
c0c0c0
c1c1c1
c1c1c1
c1c1c1
c3c3c3
c7c7c7
cbcbcb
cccccc
cbcbcb
cacaca
c7c7c7
c3c3c3
c0c0c0
bebebe
bfbfbf
c0c0c0
c2c2c2
c3c3c3
c4c4c4
c3c3c3
c5c5c5
c9c9c9
cdcdcd
d1d1d1
d4d4d4
d4d4d4
d1d1d1
cdcdcd
cacaca
c5c5c5
c1c1c1
bfbfbf
c2c2c2
c8c8c8
cbcbcb
c8c8c8
c7c7c7
c9c9c9
cccccc
c8c8c8
c9c9c9
c9c9c9
c8c8c8
c8c8c8
cccccc
d0d0d0
d2d2d2
d1d1d1
cdcdcd
c8c8c8
c8c8c8
c8c8c8
c6c6c6
c4c4c4
c1c1c1
c0c0c0
c0c0c0
c2c2c2
c3c3c3
c0c2c2
c0c2c2
c1c3c3
c5c7c7
cbcdcd
cfd1d1
d1d3d3
d0d2d2
cccece
c8caca
cccece
cbcdcd
c9cbcb
c7c9c9
c5c7c7
c4c6c6
c5c7c7
c6c8c8
c9cbcb
cacccc
c8caca
cacccc
d0d2d2
d5d7d7
d7d9d9
d1d3d3
c9cbcb
c2c4c4
c1c3c3
c2c4c4
c9cbcb
c9cbcb
c8caca
c6c8c8
c6c8c8
c6c8c8
c7c9c9
c9cbcb
cccece
cdcfcf
d1d1d1
d1d1d1
d2d2d2
d4d4d4
d6d6d6
d6d6d6
d5d5d5
d1d1d1
cdcdcd
cacaca
c5c5c5
c4c4c4
c4c4c4
c5c5c5
c5c5c5
c7c7c7
c8c8c8
c9c9c9
cacaca
cbcbcb
cacaca
d1d1d1
d7d7d7
d8d8d8
d5d5d5
d1d1d1
cfcfcf
cccccc
c5c5c5
bfbfbf
c1c1c1
c1c1c1
c1c1c1
c3c3c3
c4c4c4
c2c2c2
c5c5c5
cccccc
d7d7d7
e0e0e0
dddfdf
dcdede
dbdddd
d7d9d9
d2d4d4
cccece
c6c8c8
c2c4c4
c1c3c3
c1c3c3
c8caca
cccece
cdcfcf
cbcdcd
c8caca
c7c9c9
c9cbcb
cccece
cdcfcf
cdcfcf
cfd1d1
d3d5d5
d8dada
dcdede
dddfdf
d9dbdb
d3d5d5
cdcfcf
c9cbcb
c8caca
c7c9c9
c6c8c8
c8caca
cccece
d1d3d3
d3d5d5
d1d3d3
ced0d0
cccece
cccece
d3d3d3
d5d5d5
dadada
e2e2e2
e5e5e5
e3e3e3
d9d9d9
cfcfcf
c8c8c8
c6c6c6
c4c4c4
cccccc
d3d3d3
d6d6d6
d3d3d3
cfcfcf
d1d1d1
d7d7d7
dedede
e2e2e2
dfdfdf
dedede
dadada
d3d3d3
cccccc
c9c9c9
c9c9c9
cbcbcb
cccccc
cbcbcb
d0d0d0
d1d1d1
d4d4d4
d8d8d8
d8d8d8
d2d2d2
cacaca
c7c7c7
cacaca
d0d0d0
d6d6d6
dadada
dbdbdb
d7d7d7
cecece
c4c4c4
bdbdbd
bababa
bbbbbb
bdbdbd
c2c2c2
c2c2c2
c2c2c2
c4c4c4
c5c5c5
c4c4c4
c2c2c2
c4c4c4
cbcbcb
d1d1d1
d3d3d3
d7d7d7
dadada
d7d7d7
d2d2d2
cecece
cecece
cacaca
c1c1c1
bababa
bcbcbc
c1c1c1
c4c4c4
c6c6c6
c5c5c5
c3c3c3
c3c3c3
c5c5c5
c7c7c7
cacaca
d5d5d5
d9d9d9
dddddd
e0e0e0
dfdfdf
d9d9d9
d1d1d1
cbcbcb
c7c7c7
c7c7c7
cccccc
cecece
d0d0d0
d0d0d0
cecece
d1d1d1
d5d5d5
d9d9d9
dbdbdb
dbdbdb
d8d8d8
d5d5d5
d3d3d3
cfcfcf
cbcbcb
c7c7c7
c5c5c5
c3c3c3
c3c3c3
c2c2c2
c4c4c4
c5c5c5
c6c6c6
c7c7c7
c9c9c9
cccccc
cfcfcf
d0d0d0
d1d1d1
d2d2d2
ced0d0
cacccc
c4c6c6
bec0c0
bcbebe
bfc1c1
c1c3c3
c5c7c7
c8caca
c9cbcb
c4c6c6
c0c2c2
bdbfbf
bbbdbd
bcbebe
bec0c0
c0c2c2
c3c5c5
c5c7c7
c5c7c7
bec0c0
b8baba
b6b8b8
babcbc
c6c8c8
d1d3d3
d5d7d7
d4d6d6
d0d2d2
cccece
c5c7c7
bcbebe
babcbc
c0c2c2
c7c9c9
c9cbcb
c9cbcb
c8caca
c5c7c7
bdbfbf
bbbdbd
bec0c0
c5c7c7
cccece
d4d6d6
d9dbdb
dadcdc
d6d8d8
d0d2d2
cbcdcd
c7c9c9
c4c6c6
c3c5c5
c6c8c8
cccece
d0d2d2
cdcfcf
c6c8c8
bbbdbd
b4b6b6
bcbebe
c4c6c6
cbcdcd
d2d4d4
d2d4d4
ced0d0
c6c8c8
bec0c0
b7b9b9
b3b5b5
b7b9b9
b8baba
babcbc
bbbdbd
bdbfbf
bec0c0
bec0c0
babcbc
b5b7b7
b1b3b3
b5b5b5
bdbdbd
c6c6c6
cdcdcd
d0d0d0
d2d2d2
d1d1d1
cccccc
c6c6c6
c0c0c0
b3b3b3
b3b3b3
b6b6b6
b9b9b9
bababa
b6b6b6
b4b4b4
b5b5b5
b9b9b9
bfbfbf
c1c3c3
c5c7c7
c6c8c8
c7c9c9
c5c7c7
c4c6c6
c4c6c6
c0c2c2
bbbdbd
b5b7b7
b2b4b4
b4b6b6
b4b6b6
b3b5b5
afb1b1
aaacac
a9abab
abadad
afb1b1
b3b5b5
b2b4b4
b3b5b5
b2b4b4
afb1b1
acaeae
aaacac
abadad
adafaf
aeb0b0
aeb0b0
b3b5b5
b8baba
bdbfbf
c2c4c4
c5c7c7
c7c9c9
c6c8c8
c3c5c5
c1c3c3
c0c1c1
bcbbbb
b8b8b8
b7b7b7
b9b9b9
bbbbbb
bcbcbc
bcbcbc
bdbdbd
bfbfbf
c1c1c1
c6c6c6
c9c9c9
cecece
d1d1d1
d2d2d2
cfcfcf
cbcbcb
c8c8c8
c7c7c7
c6c6c6
c4c4c4
c5c5c5
c8c8c8
cdcdcd
d3d3d3
d7d7d7
d8d8d8
d7d7d7
d6d6d6
d5d5d5
d1d1d1
d1d1d1
d4d4d4
d8d8d8
dbdbdb
dadada
d4d4d4
d0d0d0
cecece
cccccc
c1c1c1
c3c3c3
c9c9c9
cfcfcf
d6d6d6
dadada
dadada
d9d9d9
d8d8d8
d6d6d6
dcdcdc
dedede
e0e0e0
dfdfdf
dadada
d1d1d1
c8c8c8
c5c5c5
c8c8c8
cdcdcd
d3d3d3
d9d9d9
dcdcdc
dbdbdb
d7d7d7
d4d4d4
d7d7d7
dedede
e4e4e4
e9e9e9
ebebeb
e4e4e4
dadada
d1d1d1
cacaca
c8c8c8
c8c8c8
cacaca
cdcdcd
cecece
cfcfcf
cfcfcf
cccccc
c9c9c9
c8c8c8
cbcbcb
d2d2d2
dadada
dddddd
dcdcdc
d0d0d0
cacaca
c4c4c4
c1c1c1
c1c1c1
c5c5c5
cacaca
cbcbcb
cacaca
c9c9c9
cacaca
c9c9c9
c9c9c9
cacaca
cccccc
cecece
cfcfcf
cfcfcf
cfcfcf
cecece
c8c8c8
c6c6c6
c4c4c4
c3c3c3
c4c4c4
c7c7c7
c9c9c9
cbcbcb
cbcbcb
cbcbcb
cdcdcd
c9c9c9
c5c5c5
c3c3c3
c5c5c5
cbcbcb
d0d0d0
d0d0d0
cccccc
c6c6c6
bfbfbf
bfbfbf
c1c1c1
c3c3c3
c6c6c6
cbcbcb
cdcdcd
cecece
cbcbcb
c8c8c8
c7c8c6
c6c7c5
c4c5c3
bfc0be
bdbebc
c2c3c1
cbccca
d1d2d0
d4d5d3
d2d3d1
cecfcd
cacbc9
c8c9c7
c7c8c6
c8c9c7
c7c8c6
c5c6c4
c2c3c1
c0c1bf
c0c1bf
bcbcbc
bababa
bababa
bcbcbc
c0c0c0
c4c4c4
c8c8c8
c8c8c8
c8c8c8
c6c6c6
c2c2c2
c2c2c2
c2c2c2
c4c4c4
c7c7c7
c9c9c9
c8c8c8
c4c4c4
c0c0c0
bebebe
c4c4c4
c3c3c3
c0c0c0
c1c1c1
c2c2c2
c2c2c2
c0c0c0
bfbfbf
c1c1c1
c4c4c4
c9c9c9
c9c9c9
c8c8c8
c5c5c5
c2c2c2
bebebe
bcbcbc
bdbdbd
bdbdbd
bdbdbd
bebebe
bfbfbf
bfbfbf
bebebe
bebebe
bebebe
c0c0c0
c2c2c2
c3c3c3
c4c4c4
c4c4c4
c1c1c1
bebebe
bcbcbc
bbbbbb
bdbdbd
bebebe
c0c0c0
c1c1c1
c2c2c2
bfbfbf
c1c1c1
c4c4c4
c8c8c8
cbcbcb
cecece
cecece
cbcbcb
c7c7c7
c5c5c5
c1c1c1
bfbfbf
bfbfbf
c1c1c1
c2c2c2
c1c1c1
bebebe
bdbdbd
bfbfbf
c3c3c3
c3c3c3
c3c3c3
c1c1c1
c0c0c0
c2c2c2
c7c7c7
cccccc
cacaca
c5c5c5
bfbfbf
bebebe
bfbfbf
bfbfbf
bfbfbf
bebebe
bcbcbc
bababa
bbbbbb
bbbbbb
bababa
b6b8b8
b8baba
bcbebe
c1c3c3
c8caca
cfd1d1
cfd1d1
cccece
c7c9c9
c2c4c4
c5c7c7
c5c7c7
c5c7c7
c3c5c5
c1c3c3
bec0c0
bcbebe
bdbfbf
bfc1c1
c1c3c3
c3c5c5
c7c9c9
ced0d0
d3d5d5
d4d6d6
cfd1d1
c6c8c8
c1c3c3
c1c3c3
c3c5c5
c3c5c5
c3c5c5
c4c6c6
c3c5c5
c1c3c3
c0c2c2
c0c2c2
c4c6c6
c8caca
cacccc
cdcdcd
cbcbcb
cacaca
c9c9c9
c9c9c9
c9c9c9
c8c8c8
c7c7c7
c7c7c7
c5c5c5
c4c4c4
c3c3c3
c2c2c2
c1c1c1
c1c1c1
c5c5c5
c9c9c9
cacaca
c9c9c9
c7c7c7
bababa
c1c1c1
c8c8c8
cbcbcb
c8c8c8
c5c5c5
c6c6c6
c5c5c5
c1c1c1
bdbdbd
c0c0c0
c1c1c1
c1c1c1
c2c2c2
c2c2c2
bdbdbd
bcbcbc
c0c0c0
c9c9c9
d2d2d2
d3d5d5
d2d4d4
d0d2d2
cdcfcf
c8caca
c4c6c6
c1c3c3
bfc1c1
bdbfbf
bec0c0
c4c6c6
c7c9c9
c7c9c9
c6c8c8
c3c5c5
c3c5c5
c5c7c7
c7c9c9
c8caca
c8caca
cccece
d1d3d3
d6d8d8
dadcdc
dbdddd
d7d9d9
d0d2d2
cbcdcd
c7c9c9
c4c6c6
c1c3c3
c3c5c5
c7c9c9
cbcdcd
ced0d0
cbcdcd
c7c9c9
c6c8c8
c7caca
cccdcd
d0d0d0
d2d2d2
d7d7d7
dddddd
e3e3e3
e2e2e2
d9d9d9
d0d0d0
c9c9c9
c3c3c3
bfbfbf
c7c7c7
cecece
cfcfcf
cdcdcd
cecece
d5d5d5
dcdcdc
dfdfdf
dedede
d7d7d7
d5d5d5
d2d2d2
cbcbcb
c4c4c4
c2c2c2
c4c4c4
c8c8c8
c9c9c9
c8c8c8
cdcdcd
cccccc
cdcdcd
cdcdcd
c9c9c9
c4c4c4
c0c0c0
c2c2c2
c8c8c8
cecece
d6d6d6
d5d5d5
d3d3d3
cecece
c9c9c9
c4c4c4
c0c0c0
bebebe
bdbdbd
bebebe
c5c5c5
c5c5c5
c4c4c4
c5c5c5
c4c4c4
c2c2c2
c2c2c2
c6c6c6
cdcdcd
d2d2d2
cfcfcf
d1d1d1
d2d2d2
cecece
c9c9c9
c7c7c7
c8c8c8
c6c6c6
c0c0c0
b9b9b9
bbbbbb
bdbdbd
c0c0c0
c3c3c3
c4c4c4
c4c4c4
c5c5c5
c9c9c9
cecece
d3d3d3
e3e3e3
e5e5e5
e4e4e4
e1e1e1
dcdcdc
d6d6d6
d0d0d0
cccccc
cacaca
c9c9c9
cacaca
cbcbcb
cccccc
cbcbcb
cacaca
cdcdcd
d1d1d1
d5d5d5
d6d6d6
d6d6d6
d0d0d0
cbcbcb
c6c6c6
c2c2c2
c1c1c1
c3c3c3
c3c3c3
c2c2c2
bfbfbf
bebebe
c1c1c1
c3c3c3
c7c7c7
cccccc
d3d3d3
d7d7d7
d7d7d7
d5d5d5
d2d2d2
cfcfcf
ced0d0
cbcdcd
c5c7c7
bfc1c1
bbbdbd
bbbdbd
bcbebe
bfc1c1
c2c4c4
c4c6c6
c1c3c3
c3c5c5
c4c6c6
c8caca
cbcdcd
cfd1d1
d0d2d2
d1d3d3
d1d3d3
ced0d0
c8caca
c2c4c4
bec0c0
bec0c0
c3c5c5
c7c9c9
c9cbcb
c9cbcb
c9cbcb
c9cbcb
c5c7c7
c2c4c4
c5c7c7
cccece
d2d4d4
d0d2d2
cfd1d1
ced0d0
cbcdcd
c7c9c9
c6c8c8
c7c9c9
c9cbcb
cdcfcf
d3d5d5
d8dada
dadcdc
dadcdc
d8dada
d6d8d8
d7d9d9
d5d7d7
d3d5d5
d3d5d5
d6d8d8
dadcdc
d7d9d9
cfd1d1
c2c4c4
babcbc
c1c3c3
c8caca
d0d2d2
d7d9d9
dadcdc
d8dada
d0d2d2
c9cbcb
c3c5c5
c0c2c2
c5c7c7
c8caca
cacccc
cbcdcd
cccece
ced0d0
cfd1d1
cccece
c5c7c7
bfc1c1
bebebe
c5c5c5
cecece
d5d5d5
dadada
dedede
dfdfdf
dcdcdc
d6d6d6
d0d0d0
c0c0c0
bebebe
c0c0c0
c1c1c1
c2c2c2
bebebe
b9b9b9
b8b8b8
bababa
bebebe
c5c7c7
cacccc
ced0d0
d0d2d2
d0d2d2
ced0d0
cdcfcf
c8caca
c3c5c5
bec0c0
b9bbbb
babcbc
b9bbbb
b7b9b9
b3b5b5
afb1b1
afb1b1
b2b4b4
b6b8b8
babcbc
b6b8b8
bbbdbd
bec0c0
bbbdbd
b3b5b5
acaeae
aaacac
adafaf
b1b3b3
b4b6b6
b5b7b7
b4b6b6
b3b5b5
b3b5b5
b7b9b9
bdbfbf
c1c3c3
c1c3c3
c1c3c3
c0c2c2
bcbdbd
b8b8b8
b5b5b5
b6b6b6
b9b9b9
bdbdbd
bdbdbd
bcbcbc
bbbbbb
bbbbbb
bcbcbc
bbbbbb
bcbcbc
bebebe
c0c0c0
c3c3c3
c2c2c2
bfbfbf
bbbbbb
b9b9b9
b9b9b9
bbbbbb
bebebe
c2c2c2
c7c7c7
cbcbcb
cdcdcd
cccccc
cbcbcb
c9c9c9
c5c5c5
c7c7c7
cdcdcd
d3d3d3
d6d6d6
d4d4d4
cbcbcb
c4c4c4
c0c0c0
bebebe
b8b8b8
bababa
bdbdbd
c1c1c1
c6c6c6
cacaca
cecece
d1d1d1
d2d2d2
d5d5d5
dcdcdc
dadada
d7d7d7
d4d4d4
d2d2d2
cdcdcd
c8c8c8
c5c5c5
c4c4c4
c5c5c5
c4c4c4
c7c7c7
cccccc
cfcfcf
cfcfcf
d2d2d2
d7d7d7
dbdbdb
dddddd
dddddd
dbdbdb
d7d7d7
d1d1d1
cacaca
c6c6c6
c3c3c3
c4c4c4
c5c5c5
c7c7c7
c8c8c8
cccccc
cdcdcd
cccccc
cacaca
c9c9c9
cccccc
d2d2d2
d7d7d7
d7d7d7
d6d6d6
cecece
c7c7c7
c1c1c1
bcbcbc
bbbbbb
bfbfbf
c4c4c4
c6c6c6
c5c5c5
c4c4c4
c8c8c8
c9c9c9
cacaca
cdcdcd
d0d0d0
d4d4d4
d6d6d6
d6d6d6
d7d7d7
d6d6d6
d0d0d0
cccccc
c9c9c9
c6c6c6
c6c6c6
c7c7c7
c8c8c8
cbcbcb
cdcdcd
cdcdcd
c9c9c9
c8c8c8
c6c6c6
c6c6c6
cbcbcb
d5d5d5
dedede
dfdfdf
dadada
d3d3d3
c7c7c7
c4c4c4
c2c2c2
c2c2c2
c4c4c4
c8c8c8
cacaca
cccccc
cbcbcb
cbcbcb
cecfcd
cccdca
c7c8c6
c3c4c2
c1c2c0
c6c7c5
cfd0ce
d6d7d5
dadbd9
dadbd9
d6d7d5
cfd0ce
c9cac8
c4c5c3
c4c5c3
c4c5c3
c4c5c3
c3c4c2
c5c6c4
c6c7c5
bfbfbf
bcbcbc
bcbcbc
bdbdbd
c3c3c3
cacaca
d0d0d0
d2d2d2
d2d2d2
cfcfcf
c6c6c6
c3c3c3
c1c1c1
c0c0c0
c1c1c1
c5c5c5
c5c5c5
c2c2c2
bcbcbc
b9b9b9
b8b8b8
bababa
bebebe
c3c3c3
c7c7c7
c6c6c6
bfbfbf
b9b9b9
b6b6b6
b7b7b7
c3c3c3
c5c5c5
c5c5c5
c4c4c4
c3c3c3
c0c0c0
bebebe
bcbcbc
bcbcbc
bcbcbc
c0c0c0
c1c1c1
bfbfbf
bdbdbd
bcbcbc
bababa
bababa
bbbbbb
bcbcbc
bebebe
c2c2c2
bfbfbf
bcbcbc
b9b9b9
b9b9b9
bababa
bdbdbd
c0c0c0
c2c2c2
c2c2c2
c0c0c0
bfbfbf
c0c0c0
c0c0c0
c2c2c2
c4c4c4
c4c4c4
c4c4c4
c2c2c2
c1c1c1
bfbfbf
bdbdbd
bbbbbb
bcbcbc
bebebe
bebebe
bcbcbc
bbbbbb
bcbcbc
bcbcbc
c1c1c1
bfbfbf
bababa
b8b8b8
b8b8b8
bcbcbc
c0c0c0
c0c0c0
bbbbbb
b7b7b7
b8b8b8
b6b6b6
b5b5b5
b5b5b5
b9b9b9
bdbdbd
bebebe
bdbdbd
bababa
b6b7b7
b2b4b4
b3b5b5
b7b9b9
bcbebe
c4c6c6
cacccc
cbcdcd
c8caca
c3c5c5
bfc1c1
bfc1c1
bdbfbf
bcbebe
babcbc
babcbc
bbbdbd
bbbdbd
bbbdbd
bbbdbd
babcbc
bdbfbf
c0c2c2
c7c9c9
cccece
ced0d0
c9cbcb
c3c5c5
c0c2c2
c1c3c3
c3c5c5
bfc1c1
c1c3c3
c5c7c7
c8caca
c8caca
c5c7c7
c3c5c5
c2c4c4
c2c4c4
c2c4c4
c6c6c6
c7c7c7
c7c7c7
c5c5c5
c0c0c0
bcbcbc
bbbbbb
bdbdbd
c0c0c0
c4c4c4
c6c6c6
c6c6c6
c3c3c3
bfbfbf
bdbdbd
c0c0c0
c4c4c4
c7c7c7
c6c6c6
c4c4c4
b7b7b7
bababa
c0c0c0
c4c4c4
c4c4c4
c2c2c2
c1c1c1
c1c1c1
c2c2c2
c4c4c4
c8c8c8
cbcbcb
cdcdcd
cecece
cacaca
c2c2c2
bbbbbb
b9b9b9
bebebe
c4c4c4
cbcdcd
cbcdcd
c9cbcb
c7c9c9
c2c4c4
bec0c0
babcbc
b7b9b9
b5b7b7
b6b8b8
bec0c0
c2c4c4
c4c6c6
c3c5c5
c1c3c3
c0c2c2
c1c3c3
c1c3c3
c0c2c2
bfc1c1
c3c5c5
c8caca
ced0d0
d2d4d4
d3d5d5
cfd1d1
c9cbcb
c4c6c6
bfc1c1
bdbfbf
bdbfbf
c2c4c4
c8caca
cccece
cbcdcd
c4c6c6
bdbfbf
bbbdbd
bfc1c1
c6c8c8
cbcccc
cecece
d2d2d2
d5d5d5
d7d7d7
d4d4d4
cfcfcf
c7c7c7
c1c1c1
bebebe
bababa
c0c0c0
c4c4c4
c5c5c5
c4c4c4
c6c6c6
cecece
d5d5d5
d8d8d8
d5d5d5
cecece
cdcdcd
c9c9c9
c1c1c1
b9b9b9
b9b9b9
bebebe
c4c4c4
c6c6c6
c6c6c6
cccccc
cbcbcb
c8c8c8
c5c5c5
c2c2c2
bdbdbd
bcbcbc
bdbdbd
c1c1c1
c4c4c4
cccccc
c8c8c8
c4c4c4
c2c2c2
c2c2c2
c2c2c2
c3c3c3
c2c2c2
c2c2c2
c4c4c4
c8c8c8
c9c9c9
c9c9c9
c7c7c7
c5c5c5
c2c2c2
c2c2c2
c4c4c4
c9c9c9
cdcdcd
cccccc
cccccc
c9c9c9
c6c6c6
c3c3c3
c0c0c0
bfbfbf
bebebe
bdbdbd
bcbcbc
c0c0c0
c1c1c1
c4c4c4
c6c6c6
c6c6c6
c5c5c5
c5c5c5
c7c7c7
cdcdcd
d2d2d2
dedede
dfdfdf
dcdcdc
d5d5d5
cecece
c8c8c8
c7c7c7
c6c6c6
c6c6c6
c5c5c5
c8c8c8
cacaca
cacaca
c9c9c9
c6c6c6
c6c6c6
c8c8c8
cbcbcb
cccccc
cbcbcb
cacaca
c5c5c5
bfbfbf
bababa
b9b9b9
bcbcbc
bdbdbd
bcbcbc
b9b9b9
b8b8b8
b9b9b9
bcbcbc
c0c0c0
c6c6c6
cccccc
cfcfcf
cfcfcf
cbcbcb
c6c6c6
c2c2c2
c1c3c3
bfc1c1
bcbebe
b8baba
b7b9b9
b8baba
babcbc
bcbebe
bec0c0
c0c2c2
babcbc
bec0c0
c5c7c7
c9cbcb
cccece
cfd1d1
cfd1d1
ced0d0
cbcdcd
c8caca
c3c5c5
c0c2c2
bdbfbf
bbbdbd
babcbc
b8baba
b6b8b8
b7b9b9
b9bbbb
bdbfbf
bec0c0
bec0c0
c5c7c7
cfd1d1
d5d7d7
d1d3d3
cccece
cbcdcd
cacccc
c7c9c9
c9cbcb
c8caca
c8caca
cacccc
ced0d0
d0d2d2
d1d3d3
d1d3d3
d2d4d4
d5d7d7
dee0e0
dee0e0
dbdddd
d8dada
d7d9d9
d7d9d9
d4d6d6
cdcfcf
c4c6c6
bdbfbf
c1c3c3
c4c6c6
cacccc
d2d4d4
d7d9d9
d7d9d9
d3d5d5
d1d3d3
cfd1d1
cfd1d1
d4d6d6
d8dada
dadcdc
dadcdc
d8dada
d8dada
dadcdc
d8dada
d2d4d4
cbcdcd
c4c4c4
c8c8c8
cfcfcf
d6d6d6
dbdbdb
dfdfdf
e1e1e1
e0e0e0
dbdbdb
d5d5d5
cdcdcd
cbcbcb
cccccc
cccccc
cdcdcd
c8c8c8
c1c1c1
bdbdbd
bdbdbd
c1c1c1
c6c8c8
cbcdcd
d0d2d2
d2d4d4
d1d3d3
d0d2d2
ced0d0
cdcfcf
cacccc
c7c9c9
cbcdcd
cdcfcf
cdcfcf
cccece
c9cbcb
c4c6c6
c0c2c2
bec0c0
bdbfbf
bdbfbf
c3c5c5
cccece
d0d2d2
cccece
c1c3c3
b8baba
b6b8b8
babcbc
c0c2c2
c3c5c5
c0c2c2
b9bbbb
b2b4b4
adafaf
b1b3b3
babcbc
c2c4c4
c8caca
c9cbcb
c9cbcb
cbcccc
c4c4c4
bbbbbb
b6b6b6
b8b8b8
bebebe
bfbfbf
bfbfbf
bebebe
bdbdbd
b8b8b8
b5b5b5
b5b5b5
b8b8b8
bfbfbf
c7c7c7
c8c8c8
c3c3c3
b9b9b9
b2b2b2
b1b1b1
b4b4b4
b7b7b7
bababa
bcbcbc
c0c0c0
c2c2c2
c1c1c1
bebebe
bbbbbb
b6b6b6
b7b7b7
bcbcbc
c3c3c3
c8c8c8
c8c8c8
c2c2c2
b9b9b9
b2b2b2
afafaf
aeaeae
b0b0b0
b4b4b4
b8b8b8
bcbcbc
bfbfbf
c0c0c0
c0c0c0
bfbfbf
bfbfbf
c6c6c6
c4c4c4
c2c2c2
c3c3c3
c6c6c6
c6c6c6
c3c3c3
bebebe
bbbbbb
bbbbbb
c3c3c3
c4c4c4
c2c2c2
c0c0c0
bebebe
c1c1c1
c8c8c8
cdcdcd
cdcdcd
cccccc
c8c8c8
c6c6c6
c3c3c3
bfbfbf
bebebe
bfbfbf
bfbfbf
c0c0c0
c1c1c1
c3c3c3
c8c8c8
cbcbcb
cbcbcb
c9c9c9
c8c8c8
cbcbcb
cecece
cfcfcf
cecece
cccccc
c8c8c8
c3c3c3
bdbdbd
bababa
bababa
bebebe
c1c1c1
c2c2c2
c2c2c2
c1c1c1
c8c8c8
c9c9c9
cacaca
cccccc
cfcfcf
d4d4d4
d5d5d5
d5d5d5
d4d4d4
d3d3d3
cccccc
cbcbcb
cacaca
c6c6c6
c5c5c5
c5c5c5
c6c6c6
c7c7c7
c9c9c9
cacaca
c5c5c5
c9c9c9
cecece
d2d2d2
d7d7d7
dedede
e4e4e4
e2e2e2
dadada
d0d0d0
cacaca
c6c6c6
c4c4c4
c3c3c3
c5c5c5
c7c7c7
c8c8c8
c9c9c9
cacaca
cbcbcb
cdcecc
cccdcb
cccdcb
cbccca
cccdcb
d0d1cf
d4d5d3
d7d8d6
d7d8d6
d6d7d5
d7d8d6
d0d1cf
c8c9c7
c1c2c0
c0c1bf
c2c3c1
c4c5c3
c6c7c5
c9cac8
cccdcb
c7c7c7
c5c5c5
c6c6c6
c8c8c8
cecece
d4d4d4
dbdbdb
dcdcdc
dbdbdb
d8d8d8
cccccc
c8c8c8
c4c4c4
c2c2c2
c3c3c3
c7c7c7
c8c8c8
c7c7c7
c3c3c3
c0c0c0
bcbcbc
c0c0c0
c7c7c7
d0d0d0
d5d5d5
d2d2d2
c9c9c9
c0c0c0
bababa
bababa
c5c5c5
c7c7c7
c8c8c8
c8c8c8
c8c8c8
c7c7c7
c5c5c5
c4c4c4
c4c4c4
c5c5c5
cdcdcd
cbcbcb
c8c8c8
c5c5c5
c2c2c2
bebebe
bbbbbb
bdbdbd
c1c1c1
c3c3c3
c5c5c5
c2c2c2
bebebe
bbbbbb
bababa
bbbbbb
bebebe
c1c1c1
c4c4c4
c4c4c4
c3c3c3
c1c1c1
bfbfbf
bcbcbc
bbbbbb
bcbcbc
bdbdbd
bdbdbd
bdbdbd
bcbcbc
b7b7b7
b5b5b5
b5b5b5
b6b6b6
bbbbbb
bfbfbf
c2c2c2
c1c1c1
bfbfbf
bebebe
c5c5c5
c4c4c4
bfbfbf
b8b8b8
b4b4b4
b4b4b4
b7b7b7
b9b9b9
bababa
b8b8b8
b7b7b7
b4b4b4
b3b3b3
b6b6b6
bdbdbd
c5c5c5
cbcbcb
cbcbcb
c7c6c6
c1c1c1
b8baba
b7b9b9
b7b9b9
babcbc
bec0c0
c3c5c5
c4c6c6
c2c4c4
bec0c0
bbbdbd
bcbebe
bbbdbd
b8baba
b9bbbb
bcbebe
c1c3c3
c5c7c7
c4c6c6
c1c3c3
bfc1c1
bcbebe
bdbfbf
c1c3c3
c4c6c6
c6c8c8
c4c6c6
bfc1c1
bdbfbf
bec0c0
c0c2c2
c0c2c2
c4c6c6
cacccc
d0d2d2
d2d4d4
cfd1d1
cbcdcd
c5c7c7
c0c2c2
bec0c0
bfbfbf
c3c3c3
c5c5c5
c4c4c4
bfbfbf
b9b9b9
b8b8b8
bbbbbb
c0c0c0
c7c7c7
cbcbcb
cccccc
c9c9c9
c3c3c3
bdbdbd
bdbdbd
c1c1c1
c4c4c4
c3c3c3
c1c1c1
b9b9b9
b9b9b9
bdbdbd
c2c2c2
c6c6c6
c5c5c5
c3c3c3
c3c3c3
c8c8c8
d0d0d0
d8d8d8
dbdbdb
dddddd
dcdcdc
d6d6d6
cacaca
c0c0c0
bcbcbc
bfbfbf
c5c5c5
cccece
ced0d0
ced0d0
cdcfcf
c8caca
c3c5c5
bdbfbf
b9bbbb
b7b9b9
b9bbbb
c1c3c3
c6c8c8
cbcdcd
cccece
cacccc
c8caca
c7c9c9
c4c6c6
c1c3c3
bec0c0
c1c3c3
c5c7c7
cbcdcd
cfd1d1
d1d3d3
ced0d0
c8caca
c3c5c5
bfc1c1
bdbfbf
c3c5c5
c9cbcb
cfd1d1
d4d6d6
d3d5d5
cbcdcd
c1c3c3
bcbebe
bcbebe
c0c2c2
c7c7c7
cacaca
cccccc
cecece
cdcdcd
c9c9c9
c6c6c6
c2c2c2
c0c0c0
bfbfbf
c3c3c3
c6c6c6
c8c8c8
c7c7c7
c5c5c5
c2c2c2
c4c4c4
c7c7c7
cccccc
cecece
cccccc
cdcdcd
c8c8c8
bfbfbf
b6b6b6
b7b7b7
bfbfbf
c6c6c6
c9c9c9
c9c9c9
cccccc
cccccc
cccccc
cacaca
c9c9c9
c8c8c8
c6c6c6
c3c3c3
c2c2c2
c1c1c1
c4c4c4
c1c1c1
bebebe
bdbdbd
bfbfbf
c1c1c1
c2c2c2
c4c4c4
c7c7c7
cacaca
cecece
d1d1d1
d3d3d3
d2d2d2
cecece
c9c9c9
c6c6c6
c4c4c4
c3c3c3
c5c5c5
c7c7c7
c3c3c3
c1c1c1
c1c1c1
c3c3c3
bfbfbf
bbbbbb
bababa
bebebe
c4c4c4
cecece
d0d0d0
d2d2d2
d3d3d3
d3d3d3
cecece
c8c8c8
c5c5c5
c7c7c7
cbcbcb
cfcfcf
d0d0d0
cdcdcd
c7c7c7
c0c0c0
bebebe
c0c0c0
c2c2c2
c3c3c3
c4c4c4
cbcbcb
cecece
cfcfcf
cdcdcd
c7c7c7
c2c2c2
c2c2c2
c4c4c4
c5c5c5
c6c6c6
cacaca
c8c8c8
c4c4c4
bfbfbf
bcbcbc
bababa
bababa
bcbcbc
bebebe
bfbfbf
c1c1c1
bfbfbf
bebebe
bebebe
c0c0c0
c3c3c3
c4c4c4
c2c2c2
bfbfbf
bcbdbd
b7b9b9
b5b7b7
b3b5b5
b3b5b5
b5b7b7
babcbc
bcbebe
bdbfbf
bdbfbf
bbbdbd
b5b7b7
babcbc
bfc1c1
c1c3c3
c2c4c4
c4c6c6
c6c8c8
c7c9c9
c4c6c6
c2c4c4
bdbfbf
bbbdbd
b9bbbb
b8baba
b7b9b9
b4b6b6
b2b4b4
b1b3b3
b3b5b5
b6b8b8
b5b7b7
b4b6b6
bbbdbd
c6c8c8
ced0d0
cbcdcd
c6c8c8
c4c6c6
c0c2c2
bcbebe
c1c3c3
c2c4c4
c5c7c7
cacccc
cdcfcf
cbcdcd
c8caca
c6c8c8
c7c9c9
cbcdcd
d4d6d6
d6d8d8
d5d7d7
d1d3d3
cdcfcf
cacccc
c9cbcb
c7c9c9
c4c6c6
c1c3c3
bcbebe
bdbfbf
c0c2c2
c5c7c7
c8caca
c9cbcb
c9cbcb
cbcdcd
ced1d1
d3d5d5
d6d8d8
dcdede
dddfdf
dadcdc
d4d6d6
d1d3d3
d2d4d4
d1d3d3
cdcfcf
c8caca
c4c4c4
c7c7c7
cbcbcb
cecece
d0d0d0
d4d4d4
d6d6d6
d5d5d5
d0d0d0
cccccc
cecece
d1d1d1
d4d4d4
d5d5d5
d2d2d2
c9c9c9
c0c0c0
bcbcbc
bdbdbd
c1c1c1
c2c4c4
c5c7c7
c7c9c9
c7c9c9
c5c7c7
c5c7c7
c8caca
cacccc
cccece
ced0d0
d9dbdb
dbdddd
dadcdc
d8dada
d2d4d4
cbcdcd
c4c6c6
bfc1c1
babcbc
babcbc
c6c8c8
ced0d0
d2d4d4
d0d2d2
c9cbcb
c4c6c6
c8caca
ced0d0
d2d4d4
d5d7d7
d9dbdb
d2d4d4
c8caca
c0c2c2
bec0c0
c4c6c6
cdcfcf
d4d6d6
d8dada
dadcdc
d7d7d7
cecece
c4c4c4
bebebe
c0c0c0
c5c5c5
c7c7c7
c7c7c7
c7c7c7
c6c6c6
bfbfbf
bbbbbb
b9b9b9
bcbcbc
c5c5c5
cecece
d2d2d2
cecece
c6c6c6
bdbdbd
b6b6b6
b8b8b8
bcbcbc
bdbdbd
bebebe
c0c0c0
c2c2c2
c1c1c1
bdbdbd
b8b8b8
b1b1b1
aeaeae
b0b0b0
b6b6b6
bebebe
c5c5c5
c3c3c3
bdbdbd
b7b7b7
b3b3b3
b3b3b3
b6b6b6
b9b9b9
bcbcbc
bdbdbd
bdbdbd
bababa
b6b6b6
b1b1b1
afafaf
b5b5b5
b5b5b5
b6b6b6
b9b9b9
bcbcbc
bbbbbb
b8b8b8
b7b7b7
b6b6b6
bababa
c2c2c2
c1c1c1
bcbcbc
b7b7b7
b2b2b2
b2b2b2
b7b7b7
bebebe
c2c2c2
c3c3c3
c2c2c2
bfbfbf
bcbcbc
bababa
bababa
bdbdbd
bfbfbf
c0c0c0
c0c0c0
bfbfbf
c5c5c5
c7c7c7
c6c6c6
c4c4c4
c2c2c2
c3c3c3
c5c5c5
c6c6c6
c4c4c4
c2c2c2
bfbfbf
bebebe
bcbcbc
bcbcbc
bdbdbd
bfbfbf
c0c0c0
c1c1c1
c1c1c1
c0c0c0
c4c4c4
c5c5c5
c6c6c6
c8c8c8
cbcbcb
cecece
cecece
cdcdcd
cccccc
c9c9c9
c3c3c3
c3c3c3
c4c4c4
c3c3c3
c3c3c3
c2c2c2
c2c2c2
c3c3c3
c3c3c3
c4c4c4
c6c6c6
cecece
d5d5d5
d7d7d7
d8d8d8
d8d8d8
d9d9d9
d7d7d7
d0d0d0
c8c8c8
c2c2c2
c0c0c0
c0c0c0
c2c2c2
c5c5c5
c6c6c6
c4c4c4
c3c3c3
c6c6c6
c8c8c8
c8c9c7
c9cac8
cbccca
cecfcd
d0d1cf
d0d1cf
d0d1cf
cfd0ce
cfd0ce
d0d1cf
d0d1cf
c8c9c7
c0c1bf
bbbcba
bbbcba
bfc0be
c2c3c1
c5c6c4
c7c8c6
c9cac8
cacaca
cbcbcb
cecece
d2d2d2
d8d8d8
dddddd
dedede
dcdcdc
dadada
d7d7d7
cccccc
c7c7c7
c4c4c4
c2c2c2
c3c3c3
c8c8c8
cdcdcd
cecece
cfcfcf
cfcfcf
cdcdcd
d0d0d0
d6d6d6
dcdcdc
dfdfdf
dbdbdb
d2d2d2
cacaca
c6c6c6
c6c6c6
c8c8c8
c9c9c9
cacaca
cacaca
cacaca
cbcbcb
cccccc
cecece
cfcfcf
d2d2d2
dddddd
dbdbdb
d6d6d6
d1d1d1
cdcdcd
c8c8c8
c4c4c4
c4c4c4
c9c9c9
cfcfcf
cfcfcf
cccccc
c6c6c6
c1c1c1
bfbfbf
bfbfbf
c2c2c2
c6c6c6
c9c9c9
cacaca
c9c9c9
c7c7c7
c4c4c4
c0c0c0
bebebe
bebebe
bebebe
bfbfbf
bfbfbf
bebebe
b6b6b6
b6b6b6
b8b8b8
bcbcbc
c1c1c1
c6c6c6
cacaca
cbcbcb
cacaca
c8c8c8
cecece
cfcfcf
cbcbcb
c4c4c4
bababa
b5b5b5
b6b6b6
bababa
bfbfbf
c2c2c2
c2c2c2
c0c0c0
c0c0c0
c4c4c4
cacaca
d2d2d2
d8d8d8
d9d9d9
d7d7d7
d2d2d2
c5c7c7
c0c2c2
bdbfbf
bbbdbd
bbbdbd
bfc1c1
c1c3c3
c1c3c3
c0c2c2
bec0c0
c1c3c3
c2c4c4
c4c6c6
c7c9c9
cdcfcf
d3d5d5
d5d7d7
d1d3d3
cccece
c7c9c9
c2c4c4
bfc1c1
bfc1c1
c1c3c3
c3c5c5
c4c6c6
c2c4c4
c0c2c2
c1c3c3
c3c5c5
c7c9c9
cacccc
cfd1d1
d4d6d6
d7d9d9
d7d9d9
d2d4d4
cccece
c4c7c7
c1c3c3
c3c3c3
c6c5c5
c7c7c7
c6c6c6
c3c3c3
bebebe
bdbdbd
c1c1c1
c6c6c6
cccccc
d1d1d1
d4d4d4
d3d3d3
cdcdcd
c3c3c3
c1c1c1
c3c3c3
c4c4c4
c3c3c3
c0c0c0
bebebe
bbbbbb
bdbdbd
c4c4c4
cdcdcd
cdcdcd
c9c9c9
cacaca
d3d3d3
dfdfdf
e5e5e5
e7e7e7
e8e8e8
e5e5e5
dedede
d0d0d0
c6c6c6
c3c3c3
c7c7c7
cecece
d1d2d2
d4d6d6
d7d9d9
d8dada
d4d6d6
ced0d0
c8caca
c5c7c7
c3c5c5
c5c7c7
cfd1d1
d4d6d6
d9dbdb
dbdddd
dadcdc
d8d9d9
d5d7d7
d1d2d2
cccdcd
c8caca
c8caca
cccece
d2d4d4
d7d9d9
d9dbdb
d6d8d8
d1d3d3
cccece
c9cbcb
c7c9c9
cfd1d1
d3d5d5
d9dbdb
dfe1e1
dfe1e1
d8dada
cdcfcf
c4c6c6
bfc1c1
c0c1c1
c8c8c8
cccccc
cecece
cecece
cccccc
c9c9c9
c8c8c8
c9c9c9
cacaca
cccccc
d6d6d6
d9d9d9
d9d9d9
d6d6d6
d1d1d1
c8c8c8
c1c1c1
c2c2c2
c7c7c7
cfcfcf
d5d5d5
d5d5d5
d0d0d0
c7c7c7
bdbdbd
bdbdbd
c6c6c6
cfcfcf
d4d4d4
d2d2d2
cbcbcb
cdcdcd
d0d0d0
d3d3d3
d6d6d6
d7d7d7
d5d5d5
d0d0d0
c9c9c9
c5c5c5
c9c9c9
c7c7c7
c5c5c5
c5c5c5
c6c6c6
c4c4c4
c3c3c3
c5c5c5
cbcbcb
d2d2d2
d5d5d5
dadada
dedede
dedede
dadada
d3d3d3
cbcbcb
c6c6c6
c2c2c2
c0c0c0
c2c2c2
bebebe
bebebe
c2c2c2
c8c8c8
c6c6c6
c0c0c0
bfbfbf
c5c5c5
d1d1d1
dedede
dfdfdf
e0e0e0
e1e1e1
e0e0e0
d8d8d8
cdcdcd
c6c6c6
c4c4c4
c5c5c5
c7c7c7
c8c8c8
c7c7c7
c3c3c3
c0c0c0
c0c0c0
c4c4c4
c8c8c8
cacaca
c9c9c9
d0d0d0
d5d5d5
d6d6d6
d3d3d3
cbcbcb
c4c4c4
c1c1c1
c2c2c2
c3c3c3
c5c5c5
cbcbcb
cccccc
cccccc
c8c8c8
c2c2c2
bdbdbd
bcbcbc
c1c1c1
c8c8c8
cdcdcd
cfcfcf
cccccc
c4c4c4
bebebe
bbbbbb
bdbdbd
c0c0c0
c2c2c2
c3c3c3
c2c3c3
bbbdbd
b8baba
b8baba
b9bbbb
bcbebe
c1c3c3
c3c5c5
c2c4c4
bfc1c1
bbbdbd
b5b7b7
b8baba
bbbdbd
bcbebe
babcbc
bcbebe
c0c2c2
c4c6c6
c6c8c8
c4c6c6
bcbebe
b8baba
b8baba
b9bbbb
babcbc
babcbc
b8baba
b7b9b9
b8baba
b9bbbb
b1b3b3
adafaf
b1b3b3
bcbebe
c7c9c9
c6c8c8
c4c6c6
bfc1c1
b8baba
b1b3b3
b7b9b9
bdbfbf
c4c6c6
cccece
d0d2d2
cdcfcf
c5c7c7
c0c2c2
bfc1c1
c2c4c4
c6c8c8
c9cbcb
cacccc
c7c9c9
c3c5c5
c0c2c2
c2c4c4
c5c7c7
c7c9c9
c6c8c8
bcbebe
b9bbbb
b9bbbb
b9bbbb
bbbdbd
bcbebe
bdbebe
bfc1c1
c5c7c7
cccece
d0d2d2
d7d9d9
d8dada
d3d5d5
cacccc
c5c7c7
c5c7c7
c5c7c7
c1c3c3
bdbfbf
c2c3c3
c5c5c5
c6c6c6
c6c6c6
c6c6c6
c9c9c9
cbcbcb
cacaca
c5c5c5
c1c1c1
c5c5c5
cccccc
d2d2d2
d4d4d4
cfcfcf
c2c2c2
b6b6b6
b2b2b2
b6b6b6
bdbdbd
bcbebe
bec0c0
bdbfbf
bbbdbd
b9baba
babcbc
bfc1c1
c7c9c9
cdcfcf
d0d2d2
d5d7d7
d4d6d6
d1d3d3
cdcfcf
c8caca
c3c5c5
bfc1c1
bdbfbf
bdbfbf
bec0c0
bec0c0
c4c6c6
c9cbcb
cacccc
c8caca
cccece
d6d8d8
dddfdf
e0e2e2
dfe1e1
e4e6e6
dee0e0
d3d5d5
c9cbcb
c3c5c5
c3c5c5
c7c9c9
cdcfcf
d3d5d5
d6d8d8
dadada
d4d4d4
cfcfcf
cdcdcd
d0d0d0
d4d4d4
d5d5d5
d5d5d5
d4d4d4
d2d2d2
c9c9c9
c3c3c3
bfbfbf
bfbfbf
c5c5c5
cecece
d5d5d5
d6d6d6
d3d3d3
cdcece
c5c5c5
c8c8c8
cbcbcb
cccccc
cccccc
cdcdcd
cecece
cdcdcd
c8c8c8
c2c2c2
b9b9b9
b2b2b2
b1b1b1
b6b6b6
c1c1c1
cccccc
d0d0d0
cdcdcd
c7c7c7
c3c3c3
c8c8c8
c8c8c8
c9c9c9
c9c9c9
c7c7c7
c4c4c4
bebebe
b9b9b9
b4b4b4
b2b2b2
b9b9b9
bababa
bbbbbb
bababa
b8b8b8
b3b3b3
b1b1b1
b4b4b4
bcbcbc
c3c3c3
b9b9b9
b9b9b9
b7b7b7
b3b3b3
aeaeae
acacac
b0b0b0
b8b8b8
bebebe
c2c2c2
c4c4c4
c1c1c1
bcbcbc
b8b8b8
b9b9b9
bdbdbd
c0c0c0
c2c2c2
c2c2c2
c1c1c1
bdbdbd
bdbdbd
bbbbbb
b9b9b9
b6b6b6
b6b6b6
b8b8b8
b9b9b9
b8b8b8
b6b6b6
b5b5b5
b6b6b6
b8b8b8
b9b9b9
bababa
bbbbbb
bcbcbc
bcbcbc
bcbcbc
bcbcbc
bebebe
bfbfbf
c0c0c0
c2c2c2
c5c5c5
c8c8c8
c8c8c8
c7c7c7
c6c6c6
c3c3c3
bbbbbb
bcbcbc
bfbfbf
c0c0c0
c1c1c1
c1c1c1
c0c0c0
c0c0c0
c0c0c0
c1c1c1
c6c6c6
cecece
d2d2d2
cfcfcf
c9c9c9
c5c5c5
c7c7c7
c9c9c9
c6c6c6
c1c1c1
b6b6b6
b5b5b5
bababa
c0c0c0
c5c5c5
c4c4c4
c1c1c1
bfbfbf
c0c0c0
c4c5c4
c8c9c7
c9cac8
cacbc9
cacbc9
cacbc9
c7c8c6
c6c7c5
c7c8c6
cacbc9
cdcecc
c7c8c6
c0c1bf
b8b9b7
b5b6b4
b7b8b6
bdbebc
bfc0be
c2c3c1
c4c5c3
c5c6c4
c3c3c3
c6c6c6
cbcbcb
d1d1d1
d6d6d6
d8d8d8
d6d6d6
d2d2d2
cdcdcd
cacaca
c7c7c7
c3c3c3
c0c0c0
bfbfbf
c2c2c2
c8c8c8
cfcfcf
d4d4d4
d8d8d8
d9d9d9
d7d7d7
d8d8d8
dbdbdb
dedede
dedede
d9d9d9
d1d1d1
cbcbcb
cacaca
cccccc
c8c8c8
c8c8c8
c8c8c8
c8c8c8
c8c8c8
cacaca
cdcdcd
d2d2d2
d6d6d6
dbdbdb
e5e5e5
e1e1e1
dcdcdc
d6d6d6
d1d1d1
cbcbcb
c6c6c6
c7c7c7
cdcdcd
d4d4d4
d9d9d9
d5d5d5
cfcfcf
c9c9c9
c6c6c6
c6c6c6
c9c9c9
cdcdcd
d0d0d0
d2d2d2
d1d1d1
cecece
cbcbcb
c8c8c8
c5c5c5
c4c4c4
c3c3c3
c3c3c3
c3c3c3
c2c2c2
bebebe
c1c1c1
c6c6c6
cbcbcb
d1d1d1
d5d5d5
d7d7d7
d8d8d8
d8d8d8
d6d6d6
d6d6d6
d9d9d9
d7d7d7
cfcfcf
c4c4c4
bababa
b9b9b9
bfbfbf
c6c6c6
cccccc
cfcfcf
cfcfcf
d0d0d0
d3d3d3
d8d8d8
dddddd
dfdfdf
e0e0e0
e0e0e0
dedede
cfd1d1
c9cbcb
c3c5c5
bec0c0
bdbfbf
c0c2c2
c3c5c5
c6c8c8
c7c9c9
c7c9c9
cbcdcd
ced0d0
d3d5d5
d8dada
dee0e0
e1e3e3
dfe1e1
d9dbdb
d2d4d4
cccece
c7c9c9
c2c4c4
c0c2c2
c1c3c3
c5c7c7
c9cbcb
c9cbcb
c9cbcb
c9cbcb
cacccc
cdcfcf
ced0d0
d0d2d2
d4d6d6
d7d9d9
d9dbdb
d7d9d9
d1d3d3
cacdcd
c6c8c8
cbcbcb
cccccc
cccccc
cacaca
c8c8c8
c6c6c6
c6c6c6
c7c7c7
cacaca
cdcdcd
d5d5d5
dadada
dbdbdb
d6d6d6
cccccc
c5c5c5
c6c6c6
c6c6c6
c4c4c4
c0c0c0
bdbdbd
c1c1c1
c5c5c5
c7c7c7
c6c6c6
c7c7c7
cccccc
d2d2d2
d7d7d7
dadada
dedede
dfdfdf
dfdfdf
dcdcdc
d5d5d5
cdcdcd
c7c7c7
c6c6c6
c9c9c9
cdcdcd
d3d3d3
d8d8d8
dcdcdc
dddddd
d9d9d9
d3d3d3
cfcfcf
cfcfcf
d2d2d2
d7d7d7
dbdbdb
dddddd
e0e0e0
e5e5e5
e7e7e7
e4e4e4
dddddd
d5d5d5
cfcfcf
cbcbcb
cfd1d1
d0d2d2
d1d3d3
d4d6d6
d6d8d8
d8dada
d8dada
d5d7d7
d2d4d4
d0d2d2
d7d9d9
dadcdc
dddfdf
dee0e0
dee0e0
d9dbdb
d3d5d5
cdcfcf
c8caca
c8c9c9
d0d0d0
d2d2d2
d3d3d3
d4d4d4
d3d3d3
cdcdcd
cbcbcb
cfcfcf
d7d7d7
e0e0e0
e5e5e5
e4e4e4
e3e3e3
e1e1e1
dddddd
d8d8d8
d3d3d3
d2d2d2
d6d6d6
dcdcdc
dfdfdf
e1e1e1
dcdcdc
d3d3d3
c8c8c8
c9c9c9
d5d5d5
dedede
e0e0e0
dcdcdc
dbdbdb
dbdbdb
dcdcdc
dedede
e0e0e0
e3e3e3
e1e1e1
dcdcdc
d6d6d6
d0d0d0
cdcdcd
d0d0d0
d4d4d4
d3d3d3
cecece
cacaca
c9c9c9
cbcbcb
cecece
d2d2d2
d6d6d6
d7d7d7
dadada
dcdcdc
dcdcdc
d9d9d9
d3d3d3
cdcdcd
c7c7c7
c4c4c4
c7c7c7
c5c5c5
c5c5c5
cacaca
cfcfcf
cecece
cacaca
cacaca
cecece
d6d6d6
e4e4e4
e1e1e1
dadada
d9d9d9
dddddd
e0e0e0
d6d6d6
cacaca
c7c7c7
cbcbcb
c7c7c7
c7c7c7
cdcdcd
d3d3d3
d1d1d1
c4c4c4
c0c0c0
c8c8c8
d6d6d6
dedede
dadada
d9d9d9
d7d7d7
d4d4d4
d3d3d3
cecece
c8c8c8
c6c6c6
c8c8c8
cccccc
d3d3d3
d5d5d5
d5d5d5
d1d1d1
cacaca
c4c4c4
c3c3c3
c7c7c7
cfcfcf
d5d5d5
d3d3d3
d1d1d1
cdcdcd
c7c7c7
c3c3c3
c3c3c3
c7c7c7
c9c9c9
c8c8c8
c6c6c6
cacaca
c5c5c5
c0c0c0
bfbfbf
c4c4c4
cbcbcb
d0d0d0
cecece
c8c8c8
c2c2c2
bebebe
bcbcbc
bcbcbc
bdbdbd
c1c1c1
c7c7c7
cecece
d2d2d2
d5d5d5
d6d6d6
cecece
c7c7c7
c2c2c2
c0c0c0
c3c3c3
c8c8c8
c8c8c8
c7c7c7
c6c6c6
c4c4c4
b9b9b9
b4b4b4
b4b4b4
bcbcbc
c9c9c9
d4d4d4
d5d5d5
cecece
c4c4c4
bdbdbd
bcbcbc
c0c0c0
c9c9c9
d2d2d2
d7d7d7
d5d5d5
cccccc
c4c4c4
c0c0c0
bfbfbf
c3c3c3
cacaca
d0d0d0
d4d4d4
d5d5d5
d5d5d5
d5d5d5
d3d3d3
cecfcf
c8c8c8
c2c2c2
c2c2c2
c3c3c3
c3c3c3
c3c3c3
c1c1c1
c0c0c0
bebebe
bcbcbc
bcbcbc
c2c2c2
cdcdcd
d6d6d6
d9d9d9
d4d4d4
cfcfcf
cdcdcd
c9c9c9
c2c2c2
bcbcbc
bebebe
c2c2c2
c6c6c6
c8c8c8
c7c7c7
c3c3c3
c1c1c1
bebebe
bababa
b7b7b7
b9b9b9
c4c4c4
d0d0d0
d6d6d6
d2d2d2
c5c5c5
b8b8b8
b3b3b3
b4b4b4
b7b7b7
b9b9b9
bcbcbc
bebebe
bfbfbf
bcbcbc
b7b7b7
b8b8b8
bebebe
c6c6c6
cdcdcd
cfcfcf
cdcdcd
cbcbcb
c8c8c8
c6c6c6
c1c1c1
bbbbbb
b8b8b8
bababa
bcbcbc
b7b7b7
bcbcbc
c1c1c1
c5c5c5
c6c6c6
cbcbcb
d1d2d2
d8d8d8
dadada
dadada
dedede
dbdbdb
d4d4d4
cacaca
c1c1c1
bebebe
c1c1c1
c6c6c6
cacaca
cbcbcb
c9cbcb
cbcdcd
ced0d0
d3d5d5
d7d9d9
dadcdc
dbdddd
dadcdc
d7d9d9
d4d6d6
cacccc
c5c7c7
c1c3c3
bdbfbf
bdbfbf
c0c2c2
c5c7c7
cbcdcd
d1d3d3
d5d7d7
d4d4d4
d9d9d9
dedede
e1e1e1
e3e3e3
e6e6e6
e7e7e7
e4e4e4
dedede
d6d6d6
cdcdcd
c7c7c7
c1c1c1
bfbfbf
c4c4c4
cecece
d6d6d6
d9d9d9
d8d8d8
d6d6d6
d5d5d5
dbdbdb
e1e1e1
e0e0e0
d8d8d8
cdcdcd
c5c5c5
c0c0c0
bbbbbb
b8b8b8
b8b8b8
bcbcbc
c1c1c1
c2c2c2
c0c0c0
c0c0c0
c5c5c5
c9c9c9
cdcdcd
cecece
d2d2d2
cfcfcf
c7c7c7
bebebe
b5b5b5
afafaf
b1b1b1
b8b8b8
c2c2c2
cacaca
cacaca
c3c3c3
bebebe
bbbbbb
b9b9b9
b4b4b4
b8b8b8
c0c0c0
c6c6c6
c5c5c5
c5c5c5
c4c4c4
c1c1c1
bcbcbc
b9b9b9
bababa
bfbfbf
c4c4c4
c6c6c6
c5c5c5
bfbfbf
b9b9b9
b4b4b4
b4b4b4
b7b7b7
bcbcbc
bdbdbd
bdbdbd
bdbdbd
bebebe
bebebe
bababa
b6b6b6
b7b7b7
bcbcbc
c5c5c5
cbcbcb
cbcbcb
c8c8c8
c4c4c4
bbbbbb
b8b8b8
b7b7b7
b8b8b8
bcbcbc
c1c1c1
c7c7c7
c9c9c9
cacaca
c9c9c9
d0d0d0
d2d2d2
cecece
c5c5c5
bcbcbc
bcbcbc
c4c4c4
c9c9c9
c9c9c9
c2c2c2
bdbdbd
b9b9b9
b9b9b9
bebebe
c6c6c6
c9c9c9
c7c7c7
c6c6c6
c7c7c7
cbcbcb
c8c8c8
c9c9c9
c8c8c8
c4c4c4
c0c0c0
c1c1c1
c7c7c7
cecece
d3d3d3
d4d4d4
cfcfcf
c8c8c8
bfbfbf
b7b7b7
b6b6b6
b9b9b9
bebebe
c1c1c1
c2c2c2
c2c2c2
c0c1bf
bfc0bd
bdbebc
bebfbd
c2c3c1
c7c8c6
cbccca
c9cac8
c6c7c5
c2c3c1
bbbcba
babbb9
bcbdbb
bcbdbb
bebfbd
c4c5c3
cccdcb
d2d3d1
d4d5d3
d4d5d3
d3d3d3
d4d4d4
d7d7d7
d9d9d9
d9d9d9
d6d6d6
cfcfcf
cbcbcb
cacaca
cbcbcb
c7c7c7
c7c7c7
c6c6c6
c3c3c3
c0c0c0
c1c1c1
c9c9c9
d0d0d0
d6d6d6
d9d9d8
dedfdd
dbdcda
d5d6d4
cfd0ce
cacbc9
c7c8c6
c7c8c6
c9cac8
cccdcb
cecfcd
cfd0ce
d1d2d0
d0d1cf
cecfcd
cacbc9
c9cac8
cccdcb
cfd0ce
d2d3d1
d1d2d1
c9c9c9
cccccc
cccccc
c7c7c7
bfbfbf
bebebe
c3c3c3
c8c8c8
c9c9c9
c7c7c7
c6c6c6
cacaca
d2d2d2
dadada
e1e1e1
e3e3e3
e3e3e3
e0e0e0
dcdcdc
dadada
dadada
d4d4d4
cdcdcd
c9c9c9
c9c9c9
c8c8c8
c6c6c6
c7c7c7
c9c9c9
cdcdcd
d0d0d0
d3d3d3
d7d7d7
dcdcdc
e0e0e0
e3e3e3
e3e3e3
e0e0e0
dcdcdc
d9d9d9
ced0d0
c9cbcb
c4c6c6
c0c2c2
c0c2c2
c4c6c6
c6c8c8
c7c9c9
c6c8c8
c5c7c7
cccece
d2d4d4
d9dbdb
e1e3e3
e3e5e5
e1e3e3
dee0e0
d8dada
d3d5d5
ced0d0
c3c5c5
c2c4c4
c3c5c5
c3c5c5
c3c5c5
c5c7c7
c7c9c9
c9cbcb
c9cbcb
cacccc
cfd1d1
cdcfcf
cbcdcd
cacccc
cacccc
cccece
cccece
cacccc
c7c9c9
c4c6c6
c6c8c8
c7c9c9
c7c9c9
c7c9c9
c5c7c7
c3c5c5
c4c6c6
c7c9c9
cacccc
cdcfcf
ced0d0
cfd1d1
cfd1d1
cdcfcf
c8caca
c3c5c5
c1c3c3
c0c2c2
c2c4c4
c3c5c5
bcbcbc
bcbcbc
bebebe
c0c0c0
c1c1c1
c5c5c5
c7c7c7
cccccc
d2d2d2
d6d6d6
cfcfcf
cfcfcf
cfcfcf
cdcdcd
cacaca
c7c7c7
c5c5c5
c4c4c4
c4c4c4
c5c5c5
cccccc
d1d1d1
d4d4d4
d6d6d6
d5d5d5
d3d3d3
d2d2d2
d4d4d4
d8d8d8
dbdbdb
dcdcdc
dddddd
dedede
dfdfdf
dfdfdf
dcdcdc
d8d8d8
d2d2d2
cecece
cccccc
c7c9c9
c7c9c9
cacccc
cdcfcf
d1d3d3
d5d7d7
d6d8d8
d5d7d7
d3d5d5
d2d4d4
d8dada
dadcdc
dbdddd
dcdede
dbdddd
d6d8d8
d2d4d4
ced0d0
cbcdcd
cacccc
d2d3d3
d3d3d3
d4d4d4
d7d7d7
d7d7d7
d4d4d4
d2d2d2
d3d3d3
d8d8d8
dedede
e0e0e0
e1e1e1
e1e1e1
dfdfdf
dddddd
dbdbdb
dbdbdb
dddddd
e0e0e0
e2e2e2
e5e5e5
e9e9e9
e7e7e7
e0e0e0
d6d6d6
d5d5d5
dcdcdc
e2e2e2
e2e2e2
dfdfdf
e2e2e2
e1e1e1
dfdfdf
dfdfdf
e0e0e0
e2e2e2
e1e1e1
dedede
d9d9d9
d5d5d5
d1d1d1
d4d4d4
d6d6d6
d6d6d6
d4d4d4
d1d1d1
d0d0d0
d0d0d0
d2d2d2
d4d4d4
d4d4d4
d5d5d5
d7d7d7
d8d8d8
d8d8d8
d6d6d6
d3d3d3
cecece
c9c9c9
c7c7c7
cbcbcb
c9c9c9
c9c9c9
cecece
d4d4d4
d6d6d6
d3d3d3
d1d1d1
d3d3d3
d9d9d9
e0e0e0
dfdfdf
d9d9d9
d5d5d5
d6d6d6
dadada
d4d4d4
cccccc
c8c8c8
cccccc
cacaca
cacaca
d0d0d0
d5d5d5
d4d4d4
cacaca
c7c7c7
cfcfcf
dbdbdb
e1e1e1
dadada
d7d7d7
d5d5d5
d3d3d3
d2d2d2
cecece
c9c9c9
c8c8c8
cacaca
cecece
d7d7d7
dadada
dbdbdb
d8d8d8
d3d3d3
cdcdcd
cacaca
cccccc
d2d2d2
d7d7d7
d8d8d8
d3d3d3
cbcbcb
c6c6c6
c4c4c4
c6c6c6
c8c8c8
cbcbcb
cdcdcd
cecece
cecece
cbcbcb
c8c8c8
c8c8c8
cdcdcd
d4d4d4
d8d8d8
d6d6d6
d1d1d1
cbcbcb
c6c6c6
c4c4c4
c2c2c2
c1c1c1
c5c5c5
cbcbcb
d2d2d2
d7d7d7
dadada
dadada
d3d3d3
cecece
c9c9c9
c8c8c8
cbcbcb
cfcfcf
cfcfcf
cfcfcf
d0d0d0
d0d0d0
c6c6c6
c1c1c1
c1c1c1
c7c7c7
d2d2d2
dadada
dcdcdc
d9d9d9
d3d3d3
cecece
c6c6c6
c9c9c9
cfcfcf
d7d7d7
dbdbdb
dadada
d2d2d2
cbcbcb
c5c5c5
c4c4c4
cccccc
d3d3d3
dadada
e0e0e0
e2e2e2
e4e4e4
e4e4e4
e1e1e1
dcdcdc
d7d7d7
d6d6d6
d7d7d7
d7d7d7
d6d6d6
d5d5d5
d1d1d1
cacaca
c4c4c4
bfbfbf
bdbdbd
c8c8c8
d5d5d5
e0e0e0
e4e4e4
e3e3e3
dfdfdf
dadada
d2d2d2
c9c9c9
c1c1c1
c0c0c0
c3c3c3
c7c7c7
c9c9c9
c9c9c9
c7c7c7
c7c7c7
c4c4c4
bfbfbf
bcbcbc
bbbbbb
c5c5c5
d2d2d2
dadada
d9d9d9
cfcfcf
c4c4c4
bdbdbd
bababa
bcbcbc
c4c4c4
c8c8c8
cacaca
c9c9c9
c4c4c4
bebebe
b9b9b9
b9b9b9
bdbdbd
c1c1c1
cacaca
cbcbcb
c9c9c9
c8c8c8
c5c5c5
bebebe
b7b7b7
b3b3b3
b4b4b4
b7b7b7
bababa
bcbcbc
bebebe
bfbfbf
bdbdbd
bfbfbf
c3c3c3
c8c8c8
cacaca
cacaca
d0d0d0
cfcfcf
c8c8c8
c0c0c0
b9b9b9
b7b7b7
b9b9b9
bcbcbc
bdbdbd
bdbdbd
bcbebe
bec0c0
c1c3c3
c5c7c7
cdcfcf
d1d3d3
d1d3d3
cfd1d1
cccece
c7c9c9
c2c4c4
bec0c0
babcbc
b7b9b9
b6b8b8
b9bbbb
bec0c0
c4c6c6
cacccc
ced0d0
d2d2d2
d6d6d6
dbdbdb
dfdfdf
e0e0e0
e1e1e1
e2e2e2
e1e1e1
dcdcdc
d7d7d7
d0d0d0
cbcbcb
c5c5c5
c2c2c2
c3c3c3
c7c7c7
cdcdcd
d1d1d1
d4d4d4
d5d5d5
d7d7d7
dedede
e5e5e5
e5e5e5
dedede
d6d6d6
cfcfcf
cacaca
c7c7c7
c4c4c4
bbbbbb
bfbfbf
c5c5c5
c9c9c9
cccccc
cfcfcf
d5d5d5
d9d9d9
dbdbdb
dadada
dddddd
dbdbdb
d5d5d5
cfcfcf
c7c7c7
c1c1c1
c0c0c0
c1c1c1
c6c6c6
cacaca
cdcdcd
c7c7c7
c4c4c4
c4c4c4
c2c2c2
bdbdbd
c0c0c0
c9c9c9
d1d1d1
d2d2d2
cdcdcd
cccccc
c9c9c9
c4c4c4
c1c1c1
c4c4c4
cccccc
d3d3d3
d7d7d7
d8d8d8
d1d1d1
c9c9c9
c2c2c2
bfbfbf
c2c2c2
c8c8c8
cacaca
cbcbcb
cbcbcb
cbcbcb
c9c9c9
c4c4c4
bebebe
bbbbbb
bfbfbf
c7c7c7
cecece
d2d2d2
d1d1d1
cecece
c0c0c0
bcbcbc
bbbbbb
bababa
bebebe
c3c3c3
c9c9c9
cdcdcd
cfcfcf
d0d0d0
d2d2d2
d3d3d3
d1d1d1
cbcbcb
c7c7c7
c8c8c8
cecece
d5d5d5
d7d7d7
d4d4d4
cccccc
c7c7c7
c4c4c4
c5c5c5
c9c9c9
cfcfcf
d2d2d2
d4d4d4
d5d5d5
d6d6d6
d3d3d3
d3d3d3
d1d1d1
cccccc
c8c8c8
cacaca
d2d2d2
dadada
e0e0e0
e2e2e2
e0e0e0
d8d8d8
cecece
c5c5c5
c0c0c0
c0c0c0
c3c3c3
c7c7c7
cacaca
cbcbcb
c4c5c3
c0c1bf
bdbebc
bbbcba
bdbebc
c3c4c2
c9cac8
cccdcb
cdcecc
cccdcb
c7c8c6
c3c4c2
bdbebc
b9bab8
bbbcba
c2c3c1
cacbc9
cdcecc
cccdcb
c7c8c6
c5c5c5
c6c6c6
cacaca
cfcfcf
d1d1d1
cfcfcf
cbcbcb
c7c7c7
c6c6c6
c7c7c7
c7c7c7
c9c9c9
c8c8c8
c4c4c4
bfbfbf
bdbdbd
bebebe
c3c3c3
c7c7c7
cacac9
cfd0ce
cfd0ce
cdcecc
cbccca
c8c9c7
c4c5c3
c3c4c2
c3c4c2
c5c6c4
c6c7c5
c4c5c3
c5c6c4
c4c5c3
c2c3c1
c1c2c0
c4c5c3
c9cac8
cdcecc
cdcecc
cacbca
c4c4c4
c7c7c7
c8c8c8
c4c4c4
bfbfbf
bebebe
c2c2c2
c5c5c5
c3c3c3
bfbfbf
c0c0c0
c8c8c8
d3d3d3
dcdcdc
e0e0e0
e0e0e0
dddddd
dadada
d7d7d7
d5d5d5
cecece
c9c9c9
c5c5c5
c4c4c4
c4c4c4
c4c4c4
c3c3c3
c2c2c2
c2c2c2
c4c4c4
c8c8c8
cbcbcb
cfcfcf
d4d4d4
d9d9d9
dcdcdc
dcdcdc
d9d9d9
d5d5d5
d0d0d0
c6c8c8
c3c5c5
c3c5c5
c0c2c2
bec0c0
bbbdbd
babcbc
babcbc
b9bbbb
b9bbbb
c0c2c2
c5c7c7
cccece
d4d6d6
d8dada
d9dbdb
d6d8d8
d0d2d2
cacccc
c6c8c8
c5c7c7
c5c7c7
c5c7c7
c4c6c6
c3c5c5
c4c6c6
c4c6c6
c6c8c8
c6c8c8
c7c9c9
c9cbcb
c6c8c8
c3c5c5
c0c2c2
c0c2c2
c2c4c4
c2c4c4
c2c4c4
c1c3c3
c0c2c2
c0c2c2
c1c3c3
c1c3c3
c1c3c3
c0c2c2
bec0c0
bec0c0
c1c3c3
c4c6c6
c7c9c9
cccece
cacccc
c8caca
c6c8c8
c5c7c7
c3c5c5
c2c4c4
c2c4c4
c1c3c3
c0c2c2
b8b8b8
b4b4b4
b2b2b2
b6b6b6
bcbcbc
c0c0c0
c0c0c0
c1c1c1
c7c7c7
cccccc
cacaca
c9c9c9
c8c8c8
c7c7c7
c6c6c6
c6c6c6
c5c5c5
c2c2c2
c0c0c0
bfbfbf
c1c1c1
c3c3c3
c6c6c6
c9c9c9
cacaca
cbcbcb
cecece
d1d1d1
d5d5d5
d7d7d7
dbdbdb
dbdbdb
dadada
d7d7d7
d5d5d5
d2d2d2
d0d0d0
cecece
cbcbcb
c9c9c9
c1c3c3
c2c4c4
c4c6c6
c7c9c9
cccece
d0d2d2
d1d3d3
d1d3d3
d0d2d2
cfd1d1
d4d6d6
d6d8d8
d6d8d8
d6d8d8
d4d6d6
cfd1d1
cdcfcf
cbcdcd
cccece
cdcfcf
cfcfcf
cecece
cfcfcf
d1d1d1
d4d4d4
d5d5d5
d4d4d4
d2d2d2
d3d3d3
d5d5d5
d2d2d2
d5d5d5
d7d7d7
d5d5d5
d1d1d1
d2d2d2
d7d7d7
dcdcdc
dbdbdb
d8d8d8
dadada
e0e0e0
e3e3e3
e1e1e1
d9d9d9
d6d6d6
dadada
dedede
dedede
dbdbdb
dfdfdf
dddddd
dadada
d9d9d9
d9d9d9
dadada
dadada
d8d8d8
d5d5d5
d3d3d3
d1d1d1
d2d2d2
d4d4d4
d5d5d5
d7d7d7
d6d6d6
d4d4d4
d4d4d4
d5d5d5
d6d6d6
d4d4d4
d4d4d4
d4d4d4
d3d3d3
d2d2d2
d0d0d0
cfcfcf
cecece
cccccc
cbcbcb
cfcfcf
cdcdcd
cccccc
d0d0d0
d5d5d5
d7d7d7
d4d4d4
d2d2d2
d1d1d1
d2d2d2
d9d9d9
dadada
d5d5d5
cfcfcf
cccccc
d0d0d0
cfcfcf
cbcbcb
c8c8c8
cacaca
c6c6c6
c5c5c5
c9c9c9
cfcfcf
d0d0d0
cacaca
cacaca
d2d2d2
dbdbdb
dddddd
d8d8d8
d3d3d3
d1d1d1
cfcfcf
cecece
cacaca
c6c6c6
c5c5c5
c7c7c7
cbcbcb
cecece
d3d3d3
d7d7d7
d8d8d8
d6d6d6
d0d0d0
cdcdcd
cfcfcf
d4d4d4
d7d7d7
d8d8d8
d0d0d0
c5c5c5
c0c0c0
c2c2c2
c3c3c3
c2c2c2
c4c4c4
c9c9c9
cecece
cfcfcf
cdcdcd
cbcbcb
cccccc
d1d1d1
d8d8d8
dcdcdc
dbdbdb
d7d7d7
d3d3d3
cecece
cacaca
c6c6c6
c4c4c4
c6c6c6
cacaca
d1d1d1
d6d6d6
dadada
dcdcdc
d7d7d7
d5d5d5
d3d3d3
d5d5d5
d7d7d7
d7d7d7
d7d7d7
d8d8d8
dadada
dddddd
d5d5d5
d1d1d1
d0d0d0
d2d2d2
d7d7d7
dbdbdb
dddddd
dcdcdc
dcdcdc
dadada
d3d3d3
d5d5d5
d9d9d9
dedede
e3e3e3
e3e3e3
dedede
d8d8d8
d4d4d4
d2d2d2
d6d6d6
dcdcdc
e1e1e1
e7e7e7
e9e9e9
ebebeb
ececec
e8e8e8
e3e3e3
e0e0e0
dddddd
dfdfdf
e2e2e2
e3e3e3
e3e3e3
dfdfdf
d9d9d9
d2d2d2
cccccc
c9c9c9
d2d2d2
dddddd
e8e8e8
f0f0f0
f1f1f1
eeeeee
eaeaea
e2e2e2
d8d8d8
d0d0d0
d0d0d0
d3d3d3
d6d6d6
d6d6d6
d7d7d7
d8d8d8
d9d9d9
d7d7d7
d2d2d2
cccccc
c2c2c2
cacaca
d4d4d4
dedede
e1e1e1
dcdcdc
d5d5d5
cfcfcf
c9c9c9
c8c8c8
d4d4d4
d8d8d8
dadada
d9d9d9
d4d4d4
cccccc
c4c4c4
c0c0c0
bebebe
c0c0c0
cecece
d0d0d0
d2d2d2
d3d3d3
cfcfcf
c8c8c8
c0c0c0
bcbcbc
bdbdbd
c1c1c1
c6c6c6
c5c5c5
c4c4c4
c0c0c0
bcbcbc
bbbbbb
bcbcbc
bfbfbf
c2c2c2
c4c4c4
c6c6c6
c5c5c5
c1c1c1
bcbcbc
b8b8b8
b6b6b6
b8b8b8
bababa
bababa
b8b8b8
b2b4b4
b1b3b3
b1b3b3
b5b7b7
bcbebe
c2c4c4
c5c7c7
c4c6c6
bfc1c1
bbbdbd
bcbebe
babcbc
b7b9b9
b3b5b5
b0b2b2
b1b3b3
b4b6b6
b9bbbb
bdbfbf
c0c2c2
c3c3c3
c6c6c6
cbcbcb
cfcfcf
cecece
cfcfcf
d0d0d0
d0d0d0
cfcfcf
cecece
cccccc
c9c9c9
c3c3c3
bdbdbd
bbbbbb
bebebe
c3c3c3
c9c9c9
cecece
d2d2d2
d6d6d6
dddddd
e2e2e2
e3e3e3
dedede
d7d7d7
d0d0d0
cbcbcb
c8c8c8
c5c5c5
bababa
bcbcbc
c2c2c2
c7c7c7
cccccc
d0d0d0
d5d5d5
d8d8d8
d9d9d9
d8d8d8
d6d6d6
d5d5d5
d3d3d3
d0d0d0
cccccc
c7c7c7
c6c6c6
c4c4c4
c3c3c3
c5c5c5
cccccc
c8c8c8
c7c7c7
c8c8c8
c9c9c9
c4c4c4
c8c8c8
d1d1d1
d8d8d8
d8d8d8
d9d9d9
d7d7d7
d1d1d1
cacaca
c5c5c5
c7c7c7
cfcfcf
d7d7d7
dcdcdc
dedede
e0e0e0
dadada
d3d3d3
d1d1d1
d3d3d3
d8d8d8
dadada
dadada
d9d9d9
d8d8d8
d4d4d4
cecece
c6c6c6
c1c1c1
c2c2c2
c9c9c9
d0d0d0
d5d5d5
d7d7d7
d4d4d4
c8c8c8
c6c6c6
c5c5c5
c6c6c6
cacaca
cfcfcf
d3d3d3
d7d7d7
dadada
d9d9d9
d3d3d3
d2d2d2
d1d1d1
cecece
cccccc
cdcdcd
cfcfcf
d5d5d5
dadada
dedede
dadada
d7d7d7
d2d2d2
cecece
cfcfcf
d5d5d5
dfdfdf
e2e2e2
e0e0e0
dddddd
dddddd
dcdcdc
d8d8d8
d2d2d2
cfcfcf
d0d0d0
d7d7d7
dfdfdf
e6e6e6
e8e8e8
e9e9e9
e4e4e4
dbdbdb
d2d2d2
cbcbcb
cacaca
cccccc
d1d1d1
d6d6d6
d8d8d8
d7d8d7
d2d3d1
cbccca
c5c6c4
c4c5c3
c8c9c7
cfd0ce
d5d6d4
d9dad8
dadbd9
d3d4d2
cccdcb
c3c4c2
bdbebc
bfc0be
c8c9c7
d1d2d0
d2d3d1
cccdcb
c4c5c3
bdbdbd
bebebe
c2c2c2
c7c7c7
cbcbcb
cbcbcb
c7c7c7
c3c3c3
c2c2c2
c3c3c3
c8c8c8
cccccc
cdcdcd
cacaca
c3c3c3
bdbdbd
bbbbbb
bbbbbb
bdbdbe
c0c0c0
c6c7c6
c8c9c7
c8c9c7
c5c6c4
c0c1bf
bbbcba
babbb9
bcbdbb
c1c2c0
c3c4c2
bdbebc
bcbdbb
bbbcba
b7b8b6
b7b8b6
bbbcba
c2c3c1
c6c7c5
c5c6c4
c2c3c1
c0c0c0
c1c1c1
c0c0c0
bebebe
bbbbbb
bdbdbd
c0c0c0
c0c0c0
bcbcbc
b7b7b7
b8b8b8
bfbfbf
cacaca
d2d2d2
d5d5d5
d3d3d3
d0d0d0
cccccc
cbcbcb
c9c9c9
c4c4c4
c1c1c1
bfbfbf
bfbfbf
c1c1c1
c1c1c1
bfbfbf
bdbdbd
bdbdbd
bdbdbd
bcbcbc
bdbdbd
c2c2c2
c7c7c7
cccccc
cfcfcf
cecece
cacaca
c6c6c6
c2c2c2
bcbebe
bdbfbf
bdbfbf
bbbdbd
b8baba
b3b5b5
b0b2b2
b0b2b2
b0b2b2
b1b3b3
b4b6b6
b7b9b9
bdbfbf
c4c6c6
cccece
d0d2d2
cfd1d1
c9cbcb
c3c5c5
bec0c0
c1c3c3
c0c2c2
bfc1c1
bfc1c1
bfc1c1
bfc1c1
bec0c0
bdbfbf
bec0c0
bec0c0
c3c5c5
c1c3c3
bfc1c1
bbbdbd
babcbc
babcbc
bbbdbd
bcbebe
bcbebe
bcbebe
bdbfbf
bec0c0
bfc1c1
bfc1c1
bec0c0
bcbebe
bcbebe
bec0c0
c0c2c2
c2c4c4
c5c7c7
c4c6c6
c1c3c3
bfc1c1
bfc1c1
c0c2c2
c0c2c2
bfc1c1
bec0c0
bdbfbf
