Timing Analyzer report for top
Wed Aug 12 02:23:09 2026
Quartus Prime Version 25.1std.0 Build 1129 10/21/2025 SC Lite Edition


---------------------
; Table of Contents ;
---------------------
  1. Legal Notice
  2. Legal Notice
  3. Timing Analyzer Summary
  4. Parallel Compilation
  5. Clocks
  6. Slow 1200mV 85C Model Fmax Summary
  7. Timing Closure Recommendations
  8. Slow 1200mV 85C Model Setup Summary
  9. Slow 1200mV 85C Model Hold Summary
 10. Slow 1200mV 85C Model Recovery Summary
 11. Slow 1200mV 85C Model Removal Summary
 12. Slow 1200mV 85C Model Minimum Pulse Width Summary
 13. Slow 1200mV 85C Model Setup: 'TD_CLK27'
 14. Slow 1200mV 85C Model Setup: 'CLOCK_50'
 15. Slow 1200mV 85C Model Hold: 'CLOCK_50'
 16. Slow 1200mV 85C Model Hold: 'TD_CLK27'
 17. Slow 1200mV 85C Model Metastability Summary
 18. Slow 1200mV 0C Model Fmax Summary
 19. Slow 1200mV 0C Model Setup Summary
 20. Slow 1200mV 0C Model Hold Summary
 21. Slow 1200mV 0C Model Recovery Summary
 22. Slow 1200mV 0C Model Removal Summary
 23. Slow 1200mV 0C Model Minimum Pulse Width Summary
 24. Slow 1200mV 0C Model Setup: 'TD_CLK27'
 25. Slow 1200mV 0C Model Setup: 'CLOCK_50'
 26. Slow 1200mV 0C Model Hold: 'CLOCK_50'
 27. Slow 1200mV 0C Model Hold: 'TD_CLK27'
 28. Slow 1200mV 0C Model Metastability Summary
 29. Fast 1200mV 0C Model Setup Summary
 30. Fast 1200mV 0C Model Hold Summary
 31. Fast 1200mV 0C Model Recovery Summary
 32. Fast 1200mV 0C Model Removal Summary
 33. Fast 1200mV 0C Model Minimum Pulse Width Summary
 34. Fast 1200mV 0C Model Setup: 'TD_CLK27'
 35. Fast 1200mV 0C Model Setup: 'CLOCK_50'
 36. Fast 1200mV 0C Model Hold: 'CLOCK_50'
 37. Fast 1200mV 0C Model Hold: 'TD_CLK27'
 38. Fast 1200mV 0C Model Metastability Summary
 39. Multicorner Timing Analysis Summary
 40. Board Trace Model Assignments
 41. Input Transition Times
 42. Signal Integrity Metrics (Slow 1200mv 0c Model)
 43. Signal Integrity Metrics (Slow 1200mv 85c Model)
 44. Signal Integrity Metrics (Fast 1200mv 0c Model)
 45. Setup Transfers
 46. Hold Transfers
 47. Report TCCS
 48. Report RSKM
 49. Unconstrained Paths Summary
 50. Clock Status Summary
 51. Unconstrained Input Ports
 52. Unconstrained Output Ports
 53. Unconstrained Input Ports
 54. Unconstrained Output Ports
 55. Timing Analyzer Messages



----------------
; Legal Notice ;
----------------
Copyright (C) 2025  Altera Corporation. All rights reserved.
Your use of Altera Corporation's design tools, logic functions 
and other software and tools, and any partner logic 
functions, and any output files from any of the foregoing 
(including device programming or simulation files), and any 
associated documentation or information are expressly subject 
to the terms and conditions of the Altera Program License 
Subscription Agreement, the Altera Quartus Prime License Agreement,
the Altera IP License Agreement, or other applicable license
agreement, including, without limitation, that your use is for
the sole purpose of programming logic devices manufactured by
Altera and sold by Altera or its authorized distributors.  Please
refer to the Altera Software License Subscription Agreements 
on the Quartus Prime software download page.



----------------
; Legal Notice ;
----------------
Copyright (C) 2025  Altera Corporation. All rights reserved.
Your use of Altera Corporation's design tools, logic functions 
and other software and tools, and any partner logic 
functions, and any output files from any of the foregoing 
(including device programming or simulation files), and any 
associated documentation or information are expressly subject 
to the terms and conditions of the Altera Program License 
Subscription Agreement, the Altera Quartus Prime License Agreement,
the Altera IP License Agreement, or other applicable license
agreement, including, without limitation, that your use is for
the sole purpose of programming logic devices manufactured by
Altera and sold by Altera or its authorized distributors.  Please
refer to the Altera Software License Subscription Agreements 
on the Quartus Prime software download page.



+---------------------------------------------------------------------------------+
; Timing Analyzer Summary                                                         ;
+-----------------------+---------------------------------------------------------+
; Quartus Prime Version ; Version 25.1std.0 Build 1129 10/21/2025 SC Lite Edition ;
; Timing Analyzer       ; Legacy Timing Analyzer                                  ;
; Revision Name         ; top                                                     ;
; Device Family         ; Cyclone IV E                                            ;
; Device Name           ; EP4CE115F29C7                                           ;
; Timing Models         ; Final                                                   ;
; Delay Model           ; Combined                                                ;
; Rise/Fall Delays      ; Enabled                                                 ;
+-----------------------+---------------------------------------------------------+


+------------------------------------------+
; Parallel Compilation                     ;
+----------------------------+-------------+
; Processors                 ; Number      ;
+----------------------------+-------------+
; Number detected on machine ; 8           ;
; Maximum allowed            ; 4           ;
;                            ;             ;
; Average used               ; 1.17        ;
; Maximum used               ; 4           ;
;                            ;             ;
; Usage by Processor         ; % Time Used ;
;     Processor 1            ; 100.0%      ;
;     Processor 2            ;  10.7%      ;
;     Processors 3-4         ;   3.3%      ;
+----------------------------+-------------+


+--------------------------------------------------------------------------------------------------------------------------------------------------------------------------------------+
; Clocks                                                                                                                                                                               ;
+------------+------+--------+------------+-------+-------+------------+-----------+-------------+-------+--------+-----------+------------+----------+--------+--------+--------------+
; Clock Name ; Type ; Period ; Frequency  ; Rise  ; Fall  ; Duty Cycle ; Divide by ; Multiply by ; Phase ; Offset ; Edge List ; Edge Shift ; Inverted ; Master ; Source ; Targets      ;
+------------+------+--------+------------+-------+-------+------------+-----------+-------------+-------+--------+-----------+------------+----------+--------+--------+--------------+
; CLOCK_50   ; Base ; 1.000  ; 1000.0 MHz ; 0.000 ; 0.500 ;            ;           ;             ;       ;        ;           ;            ;          ;        ;        ; { CLOCK_50 } ;
; TD_CLK27   ; Base ; 1.000  ; 1000.0 MHz ; 0.000 ; 0.500 ;            ;           ;             ;       ;        ;           ;            ;          ;        ;        ; { TD_CLK27 } ;
+------------+------+--------+------------+-------+-------+------------+-----------+-------------+-------+--------+-----------+------------+----------+--------+--------+--------------+


+-------------------------------------------------+
; Slow 1200mV 85C Model Fmax Summary              ;
+-----------+-----------------+------------+------+
; Fmax      ; Restricted Fmax ; Clock Name ; Note ;
+-----------+-----------------+------------+------+
; 87.23 MHz ; 87.23 MHz       ; TD_CLK27   ;      ;
; 128.8 MHz ; 128.8 MHz       ; CLOCK_50   ;      ;
+-----------+-----------------+------------+------+
This panel reports FMAX for every clock in the design, regardless of the user-specified clock periods.  FMAX is only computed for paths where the source and destination registers or ports are driven by the same clock.  Paths of different clocks, including generated clocks, are ignored.  For paths between a clock and its inversion, FMAX is computed as if the rising and falling edges are scaled along with FMAX, such that the duty cycle (in terms of a percentage) is maintained. Altera recommends that you always use clock constraints and other slack reports for sign-off analysis.


----------------------------------
; Timing Closure Recommendations ;
----------------------------------
HTML report is unavailable in plain text report export.


+-------------------------------------+
; Slow 1200mV 85C Model Setup Summary ;
+----------+---------+----------------+
; Clock    ; Slack   ; End Point TNS  ;
+----------+---------+----------------+
; TD_CLK27 ; -10.464 ; -678.236       ;
; CLOCK_50 ; -6.764  ; -2545.298      ;
+----------+---------+----------------+


+------------------------------------+
; Slow 1200mV 85C Model Hold Summary ;
+----------+-------+-----------------+
; Clock    ; Slack ; End Point TNS   ;
+----------+-------+-----------------+
; CLOCK_50 ; 0.283 ; 0.000           ;
; TD_CLK27 ; 0.385 ; 0.000           ;
+----------+-------+-----------------+


------------------------------------------
; Slow 1200mV 85C Model Recovery Summary ;
------------------------------------------
No paths to report.


-----------------------------------------
; Slow 1200mV 85C Model Removal Summary ;
-----------------------------------------
No paths to report.


+---------------------------------------------------+
; Slow 1200mV 85C Model Minimum Pulse Width Summary ;
+----------+--------+-------------------------------+
; Clock    ; Slack  ; End Point TNS                 ;
+----------+--------+-------------------------------+
; CLOCK_50 ; -3.000 ; -1097.367                     ;
; TD_CLK27 ; -3.000 ; -221.463                      ;
+----------+--------+-------------------------------+


+------------------------------------------------------------------------------------------------------------------------------------------------------------------------------------------------------------------------------------+
; Slow 1200mV 85C Model Setup: 'TD_CLK27'                                                                                                                                                                                            ;
+---------+--------------------------------+-------------------------------------------------------------------------------------------------------------------+--------------+-------------+--------------+------------+------------+
; Slack   ; From Node                      ; To Node                                                                                                           ; Launch Clock ; Latch Clock ; Relationship ; Clock Skew ; Data Delay ;
+---------+--------------------------------+-------------------------------------------------------------------------------------------------------------------+--------------+-------------+--------------+------------+------------+
; -10.464 ; video_in:video_in_decoder|Y[0] ; async_fifo:pixel_capture_fifo|altsyncram:mem_rtl_0|altsyncram_69d1:auto_generated|ram_block1a14~porta_datain_reg0 ; TD_CLK27     ; TD_CLK27    ; 1.000        ; 0.272      ; 11.774     ;
; -10.429 ; video_in:video_in_decoder|Y[0] ; async_fifo:pixel_capture_fifo|altsyncram:mem_rtl_0|altsyncram_69d1:auto_generated|ram_block1a8~porta_datain_reg0  ; TD_CLK27     ; TD_CLK27    ; 1.000        ; 0.282      ; 11.749     ;
; -10.386 ; video_in:video_in_decoder|Y[1] ; async_fifo:pixel_capture_fifo|altsyncram:mem_rtl_0|altsyncram_69d1:auto_generated|ram_block1a14~porta_datain_reg0 ; TD_CLK27     ; TD_CLK27    ; 1.000        ; 0.272      ; 11.696     ;
; -10.373 ; video_in:video_in_decoder|Y[3] ; async_fifo:pixel_capture_fifo|altsyncram:mem_rtl_0|altsyncram_69d1:auto_generated|ram_block1a14~porta_datain_reg0 ; TD_CLK27     ; TD_CLK27    ; 1.000        ; 0.272      ; 11.683     ;
; -10.351 ; video_in:video_in_decoder|Y[1] ; async_fifo:pixel_capture_fifo|altsyncram:mem_rtl_0|altsyncram_69d1:auto_generated|ram_block1a8~porta_datain_reg0  ; TD_CLK27     ; TD_CLK27    ; 1.000        ; 0.282      ; 11.671     ;
; -10.343 ; video_in:video_in_decoder|Y[4] ; async_fifo:pixel_capture_fifo|altsyncram:mem_rtl_0|altsyncram_69d1:auto_generated|ram_block1a14~porta_datain_reg0 ; TD_CLK27     ; TD_CLK27    ; 1.000        ; 0.274      ; 11.655     ;
; -10.338 ; video_in:video_in_decoder|Y[3] ; async_fifo:pixel_capture_fifo|altsyncram:mem_rtl_0|altsyncram_69d1:auto_generated|ram_block1a8~porta_datain_reg0  ; TD_CLK27     ; TD_CLK27    ; 1.000        ; 0.282      ; 11.658     ;
; -10.308 ; video_in:video_in_decoder|Y[4] ; async_fifo:pixel_capture_fifo|altsyncram:mem_rtl_0|altsyncram_69d1:auto_generated|ram_block1a8~porta_datain_reg0  ; TD_CLK27     ; TD_CLK27    ; 1.000        ; 0.284      ; 11.630     ;
; -10.241 ; video_in:video_in_decoder|Y[5] ; async_fifo:pixel_capture_fifo|altsyncram:mem_rtl_0|altsyncram_69d1:auto_generated|ram_block1a14~porta_datain_reg0 ; TD_CLK27     ; TD_CLK27    ; 1.000        ; 0.274      ; 11.553     ;
; -10.206 ; video_in:video_in_decoder|Y[5] ; async_fifo:pixel_capture_fifo|altsyncram:mem_rtl_0|altsyncram_69d1:auto_generated|ram_block1a8~porta_datain_reg0  ; TD_CLK27     ; TD_CLK27    ; 1.000        ; 0.284      ; 11.528     ;
; -10.146 ; video_in:video_in_decoder|Y[0] ; async_fifo:pixel_capture_fifo|mem~9                                                                               ; TD_CLK27     ; TD_CLK27    ; 1.000        ; -0.088     ; 11.056     ;
; -10.146 ; video_in:video_in_decoder|Y[0] ; async_fifo:pixel_capture_fifo|mem~11                                                                              ; TD_CLK27     ; TD_CLK27    ; 1.000        ; -0.088     ; 11.056     ;
; -10.145 ; video_in:video_in_decoder|Y[0] ; async_fifo:pixel_capture_fifo|mem~14                                                                              ; TD_CLK27     ; TD_CLK27    ; 1.000        ; -0.088     ; 11.055     ;
; -10.145 ; video_in:video_in_decoder|Y[0] ; async_fifo:pixel_capture_fifo|mem~13                                                                              ; TD_CLK27     ; TD_CLK27    ; 1.000        ; -0.088     ; 11.055     ;
; -10.141 ; video_in:video_in_decoder|Y[0] ; async_fifo:pixel_capture_fifo|mem~12                                                                              ; TD_CLK27     ; TD_CLK27    ; 1.000        ; -0.088     ; 11.051     ;
; -10.140 ; video_in:video_in_decoder|Y[0] ; async_fifo:pixel_capture_fifo|mem~10                                                                              ; TD_CLK27     ; TD_CLK27    ; 1.000        ; -0.088     ; 11.050     ;
; -10.139 ; video_in:video_in_decoder|Y[0] ; async_fifo:pixel_capture_fifo|mem~15                                                                              ; TD_CLK27     ; TD_CLK27    ; 1.000        ; -0.088     ; 11.049     ;
; -10.135 ; video_in:video_in_decoder|Y[7] ; async_fifo:pixel_capture_fifo|altsyncram:mem_rtl_0|altsyncram_69d1:auto_generated|ram_block1a14~porta_datain_reg0 ; TD_CLK27     ; TD_CLK27    ; 1.000        ; 0.274      ; 11.447     ;
; -10.128 ; video_in:video_in_decoder|Y[6] ; async_fifo:pixel_capture_fifo|altsyncram:mem_rtl_0|altsyncram_69d1:auto_generated|ram_block1a14~porta_datain_reg0 ; TD_CLK27     ; TD_CLK27    ; 1.000        ; 0.274      ; 11.440     ;
; -10.119 ; video_in:video_in_decoder|Y[0] ; async_fifo:pixel_capture_fifo|altsyncram:mem_rtl_0|altsyncram_69d1:auto_generated|ram_block1a10~porta_datain_reg0 ; TD_CLK27     ; TD_CLK27    ; 1.000        ; 0.283      ; 11.440     ;
; -10.100 ; video_in:video_in_decoder|Y[7] ; async_fifo:pixel_capture_fifo|altsyncram:mem_rtl_0|altsyncram_69d1:auto_generated|ram_block1a8~porta_datain_reg0  ; TD_CLK27     ; TD_CLK27    ; 1.000        ; 0.284      ; 11.422     ;
; -10.093 ; video_in:video_in_decoder|Y[6] ; async_fifo:pixel_capture_fifo|altsyncram:mem_rtl_0|altsyncram_69d1:auto_generated|ram_block1a8~porta_datain_reg0  ; TD_CLK27     ; TD_CLK27    ; 1.000        ; 0.284      ; 11.415     ;
; -10.068 ; video_in:video_in_decoder|Y[1] ; async_fifo:pixel_capture_fifo|mem~9                                                                               ; TD_CLK27     ; TD_CLK27    ; 1.000        ; -0.088     ; 10.978     ;
; -10.068 ; video_in:video_in_decoder|Y[1] ; async_fifo:pixel_capture_fifo|mem~11                                                                              ; TD_CLK27     ; TD_CLK27    ; 1.000        ; -0.088     ; 10.978     ;
; -10.067 ; video_in:video_in_decoder|Y[1] ; async_fifo:pixel_capture_fifo|mem~14                                                                              ; TD_CLK27     ; TD_CLK27    ; 1.000        ; -0.088     ; 10.977     ;
; -10.067 ; video_in:video_in_decoder|Y[1] ; async_fifo:pixel_capture_fifo|mem~13                                                                              ; TD_CLK27     ; TD_CLK27    ; 1.000        ; -0.088     ; 10.977     ;
; -10.063 ; video_in:video_in_decoder|Y[1] ; async_fifo:pixel_capture_fifo|mem~12                                                                              ; TD_CLK27     ; TD_CLK27    ; 1.000        ; -0.088     ; 10.973     ;
; -10.062 ; video_in:video_in_decoder|Y[1] ; async_fifo:pixel_capture_fifo|mem~10                                                                              ; TD_CLK27     ; TD_CLK27    ; 1.000        ; -0.088     ; 10.972     ;
; -10.061 ; video_in:video_in_decoder|Y[1] ; async_fifo:pixel_capture_fifo|mem~15                                                                              ; TD_CLK27     ; TD_CLK27    ; 1.000        ; -0.088     ; 10.971     ;
; -10.055 ; video_in:video_in_decoder|Y[3] ; async_fifo:pixel_capture_fifo|mem~9                                                                               ; TD_CLK27     ; TD_CLK27    ; 1.000        ; -0.088     ; 10.965     ;
; -10.055 ; video_in:video_in_decoder|Y[3] ; async_fifo:pixel_capture_fifo|mem~11                                                                              ; TD_CLK27     ; TD_CLK27    ; 1.000        ; -0.088     ; 10.965     ;
; -10.054 ; video_in:video_in_decoder|Y[3] ; async_fifo:pixel_capture_fifo|mem~14                                                                              ; TD_CLK27     ; TD_CLK27    ; 1.000        ; -0.088     ; 10.964     ;
; -10.054 ; video_in:video_in_decoder|Y[3] ; async_fifo:pixel_capture_fifo|mem~13                                                                              ; TD_CLK27     ; TD_CLK27    ; 1.000        ; -0.088     ; 10.964     ;
; -10.050 ; video_in:video_in_decoder|Y[3] ; async_fifo:pixel_capture_fifo|mem~12                                                                              ; TD_CLK27     ; TD_CLK27    ; 1.000        ; -0.088     ; 10.960     ;
; -10.049 ; video_in:video_in_decoder|Y[3] ; async_fifo:pixel_capture_fifo|mem~10                                                                              ; TD_CLK27     ; TD_CLK27    ; 1.000        ; -0.088     ; 10.959     ;
; -10.048 ; video_in:video_in_decoder|Y[3] ; async_fifo:pixel_capture_fifo|mem~15                                                                              ; TD_CLK27     ; TD_CLK27    ; 1.000        ; -0.088     ; 10.958     ;
; -10.041 ; video_in:video_in_decoder|Y[1] ; async_fifo:pixel_capture_fifo|altsyncram:mem_rtl_0|altsyncram_69d1:auto_generated|ram_block1a10~porta_datain_reg0 ; TD_CLK27     ; TD_CLK27    ; 1.000        ; 0.283      ; 11.362     ;
; -10.028 ; video_in:video_in_decoder|Y[3] ; async_fifo:pixel_capture_fifo|altsyncram:mem_rtl_0|altsyncram_69d1:auto_generated|ram_block1a10~porta_datain_reg0 ; TD_CLK27     ; TD_CLK27    ; 1.000        ; 0.283      ; 11.349     ;
; -10.025 ; video_in:video_in_decoder|Y[4] ; async_fifo:pixel_capture_fifo|mem~9                                                                               ; TD_CLK27     ; TD_CLK27    ; 1.000        ; -0.086     ; 10.937     ;
; -10.025 ; video_in:video_in_decoder|Y[4] ; async_fifo:pixel_capture_fifo|mem~11                                                                              ; TD_CLK27     ; TD_CLK27    ; 1.000        ; -0.086     ; 10.937     ;
; -10.024 ; video_in:video_in_decoder|Y[4] ; async_fifo:pixel_capture_fifo|mem~14                                                                              ; TD_CLK27     ; TD_CLK27    ; 1.000        ; -0.086     ; 10.936     ;
; -10.024 ; video_in:video_in_decoder|Y[4] ; async_fifo:pixel_capture_fifo|mem~13                                                                              ; TD_CLK27     ; TD_CLK27    ; 1.000        ; -0.086     ; 10.936     ;
; -10.020 ; video_in:video_in_decoder|Y[4] ; async_fifo:pixel_capture_fifo|mem~12                                                                              ; TD_CLK27     ; TD_CLK27    ; 1.000        ; -0.086     ; 10.932     ;
; -10.019 ; video_in:video_in_decoder|Y[4] ; async_fifo:pixel_capture_fifo|mem~10                                                                              ; TD_CLK27     ; TD_CLK27    ; 1.000        ; -0.086     ; 10.931     ;
; -10.018 ; video_in:video_in_decoder|Y[4] ; async_fifo:pixel_capture_fifo|mem~15                                                                              ; TD_CLK27     ; TD_CLK27    ; 1.000        ; -0.086     ; 10.930     ;
; -9.998  ; video_in:video_in_decoder|Y[4] ; async_fifo:pixel_capture_fifo|altsyncram:mem_rtl_0|altsyncram_69d1:auto_generated|ram_block1a10~porta_datain_reg0 ; TD_CLK27     ; TD_CLK27    ; 1.000        ; 0.285      ; 11.321     ;
; -9.995  ; video_in:video_in_decoder|Y[2] ; async_fifo:pixel_capture_fifo|altsyncram:mem_rtl_0|altsyncram_69d1:auto_generated|ram_block1a14~porta_datain_reg0 ; TD_CLK27     ; TD_CLK27    ; 1.000        ; 0.272      ; 11.305     ;
; -9.960  ; video_in:video_in_decoder|Y[2] ; async_fifo:pixel_capture_fifo|altsyncram:mem_rtl_0|altsyncram_69d1:auto_generated|ram_block1a8~porta_datain_reg0  ; TD_CLK27     ; TD_CLK27    ; 1.000        ; 0.282      ; 11.280     ;
; -9.923  ; video_in:video_in_decoder|Y[5] ; async_fifo:pixel_capture_fifo|mem~9                                                                               ; TD_CLK27     ; TD_CLK27    ; 1.000        ; -0.086     ; 10.835     ;
; -9.923  ; video_in:video_in_decoder|Y[5] ; async_fifo:pixel_capture_fifo|mem~11                                                                              ; TD_CLK27     ; TD_CLK27    ; 1.000        ; -0.086     ; 10.835     ;
; -9.922  ; video_in:video_in_decoder|Y[5] ; async_fifo:pixel_capture_fifo|mem~14                                                                              ; TD_CLK27     ; TD_CLK27    ; 1.000        ; -0.086     ; 10.834     ;
; -9.922  ; video_in:video_in_decoder|Y[5] ; async_fifo:pixel_capture_fifo|mem~13                                                                              ; TD_CLK27     ; TD_CLK27    ; 1.000        ; -0.086     ; 10.834     ;
; -9.918  ; video_in:video_in_decoder|Y[5] ; async_fifo:pixel_capture_fifo|mem~12                                                                              ; TD_CLK27     ; TD_CLK27    ; 1.000        ; -0.086     ; 10.830     ;
; -9.917  ; video_in:video_in_decoder|Y[5] ; async_fifo:pixel_capture_fifo|mem~10                                                                              ; TD_CLK27     ; TD_CLK27    ; 1.000        ; -0.086     ; 10.829     ;
; -9.916  ; video_in:video_in_decoder|Y[5] ; async_fifo:pixel_capture_fifo|mem~15                                                                              ; TD_CLK27     ; TD_CLK27    ; 1.000        ; -0.086     ; 10.828     ;
; -9.896  ; video_in:video_in_decoder|Y[5] ; async_fifo:pixel_capture_fifo|altsyncram:mem_rtl_0|altsyncram_69d1:auto_generated|ram_block1a10~porta_datain_reg0 ; TD_CLK27     ; TD_CLK27    ; 1.000        ; 0.285      ; 11.219     ;
; -9.810  ; video_in:video_in_decoder|Y[6] ; async_fifo:pixel_capture_fifo|mem~9                                                                               ; TD_CLK27     ; TD_CLK27    ; 1.000        ; -0.086     ; 10.722     ;
; -9.810  ; video_in:video_in_decoder|Y[6] ; async_fifo:pixel_capture_fifo|mem~11                                                                              ; TD_CLK27     ; TD_CLK27    ; 1.000        ; -0.086     ; 10.722     ;
; -9.809  ; video_in:video_in_decoder|Y[6] ; async_fifo:pixel_capture_fifo|mem~14                                                                              ; TD_CLK27     ; TD_CLK27    ; 1.000        ; -0.086     ; 10.721     ;
; -9.809  ; video_in:video_in_decoder|Y[6] ; async_fifo:pixel_capture_fifo|mem~13                                                                              ; TD_CLK27     ; TD_CLK27    ; 1.000        ; -0.086     ; 10.721     ;
; -9.808  ; video_in:video_in_decoder|Y[7] ; async_fifo:pixel_capture_fifo|mem~9                                                                               ; TD_CLK27     ; TD_CLK27    ; 1.000        ; -0.086     ; 10.720     ;
; -9.808  ; video_in:video_in_decoder|Y[7] ; async_fifo:pixel_capture_fifo|mem~11                                                                              ; TD_CLK27     ; TD_CLK27    ; 1.000        ; -0.086     ; 10.720     ;
; -9.807  ; video_in:video_in_decoder|Y[7] ; async_fifo:pixel_capture_fifo|mem~14                                                                              ; TD_CLK27     ; TD_CLK27    ; 1.000        ; -0.086     ; 10.719     ;
; -9.807  ; video_in:video_in_decoder|Y[7] ; async_fifo:pixel_capture_fifo|mem~13                                                                              ; TD_CLK27     ; TD_CLK27    ; 1.000        ; -0.086     ; 10.719     ;
; -9.805  ; video_in:video_in_decoder|Y[6] ; async_fifo:pixel_capture_fifo|mem~12                                                                              ; TD_CLK27     ; TD_CLK27    ; 1.000        ; -0.086     ; 10.717     ;
; -9.804  ; video_in:video_in_decoder|Y[6] ; async_fifo:pixel_capture_fifo|mem~10                                                                              ; TD_CLK27     ; TD_CLK27    ; 1.000        ; -0.086     ; 10.716     ;
; -9.804  ; video_in:video_in_decoder|Y[7] ; async_fifo:pixel_capture_fifo|mem~12                                                                              ; TD_CLK27     ; TD_CLK27    ; 1.000        ; -0.086     ; 10.716     ;
; -9.803  ; video_in:video_in_decoder|Y[6] ; async_fifo:pixel_capture_fifo|mem~15                                                                              ; TD_CLK27     ; TD_CLK27    ; 1.000        ; -0.086     ; 10.715     ;
; -9.803  ; video_in:video_in_decoder|Y[7] ; async_fifo:pixel_capture_fifo|mem~10                                                                              ; TD_CLK27     ; TD_CLK27    ; 1.000        ; -0.086     ; 10.715     ;
; -9.802  ; video_in:video_in_decoder|Y[7] ; async_fifo:pixel_capture_fifo|mem~15                                                                              ; TD_CLK27     ; TD_CLK27    ; 1.000        ; -0.086     ; 10.714     ;
; -9.790  ; video_in:video_in_decoder|Y[7] ; async_fifo:pixel_capture_fifo|altsyncram:mem_rtl_0|altsyncram_69d1:auto_generated|ram_block1a10~porta_datain_reg0 ; TD_CLK27     ; TD_CLK27    ; 1.000        ; 0.285      ; 11.113     ;
; -9.783  ; video_in:video_in_decoder|Y[6] ; async_fifo:pixel_capture_fifo|altsyncram:mem_rtl_0|altsyncram_69d1:auto_generated|ram_block1a10~porta_datain_reg0 ; TD_CLK27     ; TD_CLK27    ; 1.000        ; 0.285      ; 11.106     ;
; -9.677  ; video_in:video_in_decoder|Y[2] ; async_fifo:pixel_capture_fifo|mem~9                                                                               ; TD_CLK27     ; TD_CLK27    ; 1.000        ; -0.088     ; 10.587     ;
; -9.677  ; video_in:video_in_decoder|Y[2] ; async_fifo:pixel_capture_fifo|mem~11                                                                              ; TD_CLK27     ; TD_CLK27    ; 1.000        ; -0.088     ; 10.587     ;
; -9.676  ; video_in:video_in_decoder|Y[2] ; async_fifo:pixel_capture_fifo|mem~14                                                                              ; TD_CLK27     ; TD_CLK27    ; 1.000        ; -0.088     ; 10.586     ;
; -9.676  ; video_in:video_in_decoder|Y[2] ; async_fifo:pixel_capture_fifo|mem~13                                                                              ; TD_CLK27     ; TD_CLK27    ; 1.000        ; -0.088     ; 10.586     ;
; -9.672  ; video_in:video_in_decoder|Y[2] ; async_fifo:pixel_capture_fifo|mem~12                                                                              ; TD_CLK27     ; TD_CLK27    ; 1.000        ; -0.088     ; 10.582     ;
; -9.671  ; video_in:video_in_decoder|Y[2] ; async_fifo:pixel_capture_fifo|mem~10                                                                              ; TD_CLK27     ; TD_CLK27    ; 1.000        ; -0.088     ; 10.581     ;
; -9.670  ; video_in:video_in_decoder|Y[2] ; async_fifo:pixel_capture_fifo|mem~15                                                                              ; TD_CLK27     ; TD_CLK27    ; 1.000        ; -0.088     ; 10.580     ;
; -9.650  ; video_in:video_in_decoder|Y[2] ; async_fifo:pixel_capture_fifo|altsyncram:mem_rtl_0|altsyncram_69d1:auto_generated|ram_block1a10~porta_datain_reg0 ; TD_CLK27     ; TD_CLK27    ; 1.000        ; 0.283      ; 10.971     ;
; -9.612  ; video_in:video_in_decoder|U[1] ; async_fifo:pixel_capture_fifo|altsyncram:mem_rtl_0|altsyncram_69d1:auto_generated|ram_block1a14~porta_datain_reg0 ; TD_CLK27     ; TD_CLK27    ; 1.000        ; 0.273      ; 10.923     ;
; -9.596  ; video_in:video_in_decoder|U[3] ; async_fifo:pixel_capture_fifo|altsyncram:mem_rtl_0|altsyncram_69d1:auto_generated|ram_block1a14~porta_datain_reg0 ; TD_CLK27     ; TD_CLK27    ; 1.000        ; 0.273      ; 10.907     ;
; -9.577  ; video_in:video_in_decoder|U[1] ; async_fifo:pixel_capture_fifo|altsyncram:mem_rtl_0|altsyncram_69d1:auto_generated|ram_block1a8~porta_datain_reg0  ; TD_CLK27     ; TD_CLK27    ; 1.000        ; 0.283      ; 10.898     ;
; -9.561  ; video_in:video_in_decoder|U[3] ; async_fifo:pixel_capture_fifo|altsyncram:mem_rtl_0|altsyncram_69d1:auto_generated|ram_block1a8~porta_datain_reg0  ; TD_CLK27     ; TD_CLK27    ; 1.000        ; 0.283      ; 10.882     ;
; -9.544  ; video_in:video_in_decoder|Y[0] ; async_fifo:pixel_capture_fifo|altsyncram:mem_rtl_0|altsyncram_69d1:auto_generated|ram_block1a0~porta_datain_reg0  ; TD_CLK27     ; TD_CLK27    ; 1.000        ; 0.280      ; 10.862     ;
; -9.537  ; video_in:video_in_decoder|Y[0] ; async_fifo:pixel_capture_fifo|altsyncram:mem_rtl_0|altsyncram_69d1:auto_generated|ram_block1a2~porta_datain_reg0  ; TD_CLK27     ; TD_CLK27    ; 1.000        ; 0.270      ; 10.845     ;
; -9.534  ; video_in:video_in_decoder|Y[0] ; async_fifo:pixel_capture_fifo|altsyncram:mem_rtl_0|altsyncram_69d1:auto_generated|ram_block1a6~porta_datain_reg0  ; TD_CLK27     ; TD_CLK27    ; 1.000        ; 0.283      ; 10.855     ;
; -9.505  ; video_in:video_in_decoder|Y[0] ; async_fifo:pixel_capture_fifo|altsyncram:mem_rtl_0|altsyncram_69d1:auto_generated|ram_block1a4~porta_datain_reg0  ; TD_CLK27     ; TD_CLK27    ; 1.000        ; 0.271      ; 10.814     ;
; -9.478  ; video_in:video_in_decoder|Y[0] ; async_fifo:pixel_capture_fifo|mem~7                                                                               ; TD_CLK27     ; TD_CLK27    ; 1.000        ; -0.094     ; 10.382     ;
; -9.464  ; video_in:video_in_decoder|U[0] ; async_fifo:pixel_capture_fifo|altsyncram:mem_rtl_0|altsyncram_69d1:auto_generated|ram_block1a14~porta_datain_reg0 ; TD_CLK27     ; TD_CLK27    ; 1.000        ; 0.273      ; 10.775     ;
; -9.429  ; video_in:video_in_decoder|U[0] ; async_fifo:pixel_capture_fifo|altsyncram:mem_rtl_0|altsyncram_69d1:auto_generated|ram_block1a8~porta_datain_reg0  ; TD_CLK27     ; TD_CLK27    ; 1.000        ; 0.283      ; 10.750     ;
; -9.365  ; video_in:video_in_decoder|Y[1] ; async_fifo:pixel_capture_fifo|altsyncram:mem_rtl_0|altsyncram_69d1:auto_generated|ram_block1a0~porta_datain_reg0  ; TD_CLK27     ; TD_CLK27    ; 1.000        ; 0.280      ; 10.683     ;
; -9.364  ; video_in:video_in_decoder|Y[0] ; async_fifo:pixel_capture_fifo|mem~16                                                                              ; TD_CLK27     ; TD_CLK27    ; 1.000        ; 0.333      ; 10.695     ;
; -9.358  ; video_in:video_in_decoder|Y[1] ; async_fifo:pixel_capture_fifo|altsyncram:mem_rtl_0|altsyncram_69d1:auto_generated|ram_block1a2~porta_datain_reg0  ; TD_CLK27     ; TD_CLK27    ; 1.000        ; 0.270      ; 10.666     ;
; -9.355  ; video_in:video_in_decoder|Y[1] ; async_fifo:pixel_capture_fifo|altsyncram:mem_rtl_0|altsyncram_69d1:auto_generated|ram_block1a6~porta_datain_reg0  ; TD_CLK27     ; TD_CLK27    ; 1.000        ; 0.283      ; 10.676     ;
; -9.352  ; video_in:video_in_decoder|Y[3] ; async_fifo:pixel_capture_fifo|altsyncram:mem_rtl_0|altsyncram_69d1:auto_generated|ram_block1a0~porta_datain_reg0  ; TD_CLK27     ; TD_CLK27    ; 1.000        ; 0.280      ; 10.670     ;
; -9.345  ; video_in:video_in_decoder|Y[3] ; async_fifo:pixel_capture_fifo|altsyncram:mem_rtl_0|altsyncram_69d1:auto_generated|ram_block1a2~porta_datain_reg0  ; TD_CLK27     ; TD_CLK27    ; 1.000        ; 0.270      ; 10.653     ;
; -9.342  ; video_in:video_in_decoder|Y[3] ; async_fifo:pixel_capture_fifo|altsyncram:mem_rtl_0|altsyncram_69d1:auto_generated|ram_block1a6~porta_datain_reg0  ; TD_CLK27     ; TD_CLK27    ; 1.000        ; 0.283      ; 10.663     ;
; -9.322  ; video_in:video_in_decoder|Y[1] ; async_fifo:pixel_capture_fifo|altsyncram:mem_rtl_0|altsyncram_69d1:auto_generated|ram_block1a4~porta_datain_reg0  ; TD_CLK27     ; TD_CLK27    ; 1.000        ; 0.271      ; 10.631     ;
; -9.319  ; video_in:video_in_decoder|Y[0] ; async_fifo:pixel_capture_fifo|mem~4                                                                               ; TD_CLK27     ; TD_CLK27    ; 1.000        ; -0.094     ; 10.223     ;
+---------+--------------------------------+-------------------------------------------------------------------------------------------------------------------+--------------+-------------+--------------+------------+------------+


+------------------------------------------------------------------------------------------------------------------------------------------------------------------------------------------+
; Slow 1200mV 85C Model Setup: 'CLOCK_50'                                                                                                                                                  ;
+--------+--------------------------------------------------+--------------------------------------------------------+--------------+-------------+--------------+------------+------------+
; Slack  ; From Node                                        ; To Node                                                ; Launch Clock ; Latch Clock ; Relationship ; Clock Skew ; Data Delay ;
+--------+--------------------------------------------------+--------------------------------------------------------+--------------+-------------+--------------+------------+------------+
; -6.764 ; async_fifo:sdram_rd_fifo|wr_bin[1]               ; sdram_de2115_controller:sdram_master|state.S_WR_ACT_WT ; CLOCK_50     ; CLOCK_50    ; 1.000        ; -0.071     ; 7.691      ;
; -6.764 ; async_fifo:sdram_rd_fifo|wr_bin[1]               ; sdram_de2115_controller:sdram_master|state.S_RD_ACT_WT ; CLOCK_50     ; CLOCK_50    ; 1.000        ; -0.071     ; 7.691      ;
; -6.764 ; async_fifo:sdram_rd_fifo|wr_bin[1]               ; sdram_de2115_controller:sdram_master|state.S_WR_PRE_WT ; CLOCK_50     ; CLOCK_50    ; 1.000        ; -0.071     ; 7.691      ;
; -6.542 ; async_fifo:sdram_rd_fifo|wr_bin[1]               ; sdram_de2115_controller:sdram_master|state.S_RD_PRE_WT ; CLOCK_50     ; CLOCK_50    ; 1.000        ; 0.323      ; 7.863      ;
; -6.529 ; async_fifo:sdram_rd_fifo|wr_bin[4]               ; sdram_de2115_controller:sdram_master|state.S_WR_ACT_WT ; CLOCK_50     ; CLOCK_50    ; 1.000        ; -0.071     ; 7.456      ;
; -6.529 ; async_fifo:sdram_rd_fifo|wr_bin[4]               ; sdram_de2115_controller:sdram_master|state.S_RD_ACT_WT ; CLOCK_50     ; CLOCK_50    ; 1.000        ; -0.071     ; 7.456      ;
; -6.529 ; async_fifo:sdram_rd_fifo|wr_bin[4]               ; sdram_de2115_controller:sdram_master|state.S_WR_PRE_WT ; CLOCK_50     ; CLOCK_50    ; 1.000        ; -0.071     ; 7.456      ;
; -6.444 ; async_fifo:sdram_rd_fifo|wr_bin[2]               ; sdram_de2115_controller:sdram_master|state.S_WR_ACT_WT ; CLOCK_50     ; CLOCK_50    ; 1.000        ; -0.071     ; 7.371      ;
; -6.444 ; async_fifo:sdram_rd_fifo|wr_bin[2]               ; sdram_de2115_controller:sdram_master|state.S_RD_ACT_WT ; CLOCK_50     ; CLOCK_50    ; 1.000        ; -0.071     ; 7.371      ;
; -6.444 ; async_fifo:sdram_rd_fifo|wr_bin[2]               ; sdram_de2115_controller:sdram_master|state.S_WR_PRE_WT ; CLOCK_50     ; CLOCK_50    ; 1.000        ; -0.071     ; 7.371      ;
; -6.412 ; async_fifo:sdram_rd_fifo|wr_bin[3]               ; sdram_de2115_controller:sdram_master|state.S_WR_ACT_WT ; CLOCK_50     ; CLOCK_50    ; 1.000        ; -0.071     ; 7.339      ;
; -6.412 ; async_fifo:sdram_rd_fifo|wr_bin[3]               ; sdram_de2115_controller:sdram_master|state.S_RD_ACT_WT ; CLOCK_50     ; CLOCK_50    ; 1.000        ; -0.071     ; 7.339      ;
; -6.412 ; async_fifo:sdram_rd_fifo|wr_bin[3]               ; sdram_de2115_controller:sdram_master|state.S_WR_PRE_WT ; CLOCK_50     ; CLOCK_50    ; 1.000        ; -0.071     ; 7.339      ;
; -6.351 ; async_fifo:sdram_rd_fifo|wr_bin[1]               ; async_fifo:sdram_rd_fifo|mem~6                         ; CLOCK_50     ; CLOCK_50    ; 1.000        ; -0.096     ; 7.253      ;
; -6.351 ; async_fifo:sdram_rd_fifo|wr_bin[1]               ; async_fifo:sdram_rd_fifo|mem~7                         ; CLOCK_50     ; CLOCK_50    ; 1.000        ; -0.096     ; 7.253      ;
; -6.351 ; async_fifo:sdram_rd_fifo|wr_bin[1]               ; async_fifo:sdram_rd_fifo|mem~5                         ; CLOCK_50     ; CLOCK_50    ; 1.000        ; -0.096     ; 7.253      ;
; -6.351 ; async_fifo:sdram_rd_fifo|wr_bin[1]               ; async_fifo:sdram_rd_fifo|mem~2                         ; CLOCK_50     ; CLOCK_50    ; 1.000        ; -0.096     ; 7.253      ;
; -6.351 ; async_fifo:sdram_rd_fifo|wr_bin[1]               ; async_fifo:sdram_rd_fifo|mem~3                         ; CLOCK_50     ; CLOCK_50    ; 1.000        ; -0.096     ; 7.253      ;
; -6.351 ; async_fifo:sdram_rd_fifo|wr_bin[1]               ; async_fifo:sdram_rd_fifo|mem~4                         ; CLOCK_50     ; CLOCK_50    ; 1.000        ; -0.096     ; 7.253      ;
; -6.351 ; async_fifo:sdram_rd_fifo|wr_bin[1]               ; async_fifo:sdram_rd_fifo|mem~14                        ; CLOCK_50     ; CLOCK_50    ; 1.000        ; -0.096     ; 7.253      ;
; -6.337 ; async_fifo:sdram_rd_fifo|wr_bin[1]               ; async_fifo:sdram_rd_fifo|mem~15                        ; CLOCK_50     ; CLOCK_50    ; 1.000        ; -0.098     ; 7.237      ;
; -6.337 ; async_fifo:sdram_rd_fifo|wr_bin[1]               ; async_fifo:sdram_rd_fifo|mem~16                        ; CLOCK_50     ; CLOCK_50    ; 1.000        ; -0.098     ; 7.237      ;
; -6.337 ; async_fifo:sdram_rd_fifo|wr_bin[1]               ; async_fifo:sdram_rd_fifo|mem~22                        ; CLOCK_50     ; CLOCK_50    ; 1.000        ; -0.098     ; 7.237      ;
; -6.337 ; async_fifo:sdram_rd_fifo|wr_bin[1]               ; async_fifo:sdram_rd_fifo|mem~21                        ; CLOCK_50     ; CLOCK_50    ; 1.000        ; -0.098     ; 7.237      ;
; -6.337 ; async_fifo:sdram_rd_fifo|wr_bin[1]               ; async_fifo:sdram_rd_fifo|mem~18                        ; CLOCK_50     ; CLOCK_50    ; 1.000        ; -0.098     ; 7.237      ;
; -6.337 ; async_fifo:sdram_rd_fifo|wr_bin[1]               ; async_fifo:sdram_rd_fifo|mem~19                        ; CLOCK_50     ; CLOCK_50    ; 1.000        ; -0.098     ; 7.237      ;
; -6.337 ; async_fifo:sdram_rd_fifo|wr_bin[1]               ; async_fifo:sdram_rd_fifo|mem~20                        ; CLOCK_50     ; CLOCK_50    ; 1.000        ; -0.098     ; 7.237      ;
; -6.337 ; async_fifo:sdram_rd_fifo|wr_bin[1]               ; async_fifo:sdram_rd_fifo|mem~17                        ; CLOCK_50     ; CLOCK_50    ; 1.000        ; -0.098     ; 7.237      ;
; -6.333 ; async_fifo:sdram_rd_fifo|wr_bin[1]               ; async_fifo:sdram_rd_fifo|wr_gray[6]                    ; CLOCK_50     ; CLOCK_50    ; 1.000        ; 0.334      ; 7.665      ;
; -6.332 ; async_fifo:sdram_wr_fifo|wr_bin[1]               ; sdram_wr_data_reg[7]                                   ; CLOCK_50     ; CLOCK_50    ; 1.000        ; -0.079     ; 7.251      ;
; -6.320 ; async_fifo:sdram_rd_fifo|wr_bin[0]               ; sdram_de2115_controller:sdram_master|state.S_WR_ACT_WT ; CLOCK_50     ; CLOCK_50    ; 1.000        ; -0.070     ; 7.248      ;
; -6.320 ; async_fifo:sdram_rd_fifo|wr_bin[0]               ; sdram_de2115_controller:sdram_master|state.S_RD_ACT_WT ; CLOCK_50     ; CLOCK_50    ; 1.000        ; -0.070     ; 7.248      ;
; -6.320 ; async_fifo:sdram_rd_fifo|wr_bin[0]               ; sdram_de2115_controller:sdram_master|state.S_WR_PRE_WT ; CLOCK_50     ; CLOCK_50    ; 1.000        ; -0.070     ; 7.248      ;
; -6.288 ; sdram_de2115_controller:sdram_master|wait_cnt[4] ; sdram_de2115_controller:sdram_master|state.S_WR_ACT_WT ; CLOCK_50     ; CLOCK_50    ; 1.000        ; -0.516     ; 6.770      ;
; -6.288 ; sdram_de2115_controller:sdram_master|wait_cnt[4] ; sdram_de2115_controller:sdram_master|state.S_RD_ACT_WT ; CLOCK_50     ; CLOCK_50    ; 1.000        ; -0.516     ; 6.770      ;
; -6.288 ; sdram_de2115_controller:sdram_master|wait_cnt[4] ; sdram_de2115_controller:sdram_master|state.S_WR_PRE_WT ; CLOCK_50     ; CLOCK_50    ; 1.000        ; -0.516     ; 6.770      ;
; -6.281 ; async_fifo:sdram_rd_fifo|wr_bin[4]               ; sdram_de2115_controller:sdram_master|state.S_RD_PRE_WT ; CLOCK_50     ; CLOCK_50    ; 1.000        ; 0.323      ; 7.602      ;
; -6.279 ; async_fifo:sdram_rd_fifo|wr_bin[1]               ; async_fifo:sdram_rd_fifo|wr_gray[9]                    ; CLOCK_50     ; CLOCK_50    ; 1.000        ; 0.333      ; 7.610      ;
; -6.274 ; async_fifo:sdram_rd_fifo|wr_bin[1]               ; async_fifo:sdram_rd_fifo|wr_gray[10]                   ; CLOCK_50     ; CLOCK_50    ; 1.000        ; 0.333      ; 7.605      ;
; -6.240 ; async_fifo:sdram_rd_fifo|wr_bin[5]               ; sdram_de2115_controller:sdram_master|state.S_WR_ACT_WT ; CLOCK_50     ; CLOCK_50    ; 1.000        ; -0.071     ; 7.167      ;
; -6.240 ; async_fifo:sdram_rd_fifo|wr_bin[5]               ; sdram_de2115_controller:sdram_master|state.S_RD_ACT_WT ; CLOCK_50     ; CLOCK_50    ; 1.000        ; -0.071     ; 7.167      ;
; -6.240 ; async_fifo:sdram_rd_fifo|wr_bin[5]               ; sdram_de2115_controller:sdram_master|state.S_WR_PRE_WT ; CLOCK_50     ; CLOCK_50    ; 1.000        ; -0.071     ; 7.167      ;
; -6.215 ; async_fifo:sdram_rd_fifo|wr_bin[6]               ; sdram_de2115_controller:sdram_master|state.S_WR_ACT_WT ; CLOCK_50     ; CLOCK_50    ; 1.000        ; -0.071     ; 7.142      ;
; -6.215 ; async_fifo:sdram_rd_fifo|wr_bin[6]               ; sdram_de2115_controller:sdram_master|state.S_RD_ACT_WT ; CLOCK_50     ; CLOCK_50    ; 1.000        ; -0.071     ; 7.142      ;
; -6.215 ; async_fifo:sdram_rd_fifo|wr_bin[6]               ; sdram_de2115_controller:sdram_master|state.S_WR_PRE_WT ; CLOCK_50     ; CLOCK_50    ; 1.000        ; -0.071     ; 7.142      ;
; -6.206 ; async_fifo:sdram_rd_fifo|wr_bin[1]               ; async_fifo:sdram_rd_fifo|wr_gray[3]                    ; CLOCK_50     ; CLOCK_50    ; 1.000        ; 0.334      ; 7.538      ;
; -6.206 ; async_fifo:sdram_rd_fifo|wr_bin[1]               ; async_fifo:sdram_rd_fifo|wr_bin[0]                     ; CLOCK_50     ; CLOCK_50    ; 1.000        ; -0.081     ; 7.123      ;
; -6.196 ; async_fifo:sdram_rd_fifo|wr_bin[2]               ; sdram_de2115_controller:sdram_master|state.S_RD_PRE_WT ; CLOCK_50     ; CLOCK_50    ; 1.000        ; 0.323      ; 7.517      ;
; -6.190 ; async_fifo:sdram_rd_fifo|wr_bin[3]               ; sdram_de2115_controller:sdram_master|state.S_RD_PRE_WT ; CLOCK_50     ; CLOCK_50    ; 1.000        ; 0.323      ; 7.511      ;
; -6.183 ; async_fifo:sdram_rd_fifo|wr_bin[1]               ; async_fifo:sdram_rd_fifo|wr_bin[9]                     ; CLOCK_50     ; CLOCK_50    ; 1.000        ; -0.080     ; 7.101      ;
; -6.174 ; async_fifo:sdram_rd_fifo|wr_bin[1]               ; async_fifo:sdram_rd_fifo|wr_gray[4]                    ; CLOCK_50     ; CLOCK_50    ; 1.000        ; 0.334      ; 7.506      ;
; -6.173 ; async_fifo:sdram_rd_fifo|wr_bin[1]               ; async_fifo:sdram_rd_fifo|wr_gray[5]                    ; CLOCK_50     ; CLOCK_50    ; 1.000        ; 0.334      ; 7.505      ;
; -6.167 ; async_fifo:sdram_wr_fifo|wr_bin[2]               ; sdram_wr_data_reg[7]                                   ; CLOCK_50     ; CLOCK_50    ; 1.000        ; -0.079     ; 7.086      ;
; -6.165 ; async_fifo:sdram_rd_fifo|wr_bin[1]               ; async_fifo:sdram_rd_fifo|wr_gray[1]                    ; CLOCK_50     ; CLOCK_50    ; 1.000        ; 0.334      ; 7.497      ;
; -6.164 ; async_fifo:sdram_rd_fifo|wr_bin[1]               ; async_fifo:sdram_rd_fifo|wr_bin[10]                    ; CLOCK_50     ; CLOCK_50    ; 1.000        ; -0.080     ; 7.082      ;
; -6.151 ; sdram_de2115_controller:sdram_master|wait_cnt[6] ; sdram_de2115_controller:sdram_master|state.S_WR_ACT_WT ; CLOCK_50     ; CLOCK_50    ; 1.000        ; -0.516     ; 6.633      ;
; -6.151 ; sdram_de2115_controller:sdram_master|wait_cnt[6] ; sdram_de2115_controller:sdram_master|state.S_RD_ACT_WT ; CLOCK_50     ; CLOCK_50    ; 1.000        ; -0.516     ; 6.633      ;
; -6.151 ; sdram_de2115_controller:sdram_master|wait_cnt[6] ; sdram_de2115_controller:sdram_master|state.S_WR_PRE_WT ; CLOCK_50     ; CLOCK_50    ; 1.000        ; -0.516     ; 6.633      ;
; -6.148 ; async_fifo:sdram_rd_fifo|wr_bin[1]               ; async_fifo:sdram_rd_fifo|wr_gray[8]                    ; CLOCK_50     ; CLOCK_50    ; 1.000        ; 0.333      ; 7.479      ;
; -6.147 ; async_fifo:sdram_rd_fifo|wr_bin[1]               ; async_fifo:sdram_rd_fifo|wr_gray[7]                    ; CLOCK_50     ; CLOCK_50    ; 1.000        ; 0.333      ; 7.478      ;
; -6.124 ; async_fifo:sdram_wr_fifo|wr_bin[1]               ; async_fifo:sdram_wr_fifo|wr_gray[7]                    ; CLOCK_50     ; CLOCK_50    ; 1.000        ; 0.334      ; 7.456      ;
; -6.112 ; sdram_de2115_controller:sdram_master|wait_cnt[5] ; sdram_de2115_controller:sdram_master|state.S_WR_ACT_WT ; CLOCK_50     ; CLOCK_50    ; 1.000        ; -0.516     ; 6.594      ;
; -6.112 ; sdram_de2115_controller:sdram_master|wait_cnt[5] ; sdram_de2115_controller:sdram_master|state.S_RD_ACT_WT ; CLOCK_50     ; CLOCK_50    ; 1.000        ; -0.516     ; 6.594      ;
; -6.112 ; sdram_de2115_controller:sdram_master|wait_cnt[5] ; sdram_de2115_controller:sdram_master|state.S_WR_PRE_WT ; CLOCK_50     ; CLOCK_50    ; 1.000        ; -0.516     ; 6.594      ;
; -6.111 ; async_fifo:sdram_rd_fifo|wr_bin[4]               ; async_fifo:sdram_rd_fifo|mem~6                         ; CLOCK_50     ; CLOCK_50    ; 1.000        ; -0.096     ; 7.013      ;
; -6.111 ; async_fifo:sdram_rd_fifo|wr_bin[4]               ; async_fifo:sdram_rd_fifo|mem~7                         ; CLOCK_50     ; CLOCK_50    ; 1.000        ; -0.096     ; 7.013      ;
; -6.111 ; async_fifo:sdram_rd_fifo|wr_bin[4]               ; async_fifo:sdram_rd_fifo|mem~5                         ; CLOCK_50     ; CLOCK_50    ; 1.000        ; -0.096     ; 7.013      ;
; -6.111 ; async_fifo:sdram_rd_fifo|wr_bin[4]               ; async_fifo:sdram_rd_fifo|mem~2                         ; CLOCK_50     ; CLOCK_50    ; 1.000        ; -0.096     ; 7.013      ;
; -6.111 ; async_fifo:sdram_rd_fifo|wr_bin[4]               ; async_fifo:sdram_rd_fifo|mem~3                         ; CLOCK_50     ; CLOCK_50    ; 1.000        ; -0.096     ; 7.013      ;
; -6.111 ; async_fifo:sdram_rd_fifo|wr_bin[4]               ; async_fifo:sdram_rd_fifo|mem~4                         ; CLOCK_50     ; CLOCK_50    ; 1.000        ; -0.096     ; 7.013      ;
; -6.111 ; async_fifo:sdram_rd_fifo|wr_bin[4]               ; async_fifo:sdram_rd_fifo|mem~14                        ; CLOCK_50     ; CLOCK_50    ; 1.000        ; -0.096     ; 7.013      ;
; -6.103 ; async_fifo:sdram_rd_fifo|wr_bin[1]               ; async_fifo:sdram_rd_fifo|wr_gray[2]                    ; CLOCK_50     ; CLOCK_50    ; 1.000        ; 0.334      ; 7.435      ;
; -6.102 ; async_fifo:sdram_wr_fifo|wr_bin[0]               ; sdram_wr_data_reg[7]                                   ; CLOCK_50     ; CLOCK_50    ; 1.000        ; -0.079     ; 7.021      ;
; -6.098 ; async_fifo:sdram_rd_fifo|wr_bin[0]               ; sdram_de2115_controller:sdram_master|state.S_RD_PRE_WT ; CLOCK_50     ; CLOCK_50    ; 1.000        ; 0.324      ; 7.420      ;
; -6.090 ; async_fifo:sdram_rd_fifo|wr_bin[4]               ; async_fifo:sdram_rd_fifo|mem~15                        ; CLOCK_50     ; CLOCK_50    ; 1.000        ; -0.098     ; 6.990      ;
; -6.090 ; async_fifo:sdram_rd_fifo|wr_bin[4]               ; async_fifo:sdram_rd_fifo|mem~16                        ; CLOCK_50     ; CLOCK_50    ; 1.000        ; -0.098     ; 6.990      ;
; -6.090 ; async_fifo:sdram_rd_fifo|wr_bin[4]               ; async_fifo:sdram_rd_fifo|mem~22                        ; CLOCK_50     ; CLOCK_50    ; 1.000        ; -0.098     ; 6.990      ;
; -6.090 ; async_fifo:sdram_rd_fifo|wr_bin[4]               ; async_fifo:sdram_rd_fifo|mem~21                        ; CLOCK_50     ; CLOCK_50    ; 1.000        ; -0.098     ; 6.990      ;
; -6.090 ; async_fifo:sdram_rd_fifo|wr_bin[4]               ; async_fifo:sdram_rd_fifo|mem~18                        ; CLOCK_50     ; CLOCK_50    ; 1.000        ; -0.098     ; 6.990      ;
; -6.090 ; async_fifo:sdram_rd_fifo|wr_bin[4]               ; async_fifo:sdram_rd_fifo|mem~19                        ; CLOCK_50     ; CLOCK_50    ; 1.000        ; -0.098     ; 6.990      ;
; -6.090 ; async_fifo:sdram_rd_fifo|wr_bin[4]               ; async_fifo:sdram_rd_fifo|mem~20                        ; CLOCK_50     ; CLOCK_50    ; 1.000        ; -0.098     ; 6.990      ;
; -6.090 ; async_fifo:sdram_rd_fifo|wr_bin[4]               ; async_fifo:sdram_rd_fifo|mem~17                        ; CLOCK_50     ; CLOCK_50    ; 1.000        ; -0.098     ; 6.990      ;
; -6.079 ; async_fifo:sdram_rd_fifo|wr_bin[7]               ; sdram_de2115_controller:sdram_master|state.S_WR_ACT_WT ; CLOCK_50     ; CLOCK_50    ; 1.000        ; -0.071     ; 7.006      ;
; -6.079 ; async_fifo:sdram_rd_fifo|wr_bin[7]               ; sdram_de2115_controller:sdram_master|state.S_RD_ACT_WT ; CLOCK_50     ; CLOCK_50    ; 1.000        ; -0.071     ; 7.006      ;
; -6.079 ; async_fifo:sdram_rd_fifo|wr_bin[7]               ; sdram_de2115_controller:sdram_master|state.S_WR_PRE_WT ; CLOCK_50     ; CLOCK_50    ; 1.000        ; -0.071     ; 7.006      ;
; -6.074 ; async_fifo:sdram_rd_fifo|wr_bin[4]               ; async_fifo:sdram_rd_fifo|wr_gray[6]                    ; CLOCK_50     ; CLOCK_50    ; 1.000        ; 0.334      ; 7.406      ;
; -6.071 ; async_fifo:sdram_rd_fifo|wr_bin[8]               ; sdram_de2115_controller:sdram_master|state.S_WR_ACT_WT ; CLOCK_50     ; CLOCK_50    ; 1.000        ; -0.071     ; 6.998      ;
; -6.071 ; async_fifo:sdram_rd_fifo|wr_bin[8]               ; sdram_de2115_controller:sdram_master|state.S_RD_ACT_WT ; CLOCK_50     ; CLOCK_50    ; 1.000        ; -0.071     ; 6.998      ;
; -6.071 ; async_fifo:sdram_rd_fifo|wr_bin[8]               ; sdram_de2115_controller:sdram_master|state.S_WR_PRE_WT ; CLOCK_50     ; CLOCK_50    ; 1.000        ; -0.071     ; 6.998      ;
; -6.051 ; async_fifo:sdram_rd_fifo|wr_bin[1]               ; async_fifo:sdram_rd_fifo|wr_bin[7]                     ; CLOCK_50     ; CLOCK_50    ; 1.000        ; -0.080     ; 6.969      ;
; -6.050 ; async_fifo:sdram_wr_fifo|wr_bin[1]               ; sdram_wr_data_reg[22]                                  ; CLOCK_50     ; CLOCK_50    ; 1.000        ; -0.066     ; 6.982      ;
; -6.050 ; async_fifo:sdram_wr_fifo|wr_bin[1]               ; sdram_wr_data_reg[16]                                  ; CLOCK_50     ; CLOCK_50    ; 1.000        ; -0.066     ; 6.982      ;
; -6.050 ; async_fifo:sdram_wr_fifo|wr_bin[1]               ; sdram_wr_data_reg[17]                                  ; CLOCK_50     ; CLOCK_50    ; 1.000        ; -0.066     ; 6.982      ;
; -6.050 ; async_fifo:sdram_wr_fifo|wr_bin[1]               ; sdram_wr_data_reg[18]                                  ; CLOCK_50     ; CLOCK_50    ; 1.000        ; -0.066     ; 6.982      ;
; -6.050 ; async_fifo:sdram_wr_fifo|wr_bin[1]               ; sdram_wr_data_reg[19]                                  ; CLOCK_50     ; CLOCK_50    ; 1.000        ; -0.066     ; 6.982      ;
; -6.050 ; async_fifo:sdram_wr_fifo|wr_bin[1]               ; sdram_wr_data_reg[20]                                  ; CLOCK_50     ; CLOCK_50    ; 1.000        ; -0.066     ; 6.982      ;
; -6.050 ; async_fifo:sdram_wr_fifo|wr_bin[1]               ; sdram_wr_data_reg[21]                                  ; CLOCK_50     ; CLOCK_50    ; 1.000        ; -0.066     ; 6.982      ;
; -6.046 ; async_fifo:sdram_wr_fifo|wr_bin[1]               ; async_fifo:sdram_wr_fifo|wr_gray[10]                   ; CLOCK_50     ; CLOCK_50    ; 1.000        ; 0.333      ; 7.377      ;
; -6.035 ; async_fifo:sdram_wr_fifo|wr_bin[1]               ; sdram_wr_data_reg[6]                                   ; CLOCK_50     ; CLOCK_50    ; 1.000        ; -0.080     ; 6.953      ;
; -6.035 ; async_fifo:sdram_wr_fifo|wr_bin[1]               ; sdram_wr_data_reg[1]                                   ; CLOCK_50     ; CLOCK_50    ; 1.000        ; -0.080     ; 6.953      ;
+--------+--------------------------------------------------+--------------------------------------------------------+--------------+-------------+--------------+------------+------------+


+----------------------------------------------------------------------------------------------------------------------------------------------------------------------------------------------------------------------------------------------------------+
; Slow 1200mV 85C Model Hold: 'CLOCK_50'                                                                                                                                                                                                                   ;
+-------+-------------------------------------------------------------+--------------------------------------------------------------------------------------------------------------+--------------+-------------+--------------+------------+------------+
; Slack ; From Node                                                   ; To Node                                                                                                      ; Launch Clock ; Latch Clock ; Relationship ; Clock Skew ; Data Delay ;
+-------+-------------------------------------------------------------+--------------------------------------------------------------------------------------------------------------+--------------+-------------+--------------+------------+------------+
; 0.283 ; sdram_rd_fifo_wr_data_reg[19]                               ; async_fifo:sdram_rd_fifo|altsyncram:mem_rtl_0|altsyncram_4mc1:auto_generated|ram_block1a16~porta_datain_reg0 ; CLOCK_50     ; CLOCK_50    ; 0.000        ; 0.461      ; 0.966      ;
; 0.347 ; sdram_rd_fifo_wr_data_reg[17]                               ; async_fifo:sdram_rd_fifo|altsyncram:mem_rtl_0|altsyncram_4mc1:auto_generated|ram_block1a16~porta_datain_reg0 ; CLOCK_50     ; CLOCK_50    ; 0.000        ; 0.459      ; 1.028      ;
; 0.352 ; sdram_rd_fifo_wr_data_reg[18]                               ; async_fifo:sdram_rd_fifo|altsyncram:mem_rtl_0|altsyncram_4mc1:auto_generated|ram_block1a16~porta_datain_reg0 ; CLOCK_50     ; CLOCK_50    ; 0.000        ; 0.459      ; 1.033      ;
; 0.358 ; async_fifo:sdram_wr_fifo|wr_bin[6]                          ; async_fifo:sdram_wr_fifo|altsyncram:mem_rtl_0|altsyncram_8mc1:auto_generated|ram_block1a6~porta_address_reg0 ; CLOCK_50     ; CLOCK_50    ; 0.000        ; 0.431      ; 1.011      ;
; 0.370 ; async_fifo:sdram_wr_fifo|wr_bin[4]                          ; async_fifo:sdram_wr_fifo|altsyncram:mem_rtl_0|altsyncram_8mc1:auto_generated|ram_block1a6~porta_address_reg0 ; CLOCK_50     ; CLOCK_50    ; 0.000        ; 0.431      ; 1.023      ;
; 0.384 ; sdram_de2115_controller:sdram_master|addr_r[10]             ; sdram_de2115_controller:sdram_master|addr_r[10]                                                              ; CLOCK_50     ; CLOCK_50    ; 0.000        ; 0.099      ; 0.669      ;
; 0.384 ; sdram_de2115_controller:sdram_master|state.S_IDLE           ; sdram_de2115_controller:sdram_master|state.S_IDLE                                                            ; CLOCK_50     ; CLOCK_50    ; 0.000        ; 0.099      ; 0.669      ;
; 0.384 ; sdram_de2115_controller:sdram_master|bank_open              ; sdram_de2115_controller:sdram_master|bank_open                                                               ; CLOCK_50     ; CLOCK_50    ; 0.000        ; 0.099      ; 0.669      ;
; 0.384 ; sdram_de2115_controller:sdram_master|state.S_REFRESH_PRE_WT ; sdram_de2115_controller:sdram_master|state.S_REFRESH_PRE_WT                                                  ; CLOCK_50     ; CLOCK_50    ; 0.000        ; 0.099      ; 0.669      ;
; 0.384 ; sdram_de2115_controller:sdram_master|state.S_INIT_REF2_WT   ; sdram_de2115_controller:sdram_master|state.S_INIT_REF2_WT                                                    ; CLOCK_50     ; CLOCK_50    ; 0.000        ; 0.099      ; 0.669      ;
; 0.384 ; sdram_de2115_controller:sdram_master|state.S_REFRESH_WT     ; sdram_de2115_controller:sdram_master|state.S_REFRESH_WT                                                      ; CLOCK_50     ; CLOCK_50    ; 0.000        ; 0.099      ; 0.669      ;
; 0.401 ; sdram_de2115_controller:sdram_master|read_ptr[0]            ; sdram_de2115_controller:sdram_master|read_ptr[0]                                                             ; CLOCK_50     ; CLOCK_50    ; 0.000        ; 0.082      ; 0.669      ;
; 0.401 ; frame_buffer_controller:fb_ctrl|sdram_read_base[18]         ; frame_buffer_controller:fb_ctrl|sdram_read_base[18]                                                          ; CLOCK_50     ; CLOCK_50    ; 0.000        ; 0.082      ; 0.669      ;
; 0.402 ; sdram_de2115_controller:sdram_master|cke_r                  ; sdram_de2115_controller:sdram_master|cke_r                                                                   ; CLOCK_50     ; CLOCK_50    ; 0.000        ; 0.081      ; 0.669      ;
; 0.402 ; sdram_rd_bridge_phase.01                                    ; sdram_rd_bridge_phase.01                                                                                     ; CLOCK_50     ; CLOCK_50    ; 0.000        ; 0.081      ; 0.669      ;
; 0.402 ; sdram_de2115_controller:sdram_master|state.S_INIT_WAIT      ; sdram_de2115_controller:sdram_master|state.S_INIT_WAIT                                                       ; CLOCK_50     ; CLOCK_50    ; 0.000        ; 0.081      ; 0.669      ;
; 0.402 ; sdram_de2115_controller:sdram_master|state.S_RD_CAS_WT      ; sdram_de2115_controller:sdram_master|state.S_RD_CAS_WT                                                       ; CLOCK_50     ; CLOCK_50    ; 0.000        ; 0.081      ; 0.669      ;
; 0.402 ; sdram_de2115_controller:sdram_master|state.S_INIT_PRE_WT    ; sdram_de2115_controller:sdram_master|state.S_INIT_PRE_WT                                                     ; CLOCK_50     ; CLOCK_50    ; 0.000        ; 0.081      ; 0.669      ;
; 0.402 ; sdram_de2115_controller:sdram_master|state.S_INIT_MRS_WT    ; sdram_de2115_controller:sdram_master|state.S_INIT_MRS_WT                                                     ; CLOCK_50     ; CLOCK_50    ; 0.000        ; 0.081      ; 0.669      ;
; 0.402 ; sdram_de2115_controller:sdram_master|state.S_WR_RECOVER     ; sdram_de2115_controller:sdram_master|state.S_WR_RECOVER                                                      ; CLOCK_50     ; CLOCK_50    ; 0.000        ; 0.081      ; 0.669      ;
; 0.402 ; sdram_de2115_controller:sdram_master|state.S_INIT_REF1_WT   ; sdram_de2115_controller:sdram_master|state.S_INIT_REF1_WT                                                    ; CLOCK_50     ; CLOCK_50    ; 0.000        ; 0.081      ; 0.669      ;
; 0.402 ; sdram_de2115_controller:sdram_master|refresh_pending        ; sdram_de2115_controller:sdram_master|refresh_pending                                                         ; CLOCK_50     ; CLOCK_50    ; 0.000        ; 0.081      ; 0.669      ;
; 0.403 ; sdram_wr_bridge_phase.01                                    ; sdram_wr_bridge_phase.01                                                                                     ; CLOCK_50     ; CLOCK_50    ; 0.000        ; 0.080      ; 0.669      ;
; 0.403 ; sdram_wr_bridge_pending                                     ; sdram_wr_bridge_pending                                                                                      ; CLOCK_50     ; CLOCK_50    ; 0.000        ; 0.080      ; 0.669      ;
; 0.407 ; sdram_de2115_controller:sdram_master|write_ptr[0]           ; sdram_de2115_controller:sdram_master|write_ptr[0]                                                            ; CLOCK_50     ; CLOCK_50    ; 0.000        ; 0.081      ; 0.674      ;
; 0.409 ; vga_out:vga_output|clk_en                                   ; vga_out:vga_output|clk_en                                                                                    ; CLOCK_50     ; CLOCK_50    ; 0.000        ; 0.079      ; 0.674      ;
; 0.412 ; async_fifo:sdram_rd_fifo|wr_gray_sync_1[4]                  ; async_fifo:sdram_rd_fifo|wr_gray_sync_2[4]                                                                   ; CLOCK_50     ; CLOCK_50    ; 0.000        ; 0.097      ; 0.695      ;
; 0.424 ; sdram_de2115_controller:sdram_master|state.S_WR_ACT_WT      ; sdram_de2115_controller:sdram_master|state.S_WR_CMD                                                          ; CLOCK_50     ; CLOCK_50    ; 0.000        ; 0.515      ; 1.125      ;
; 0.429 ; async_fifo:sdram_wr_fifo|wr_gray_sync_1[8]                  ; async_fifo:sdram_wr_fifo|wr_gray_sync_2[8]                                                                   ; CLOCK_50     ; CLOCK_50    ; 0.000        ; 0.081      ; 0.696      ;
; 0.429 ; sdram_wr_pixel_reg[13]                                      ; sdram_ctrl_wr_data_reg[13]                                                                                   ; CLOCK_50     ; CLOCK_50    ; 0.000        ; 0.080      ; 0.695      ;
; 0.430 ; sdram_wr_pixel_reg[14]                                      ; sdram_ctrl_wr_data_reg[14]                                                                                   ; CLOCK_50     ; CLOCK_50    ; 0.000        ; 0.080      ; 0.696      ;
; 0.430 ; sdram_wr_pixel_reg[10]                                      ; sdram_ctrl_wr_data_reg[10]                                                                                   ; CLOCK_50     ; CLOCK_50    ; 0.000        ; 0.080      ; 0.696      ;
; 0.430 ; sdram_wr_pixel_reg[21]                                      ; sdram_ctrl_wr_data_reg[5]                                                                                    ; CLOCK_50     ; CLOCK_50    ; 0.000        ; 0.080      ; 0.696      ;
; 0.431 ; sdram_rd_lower_reg[5]                                       ; sdram_rd_fifo_wr_data_reg[5]                                                                                 ; CLOCK_50     ; CLOCK_50    ; 0.000        ; 0.079      ; 0.696      ;
; 0.431 ; sdram_rd_lower_reg[7]                                       ; sdram_rd_fifo_wr_data_reg[7]                                                                                 ; CLOCK_50     ; CLOCK_50    ; 0.000        ; 0.079      ; 0.696      ;
; 0.431 ; sdram_rd_lower_reg[4]                                       ; sdram_rd_fifo_wr_data_reg[4]                                                                                 ; CLOCK_50     ; CLOCK_50    ; 0.000        ; 0.079      ; 0.696      ;
; 0.431 ; sdram_rd_lower_reg[0]                                       ; sdram_rd_fifo_wr_data_reg[0]                                                                                 ; CLOCK_50     ; CLOCK_50    ; 0.000        ; 0.079      ; 0.696      ;
; 0.431 ; sdram_rd_lower_reg[14]                                      ; sdram_rd_fifo_wr_data_reg[14]                                                                                ; CLOCK_50     ; CLOCK_50    ; 0.000        ; 0.079      ; 0.696      ;
; 0.431 ; sdram_rd_lower_reg[15]                                      ; sdram_rd_fifo_wr_data_reg[15]                                                                                ; CLOCK_50     ; CLOCK_50    ; 0.000        ; 0.079      ; 0.696      ;
; 0.431 ; sdram_rd_lower_reg[8]                                       ; sdram_rd_fifo_wr_data_reg[8]                                                                                 ; CLOCK_50     ; CLOCK_50    ; 0.000        ; 0.079      ; 0.696      ;
; 0.431 ; async_fifo:sdram_wr_fifo|wr_gray_sync_1[6]                  ; async_fifo:sdram_wr_fifo|wr_gray_sync_2[6]                                                                   ; CLOCK_50     ; CLOCK_50    ; 0.000        ; 0.081      ; 0.698      ;
; 0.431 ; sdram_wr_pixel_reg[11]                                      ; sdram_ctrl_wr_data_reg[11]                                                                                   ; CLOCK_50     ; CLOCK_50    ; 0.000        ; 0.080      ; 0.697      ;
; 0.431 ; async_fifo:pixel_capture_fifo|wr_gray_sync_1[8]             ; async_fifo:pixel_capture_fifo|wr_gray_sync_2[8]                                                              ; CLOCK_50     ; CLOCK_50    ; 0.000        ; 0.081      ; 0.698      ;
; 0.432 ; sdram_rd_lower_reg[1]                                       ; sdram_rd_fifo_wr_data_reg[1]                                                                                 ; CLOCK_50     ; CLOCK_50    ; 0.000        ; 0.079      ; 0.697      ;
; 0.432 ; sdram_rd_lower_reg[13]                                      ; sdram_rd_fifo_wr_data_reg[13]                                                                                ; CLOCK_50     ; CLOCK_50    ; 0.000        ; 0.079      ; 0.697      ;
; 0.432 ; sdram_rd_lower_reg[12]                                      ; sdram_rd_fifo_wr_data_reg[12]                                                                                ; CLOCK_50     ; CLOCK_50    ; 0.000        ; 0.079      ; 0.697      ;
; 0.432 ; sdram_rd_lower_reg[9]                                       ; sdram_rd_fifo_wr_data_reg[9]                                                                                 ; CLOCK_50     ; CLOCK_50    ; 0.000        ; 0.079      ; 0.697      ;
; 0.432 ; sdram_wr_pixel_reg[12]                                      ; sdram_ctrl_wr_data_reg[12]                                                                                   ; CLOCK_50     ; CLOCK_50    ; 0.000        ; 0.080      ; 0.698      ;
; 0.435 ; async_fifo:sdram_wr_fifo|rd_gray[7]                         ; async_fifo:sdram_wr_fifo|rd_gray_sync_1[7]                                                                   ; CLOCK_50     ; CLOCK_50    ; 0.000        ; 0.081      ; 0.702      ;
; 0.435 ; async_fifo:sdram_wr_fifo|rd_gray[6]                         ; async_fifo:sdram_wr_fifo|rd_gray_sync_1[6]                                                                   ; CLOCK_50     ; CLOCK_50    ; 0.000        ; 0.081      ; 0.702      ;
; 0.437 ; async_fifo:sdram_wr_fifo|rd_gray[5]                         ; async_fifo:sdram_wr_fifo|rd_gray_sync_1[5]                                                                   ; CLOCK_50     ; CLOCK_50    ; 0.000        ; 0.080      ; 0.703      ;
; 0.438 ; async_fifo:sdram_wr_fifo|rd_gray[2]                         ; async_fifo:sdram_wr_fifo|rd_gray_sync_1[2]                                                                   ; CLOCK_50     ; CLOCK_50    ; 0.000        ; 0.080      ; 0.704      ;
; 0.439 ; async_fifo:sdram_wr_fifo|rd_gray[3]                         ; async_fifo:sdram_wr_fifo|rd_gray_sync_1[3]                                                                   ; CLOCK_50     ; CLOCK_50    ; 0.000        ; 0.080      ; 0.705      ;
; 0.440 ; async_fifo:sdram_wr_fifo|rd_gray[4]                         ; async_fifo:sdram_wr_fifo|rd_gray_sync_1[4]                                                                   ; CLOCK_50     ; CLOCK_50    ; 0.000        ; 0.080      ; 0.706      ;
; 0.442 ; sdram_wr_bridge_phase.01                                    ; sdram_wr_bridge_pending                                                                                      ; CLOCK_50     ; CLOCK_50    ; 0.000        ; 0.080      ; 0.708      ;
; 0.447 ; async_fifo:pixel_capture_fifo|wr_gray[10]                   ; async_fifo:pixel_capture_fifo|wr_gray_sync_1[10]                                                             ; TD_CLK27     ; CLOCK_50    ; 0.000        ; 0.184      ; 0.857      ;
; 0.452 ; vga_out:vga_output|h_count[6]                               ; vga_out:vga_output|VGA_HS                                                                                    ; CLOCK_50     ; CLOCK_50    ; 0.000        ; 0.080      ; 0.718      ;
; 0.453 ; sdram_de2115_controller:sdram_master|state.S_RD_CAPTURE     ; sdram_de2115_controller:sdram_master|sdram_rd_wr_en                                                          ; CLOCK_50     ; CLOCK_50    ; 0.000        ; 0.081      ; 0.720      ;
; 0.453 ; async_fifo:pixel_capture_fifo|wr_gray[8]                    ; async_fifo:pixel_capture_fifo|wr_gray_sync_1[8]                                                              ; TD_CLK27     ; CLOCK_50    ; 0.000        ; 0.184      ; 0.863      ;
; 0.458 ; sdram_de2115_controller:sdram_master|dq_oe                  ; sdram_wr_bridge_phase.01                                                                                     ; CLOCK_50     ; CLOCK_50    ; 0.000        ; 0.080      ; 0.724      ;
; 0.481 ; async_fifo:sdram_rd_fifo|mem~0                              ; vga_out:vga_output|VGA_G[3]                                                                                  ; CLOCK_50     ; CLOCK_50    ; 0.000        ; 0.079      ; 0.746      ;
; 0.482 ; async_fifo:sdram_rd_fifo|mem~0                              ; vga_out:vga_output|VGA_G[2]                                                                                  ; CLOCK_50     ; CLOCK_50    ; 0.000        ; 0.079      ; 0.747      ;
; 0.482 ; async_fifo:sdram_rd_fifo|mem~0                              ; vga_out:vga_output|VGA_G[1]                                                                                  ; CLOCK_50     ; CLOCK_50    ; 0.000        ; 0.079      ; 0.747      ;
; 0.484 ; async_fifo:sdram_rd_fifo|mem~0                              ; vga_out:vga_output|VGA_G[0]                                                                                  ; CLOCK_50     ; CLOCK_50    ; 0.000        ; 0.079      ; 0.749      ;
; 0.493 ; async_fifo:pixel_capture_fifo|wr_gray[7]                    ; async_fifo:pixel_capture_fifo|wr_gray_sync_1[7]                                                              ; TD_CLK27     ; CLOCK_50    ; 0.000        ; 0.184      ; 0.903      ;
; 0.495 ; async_fifo:pixel_capture_fifo|wr_gray[9]                    ; async_fifo:pixel_capture_fifo|wr_gray_sync_1[9]                                                              ; TD_CLK27     ; CLOCK_50    ; 0.000        ; 0.184      ; 0.905      ;
; 0.541 ; sdram_de2115_controller:sdram_master|state.S_REFRESH_PRE_WT ; sdram_de2115_controller:sdram_master|state.S_REFRESH                                                         ; CLOCK_50     ; CLOCK_50    ; 0.000        ; 0.099      ; 0.826      ;
; 0.550 ; sdram_rd_fifo_wr_data_reg[22]                               ; async_fifo:sdram_rd_fifo|altsyncram:mem_rtl_0|altsyncram_4mc1:auto_generated|ram_block1a20~porta_datain_reg0 ; CLOCK_50     ; CLOCK_50    ; 0.000        ; 0.463      ; 1.235      ;
; 0.553 ; sdram_wr_pixel_reg[15]                                      ; sdram_ctrl_wr_data_reg[15]                                                                                   ; CLOCK_50     ; CLOCK_50    ; 0.000        ; 0.080      ; 0.819      ;
; 0.553 ; sdram_wr_pixel_reg[5]                                       ; sdram_ctrl_wr_data_reg[5]                                                                                    ; CLOCK_50     ; CLOCK_50    ; 0.000        ; 0.080      ; 0.819      ;
; 0.554 ; sdram_wr_pixel_reg[24]                                      ; sdram_ctrl_wr_data_reg[8]                                                                                    ; CLOCK_50     ; CLOCK_50    ; 0.000        ; 0.080      ; 0.820      ;
; 0.567 ; sdram_rd_fifo_wr_data_reg[20]                               ; async_fifo:sdram_rd_fifo|altsyncram:mem_rtl_0|altsyncram_4mc1:auto_generated|ram_block1a20~porta_datain_reg0 ; CLOCK_50     ; CLOCK_50    ; 0.000        ; 0.461      ; 1.250      ;
; 0.572 ; async_fifo:sdram_wr_fifo|wr_bin[11]                         ; async_fifo:sdram_wr_fifo|wr_bin[11]                                                                          ; CLOCK_50     ; CLOCK_50    ; 0.000        ; 0.098      ; 0.856      ;
; 0.583 ; async_fifo:sdram_rd_fifo|wr_gray_sync_1[5]                  ; async_fifo:sdram_rd_fifo|wr_gray_sync_2[5]                                                                   ; CLOCK_50     ; CLOCK_50    ; 0.000        ; 0.097      ; 0.866      ;
; 0.584 ; async_fifo:sdram_rd_fifo|wr_bin[11]                         ; async_fifo:sdram_rd_fifo|wr_bin[11]                                                                          ; CLOCK_50     ; CLOCK_50    ; 0.000        ; 0.097      ; 0.867      ;
; 0.588 ; sdram_rd_fifo_wr_data_reg[3]                                ; async_fifo:sdram_rd_fifo|altsyncram:mem_rtl_0|altsyncram_4mc1:auto_generated|ram_block1a0~porta_datain_reg0  ; CLOCK_50     ; CLOCK_50    ; 0.000        ; 0.457      ; 1.267      ;
; 0.593 ; sdram_de2115_controller:sdram_master|sdram_rd_wr_data[15]   ; sdram_rd_lower_reg[15]                                                                                       ; CLOCK_50     ; CLOCK_50    ; 0.000        ; 0.077      ; 0.856      ;
; 0.593 ; async_fifo:sdram_rd_fifo|rd_bin[11]                         ; async_fifo:sdram_rd_fifo|rd_bin[11]                                                                          ; CLOCK_50     ; CLOCK_50    ; 0.000        ; 0.080      ; 0.859      ;
; 0.594 ; sdram_rd_lower_reg[3]                                       ; sdram_rd_fifo_wr_data_reg[3]                                                                                 ; CLOCK_50     ; CLOCK_50    ; 0.000        ; 0.081      ; 0.861      ;
; 0.598 ; sdram_de2115_controller:sdram_master|sdram_rd_wr_data[11]   ; sdram_rd_lower_reg[11]                                                                                       ; CLOCK_50     ; CLOCK_50    ; 0.000        ; 0.077      ; 0.861      ;
; 0.598 ; async_fifo:sdram_wr_fifo|wr_gray_sync_1[9]                  ; async_fifo:sdram_wr_fifo|wr_gray_sync_2[9]                                                                   ; CLOCK_50     ; CLOCK_50    ; 0.000        ; 0.081      ; 0.865      ;
; 0.599 ; async_fifo:sdram_wr_fifo|wr_gray_sync_1[7]                  ; async_fifo:sdram_wr_fifo|wr_gray_sync_2[7]                                                                   ; CLOCK_50     ; CLOCK_50    ; 0.000        ; 0.081      ; 0.866      ;
; 0.599 ; async_fifo:sdram_wr_fifo|wr_gray_sync_1[1]                  ; async_fifo:sdram_wr_fifo|wr_gray_sync_2[1]                                                                   ; CLOCK_50     ; CLOCK_50    ; 0.000        ; 0.081      ; 0.866      ;
; 0.599 ; async_fifo:pixel_capture_fifo|wr_gray_sync_1[10]            ; async_fifo:pixel_capture_fifo|wr_gray_sync_2[10]                                                             ; CLOCK_50     ; CLOCK_50    ; 0.000        ; 0.081      ; 0.866      ;
; 0.600 ; async_fifo:sdram_wr_fifo|wr_gray_sync_1[0]                  ; async_fifo:sdram_wr_fifo|wr_gray_sync_2[0]                                                                   ; CLOCK_50     ; CLOCK_50    ; 0.000        ; 0.081      ; 0.867      ;
; 0.600 ; async_fifo:sdram_wr_fifo|mem_rtl_0_bypass[26]               ; sdram_wr_pixel_reg[3]                                                                                        ; CLOCK_50     ; CLOCK_50    ; 0.000        ; 0.080      ; 0.866      ;
; 0.600 ; async_fifo:sdram_wr_fifo|mem_rtl_0_bypass[25]               ; sdram_wr_pixel_reg[2]                                                                                        ; CLOCK_50     ; CLOCK_50    ; 0.000        ; 0.080      ; 0.866      ;
; 0.601 ; async_fifo:sdram_rd_fifo|mem_rtl_0_bypass[27]               ; vga_out:vga_output|VGA_B[4]                                                                                  ; CLOCK_50     ; CLOCK_50    ; 0.000        ; 0.079      ; 0.866      ;
; 0.601 ; async_fifo:sdram_rd_fifo|mem_rtl_0_bypass[23]               ; vga_out:vga_output|VGA_B[0]                                                                                  ; CLOCK_50     ; CLOCK_50    ; 0.000        ; 0.079      ; 0.866      ;
; 0.601 ; async_fifo:sdram_rd_fifo|mem_rtl_0_bypass[32]               ; vga_out:vga_output|VGA_G[1]                                                                                  ; CLOCK_50     ; CLOCK_50    ; 0.000        ; 0.079      ; 0.866      ;
; 0.601 ; async_fifo:sdram_rd_fifo|mem~18                             ; vga_out:vga_output|VGA_R[1]                                                                                  ; CLOCK_50     ; CLOCK_50    ; 0.000        ; 0.077      ; 0.864      ;
; 0.601 ; async_fifo:sdram_wr_fifo|wr_gray_sync_1[5]                  ; async_fifo:sdram_wr_fifo|wr_gray_sync_2[5]                                                                   ; CLOCK_50     ; CLOCK_50    ; 0.000        ; 0.080      ; 0.867      ;
; 0.601 ; async_fifo:sdram_rd_fifo|wr_gray_sync_1[8]                  ; async_fifo:sdram_rd_fifo|wr_gray_sync_2[8]                                                                   ; CLOCK_50     ; CLOCK_50    ; 0.000        ; 0.080      ; 0.867      ;
; 0.601 ; async_fifo:sdram_rd_fifo|wr_gray_sync_1[6]                  ; async_fifo:sdram_rd_fifo|wr_gray_sync_2[6]                                                                   ; CLOCK_50     ; CLOCK_50    ; 0.000        ; 0.080      ; 0.867      ;
; 0.601 ; async_fifo:sdram_rd_fifo|wr_gray_sync_1[7]                  ; async_fifo:sdram_rd_fifo|wr_gray_sync_2[7]                                                                   ; CLOCK_50     ; CLOCK_50    ; 0.000        ; 0.080      ; 0.867      ;
; 0.601 ; async_fifo:sdram_wr_fifo|mem_rtl_0_bypass[32]               ; sdram_wr_pixel_reg[9]                                                                                        ; CLOCK_50     ; CLOCK_50    ; 0.000        ; 0.080      ; 0.867      ;
; 0.601 ; async_fifo:sdram_wr_fifo|mem_rtl_0_bypass[42]               ; sdram_wr_pixel_reg[19]                                                                                       ; CLOCK_50     ; CLOCK_50    ; 0.000        ; 0.080      ; 0.867      ;
; 0.601 ; async_fifo:sdram_wr_fifo|mem_rtl_0_bypass[41]               ; sdram_wr_pixel_reg[18]                                                                                       ; CLOCK_50     ; CLOCK_50    ; 0.000        ; 0.080      ; 0.867      ;
; 0.602 ; async_fifo:sdram_rd_fifo|mem_rtl_0_bypass[26]               ; vga_out:vga_output|VGA_B[3]                                                                                  ; CLOCK_50     ; CLOCK_50    ; 0.000        ; 0.079      ; 0.867      ;
; 0.602 ; async_fifo:sdram_rd_fifo|mem_rtl_0_bypass[35]               ; vga_out:vga_output|VGA_G[4]                                                                                  ; CLOCK_50     ; CLOCK_50    ; 0.000        ; 0.079      ; 0.867      ;
+-------+-------------------------------------------------------------+--------------------------------------------------------------------------------------------------------------+--------------+-------------+--------------+------------+------------+


+----------------------------------------------------------------------------------------------------------------------------------------------------------------------------------------------------------------------------------------------------+
; Slow 1200mV 85C Model Hold: 'TD_CLK27'                                                                                                                                                                                                             ;
+-------+--------------------------------------------------+-------------------------------------------------------------------------------------------------------------------+--------------+-------------+--------------+------------+------------+
; Slack ; From Node                                        ; To Node                                                                                                           ; Launch Clock ; Latch Clock ; Relationship ; Clock Skew ; Data Delay ;
+-------+--------------------------------------------------+-------------------------------------------------------------------------------------------------------------------+--------------+-------------+--------------+------------+------------+
; 0.385 ; video_in:video_in_decoder|rPixel_Count[1]        ; video_in:video_in_decoder|rPixel_Count[1]                                                                         ; TD_CLK27     ; TD_CLK27    ; 0.000        ; 0.098      ; 0.669      ;
; 0.390 ; video_in:video_in_decoder|rPixel_Count[0]        ; video_in:video_in_decoder|rPixel_Count[0]                                                                         ; TD_CLK27     ; TD_CLK27    ; 0.000        ; 0.098      ; 0.674      ;
; 0.433 ; video_in:video_in_decoder|rVS_d1                 ; video_in:video_in_decoder|oV_Sync                                                                                 ; TD_CLK27     ; TD_CLK27    ; 0.000        ; 0.098      ; 0.717      ;
; 0.463 ; video_in:video_in_decoder|rHS_d2                 ; video_in:video_in_decoder|rPixel_Count[0]                                                                         ; TD_CLK27     ; TD_CLK27    ; 0.000        ; 0.098      ; 0.747      ;
; 0.473 ; video_in:video_in_decoder|rHS_d2                 ; video_in:video_in_decoder|rPixel_Count[1]                                                                         ; TD_CLK27     ; TD_CLK27    ; 0.000        ; 0.098      ; 0.757      ;
; 0.558 ; async_fifo:pixel_capture_fifo|rd_gray[4]         ; async_fifo:pixel_capture_fifo|rd_gray_sync_1[4]                                                                   ; CLOCK_50     ; TD_CLK27    ; 0.000        ; 0.042      ; 0.826      ;
; 0.559 ; async_fifo:pixel_capture_fifo|rd_gray[9]         ; async_fifo:pixel_capture_fifo|rd_gray_sync_1[9]                                                                   ; CLOCK_50     ; TD_CLK27    ; 0.000        ; 0.041      ; 0.826      ;
; 0.559 ; async_fifo:pixel_capture_fifo|rd_gray[1]         ; async_fifo:pixel_capture_fifo|rd_gray_sync_1[1]                                                                   ; CLOCK_50     ; TD_CLK27    ; 0.000        ; 0.041      ; 0.826      ;
; 0.573 ; async_fifo:pixel_capture_fifo|rd_gray[6]         ; async_fifo:pixel_capture_fifo|rd_gray_sync_1[6]                                                                   ; CLOCK_50     ; TD_CLK27    ; 0.000        ; 0.042      ; 0.841      ;
; 0.574 ; async_fifo:pixel_capture_fifo|rd_gray[2]         ; async_fifo:pixel_capture_fifo|rd_gray_sync_1[2]                                                                   ; CLOCK_50     ; TD_CLK27    ; 0.000        ; 0.041      ; 0.841      ;
; 0.574 ; async_fifo:pixel_capture_fifo|rd_bin[11]         ; async_fifo:pixel_capture_fifo|rd_gray_sync_1[11]                                                                  ; CLOCK_50     ; TD_CLK27    ; 0.000        ; 0.041      ; 0.841      ;
; 0.574 ; async_fifo:pixel_capture_fifo|rd_gray[0]         ; async_fifo:pixel_capture_fifo|rd_gray_sync_1[0]                                                                   ; CLOCK_50     ; TD_CLK27    ; 0.000        ; 0.041      ; 0.841      ;
; 0.574 ; async_fifo:pixel_capture_fifo|rd_gray[5]         ; async_fifo:pixel_capture_fifo|rd_gray_sync_1[5]                                                                   ; CLOCK_50     ; TD_CLK27    ; 0.000        ; 0.042      ; 0.842      ;
; 0.574 ; async_fifo:pixel_capture_fifo|rd_gray[3]         ; async_fifo:pixel_capture_fifo|rd_gray_sync_1[3]                                                                   ; CLOCK_50     ; TD_CLK27    ; 0.000        ; 0.041      ; 0.841      ;
; 0.576 ; async_fifo:pixel_capture_fifo|rd_gray[8]         ; async_fifo:pixel_capture_fifo|rd_gray_sync_1[8]                                                                   ; CLOCK_50     ; TD_CLK27    ; 0.000        ; 0.041      ; 0.843      ;
; 0.576 ; async_fifo:pixel_capture_fifo|rd_gray[7]         ; async_fifo:pixel_capture_fifo|rd_gray_sync_1[7]                                                                   ; CLOCK_50     ; TD_CLK27    ; 0.000        ; 0.042      ; 0.844      ;
; 0.599 ; async_fifo:pixel_capture_fifo|rd_gray_sync_1[4]  ; async_fifo:pixel_capture_fifo|rd_gray_sync_2[4]                                                                   ; TD_CLK27     ; TD_CLK27    ; 0.000        ; 0.081      ; 0.866      ;
; 0.599 ; async_fifo:pixel_capture_fifo|rd_gray_sync_1[0]  ; async_fifo:pixel_capture_fifo|rd_gray_sync_2[0]                                                                   ; TD_CLK27     ; TD_CLK27    ; 0.000        ; 0.081      ; 0.866      ;
; 0.601 ; async_fifo:pixel_capture_fifo|rd_gray_sync_1[5]  ; async_fifo:pixel_capture_fifo|rd_gray_sync_2[5]                                                                   ; TD_CLK27     ; TD_CLK27    ; 0.000        ; 0.081      ; 0.868      ;
; 0.604 ; video_in:video_in_decoder|rHS_d1                 ; video_in:video_in_decoder|rHS_d2                                                                                  ; TD_CLK27     ; TD_CLK27    ; 0.000        ; 0.098      ; 0.888      ;
; 0.612 ; video_in:video_in_decoder|oV_Sync                ; frame_buffer_controller:fb_ctrl|tv_frame_done_d                                                                   ; TD_CLK27     ; TD_CLK27    ; 0.000        ; 0.098      ; 0.896      ;
; 0.620 ; async_fifo:pixel_capture_fifo|rd_gray[10]        ; async_fifo:pixel_capture_fifo|rd_gray_sync_1[10]                                                                  ; CLOCK_50     ; TD_CLK27    ; 0.000        ; 0.041      ; 0.887      ;
; 0.637 ; async_fifo:pixel_capture_fifo|wr_bin[1]          ; async_fifo:pixel_capture_fifo|wr_bin[1]                                                                           ; TD_CLK27     ; TD_CLK27    ; 0.000        ; 0.098      ; 0.921      ;
; 0.639 ; async_fifo:pixel_capture_fifo|wr_bin[2]          ; async_fifo:pixel_capture_fifo|wr_bin[2]                                                                           ; TD_CLK27     ; TD_CLK27    ; 0.000        ; 0.098      ; 0.923      ;
; 0.642 ; source_x_count[1]                                ; source_x_count[1]                                                                                                 ; TD_CLK27     ; TD_CLK27    ; 0.000        ; 0.080      ; 0.908      ;
; 0.643 ; video_in:video_in_decoder|rPixel_Count[0]        ; video_in:video_in_decoder|rPixel_Count[1]                                                                         ; TD_CLK27     ; TD_CLK27    ; 0.000        ; 0.098      ; 0.927      ;
; 0.644 ; source_x_count[2]                                ; source_x_count[2]                                                                                                 ; TD_CLK27     ; TD_CLK27    ; 0.000        ; 0.080      ; 0.910      ;
; 0.645 ; async_fifo:pixel_capture_fifo|wr_bin[7]          ; async_fifo:pixel_capture_fifo|wr_bin[7]                                                                           ; TD_CLK27     ; TD_CLK27    ; 0.000        ; 0.098      ; 0.929      ;
; 0.645 ; video_in:video_in_decoder|rHS_d1                 ; video_in:video_in_decoder|rPixel_Count[0]                                                                         ; TD_CLK27     ; TD_CLK27    ; 0.000        ; 0.098      ; 0.929      ;
; 0.646 ; video_in:video_in_decoder|rVS_d1                 ; video_in:video_in_decoder|rPixel_Count[0]                                                                         ; TD_CLK27     ; TD_CLK27    ; 0.000        ; 0.098      ; 0.930      ;
; 0.648 ; async_fifo:pixel_capture_fifo|wr_bin[5]          ; async_fifo:pixel_capture_fifo|wr_bin[5]                                                                           ; TD_CLK27     ; TD_CLK27    ; 0.000        ; 0.098      ; 0.932      ;
; 0.649 ; async_fifo:pixel_capture_fifo|wr_bin[10]         ; async_fifo:pixel_capture_fifo|wr_bin[10]                                                                          ; TD_CLK27     ; TD_CLK27    ; 0.000        ; 0.098      ; 0.933      ;
; 0.650 ; source_x_count[9]                                ; source_x_count[9]                                                                                                 ; TD_CLK27     ; TD_CLK27    ; 0.000        ; 0.080      ; 0.916      ;
; 0.651 ; async_fifo:pixel_capture_fifo|wr_bin[6]          ; async_fifo:pixel_capture_fifo|wr_bin[6]                                                                           ; TD_CLK27     ; TD_CLK27    ; 0.000        ; 0.098      ; 0.935      ;
; 0.651 ; source_x_count[7]                                ; source_x_count[7]                                                                                                 ; TD_CLK27     ; TD_CLK27    ; 0.000        ; 0.080      ; 0.917      ;
; 0.653 ; source_x_count[3]                                ; source_x_count[3]                                                                                                 ; TD_CLK27     ; TD_CLK27    ; 0.000        ; 0.080      ; 0.919      ;
; 0.653 ; source_x_count[5]                                ; source_x_count[5]                                                                                                 ; TD_CLK27     ; TD_CLK27    ; 0.000        ; 0.080      ; 0.919      ;
; 0.654 ; source_x_count[8]                                ; source_x_count[8]                                                                                                 ; TD_CLK27     ; TD_CLK27    ; 0.000        ; 0.080      ; 0.920      ;
; 0.656 ; source_x_count[4]                                ; source_x_count[4]                                                                                                 ; TD_CLK27     ; TD_CLK27    ; 0.000        ; 0.080      ; 0.922      ;
; 0.657 ; async_fifo:pixel_capture_fifo|wr_bin[0]          ; async_fifo:pixel_capture_fifo|wr_bin[0]                                                                           ; TD_CLK27     ; TD_CLK27    ; 0.000        ; 0.098      ; 0.941      ;
; 0.670 ; source_x_count[6]                                ; source_x_count[6]                                                                                                 ; TD_CLK27     ; TD_CLK27    ; 0.000        ; 0.080      ; 0.936      ;
; 0.670 ; source_x_count[0]                                ; source_x_count[0]                                                                                                 ; TD_CLK27     ; TD_CLK27    ; 0.000        ; 0.080      ; 0.936      ;
; 0.725 ; frame_buffer_controller:fb_ctrl|tv_frame_done_d  ; frame_buffer_controller:fb_ctrl|write_select                                                                      ; TD_CLK27     ; TD_CLK27    ; 0.000        ; 0.098      ; 1.009      ;
; 0.761 ; async_fifo:pixel_capture_fifo|rd_gray_sync_1[3]  ; async_fifo:pixel_capture_fifo|rd_gray_sync_2[3]                                                                   ; TD_CLK27     ; TD_CLK27    ; 0.000        ; 0.082      ; 1.029      ;
; 0.762 ; async_fifo:pixel_capture_fifo|rd_gray_sync_1[7]  ; async_fifo:pixel_capture_fifo|rd_gray_sync_2[7]                                                                   ; TD_CLK27     ; TD_CLK27    ; 0.000        ; 0.081      ; 1.029      ;
; 0.769 ; async_fifo:pixel_capture_fifo|wr_bin[9]          ; async_fifo:pixel_capture_fifo|altsyncram:mem_rtl_0|altsyncram_69d1:auto_generated|ram_block1a4~porta_address_reg0 ; TD_CLK27     ; TD_CLK27    ; 0.000        ; 0.028      ; 1.019      ;
; 0.778 ; video_in:video_in_decoder|oV_Sync                ; async_fifo:pixel_capture_fifo|altsyncram:mem_rtl_0|altsyncram_69d1:auto_generated|ram_block1a8~porta_datain_reg0  ; TD_CLK27     ; TD_CLK27    ; 0.000        ; 0.034      ; 1.034      ;
; 0.783 ; async_fifo:pixel_capture_fifo|rd_gray_sync_1[6]  ; async_fifo:pixel_capture_fifo|rd_gray_sync_2[6]                                                                   ; TD_CLK27     ; TD_CLK27    ; 0.000        ; 0.081      ; 1.050      ;
; 0.784 ; async_fifo:pixel_capture_fifo|rd_gray_sync_1[2]  ; async_fifo:pixel_capture_fifo|rd_gray_sync_2[2]                                                                   ; TD_CLK27     ; TD_CLK27    ; 0.000        ; 0.082      ; 1.052      ;
; 0.791 ; async_fifo:pixel_capture_fifo|rd_gray_sync_1[1]  ; async_fifo:pixel_capture_fifo|rd_gray_sync_2[1]                                                                   ; TD_CLK27     ; TD_CLK27    ; 0.000        ; 0.082      ; 1.059      ;
; 0.794 ; async_fifo:pixel_capture_fifo|wr_bin[4]          ; async_fifo:pixel_capture_fifo|altsyncram:mem_rtl_0|altsyncram_69d1:auto_generated|ram_block1a4~porta_address_reg0 ; TD_CLK27     ; TD_CLK27    ; 0.000        ; 0.028      ; 1.044      ;
; 0.802 ; async_fifo:pixel_capture_fifo|rd_gray_sync_1[11] ; async_fifo:pixel_capture_fifo|rd_gray_sync_2[11]                                                                  ; TD_CLK27     ; TD_CLK27    ; 0.000        ; 0.080      ; 1.068      ;
; 0.807 ; async_fifo:pixel_capture_fifo|wr_bin[2]          ; async_fifo:pixel_capture_fifo|altsyncram:mem_rtl_0|altsyncram_69d1:auto_generated|ram_block1a4~porta_address_reg0 ; TD_CLK27     ; TD_CLK27    ; 0.000        ; 0.028      ; 1.057      ;
; 0.808 ; video_in:video_in_decoder|rVS_d1                 ; video_in:video_in_decoder|oVideo_Valid                                                                            ; TD_CLK27     ; TD_CLK27    ; 0.000        ; 0.098      ; 1.092      ;
; 0.821 ; async_fifo:pixel_capture_fifo|wr_bin[1]          ; async_fifo:pixel_capture_fifo|altsyncram:mem_rtl_0|altsyncram_69d1:auto_generated|ram_block1a4~porta_address_reg0 ; TD_CLK27     ; TD_CLK27    ; 0.000        ; 0.028      ; 1.071      ;
; 0.822 ; video_in:video_in_decoder|rHS_d2                 ; async_fifo:pixel_capture_fifo|altsyncram:mem_rtl_0|altsyncram_69d1:auto_generated|ram_block1a8~porta_datain_reg0  ; TD_CLK27     ; TD_CLK27    ; 0.000        ; 0.034      ; 1.078      ;
; 0.842 ; async_fifo:pixel_capture_fifo|wr_bin[6]          ; async_fifo:pixel_capture_fifo|altsyncram:mem_rtl_0|altsyncram_69d1:auto_generated|ram_block1a4~porta_address_reg0 ; TD_CLK27     ; TD_CLK27    ; 0.000        ; 0.028      ; 1.092      ;
; 0.932 ; video_in:video_in_decoder|rHS_d1                 ; video_in:video_in_decoder|oVideo_Valid                                                                            ; TD_CLK27     ; TD_CLK27    ; 0.000        ; 0.098      ; 1.216      ;
; 0.955 ; async_fifo:pixel_capture_fifo|wr_bin[1]          ; async_fifo:pixel_capture_fifo|wr_bin[2]                                                                           ; TD_CLK27     ; TD_CLK27    ; 0.000        ; 0.098      ; 1.239      ;
; 0.960 ; source_x_count[1]                                ; source_x_count[2]                                                                                                 ; TD_CLK27     ; TD_CLK27    ; 0.000        ; 0.080      ; 1.226      ;
; 0.965 ; async_fifo:pixel_capture_fifo|wr_bin[5]          ; async_fifo:pixel_capture_fifo|wr_bin[6]                                                                           ; TD_CLK27     ; TD_CLK27    ; 0.000        ; 0.098      ; 1.249      ;
; 0.966 ; async_fifo:pixel_capture_fifo|wr_bin[2]          ; async_fifo:pixel_capture_fifo|wr_bin[3]                                                                           ; TD_CLK27     ; TD_CLK27    ; 0.000        ; 0.098      ; 1.250      ;
; 0.969 ; source_x_count[7]                                ; source_x_count[8]                                                                                                 ; TD_CLK27     ; TD_CLK27    ; 0.000        ; 0.080      ; 1.235      ;
; 0.970 ; async_fifo:pixel_capture_fifo|wr_bin[0]          ; async_fifo:pixel_capture_fifo|wr_bin[1]                                                                           ; TD_CLK27     ; TD_CLK27    ; 0.000        ; 0.098      ; 1.254      ;
; 0.970 ; source_x_count[3]                                ; source_x_count[4]                                                                                                 ; TD_CLK27     ; TD_CLK27    ; 0.000        ; 0.080      ; 1.236      ;
; 0.970 ; source_x_count[5]                                ; source_x_count[6]                                                                                                 ; TD_CLK27     ; TD_CLK27    ; 0.000        ; 0.080      ; 1.236      ;
; 0.971 ; source_x_count[2]                                ; source_x_count[3]                                                                                                 ; TD_CLK27     ; TD_CLK27    ; 0.000        ; 0.080      ; 1.237      ;
; 0.972 ; async_fifo:pixel_capture_fifo|wr_bin[8]          ; async_fifo:pixel_capture_fifo|wr_bin[9]                                                                           ; TD_CLK27     ; TD_CLK27    ; 0.000        ; 0.098      ; 1.256      ;
; 0.974 ; source_x_count[0]                                ; source_x_count[1]                                                                                                 ; TD_CLK27     ; TD_CLK27    ; 0.000        ; 0.080      ; 1.240      ;
; 0.975 ; async_fifo:pixel_capture_fifo|wr_bin[0]          ; async_fifo:pixel_capture_fifo|wr_bin[2]                                                                           ; TD_CLK27     ; TD_CLK27    ; 0.000        ; 0.098      ; 1.259      ;
; 0.976 ; source_x_count[2]                                ; source_x_count[4]                                                                                                 ; TD_CLK27     ; TD_CLK27    ; 0.000        ; 0.080      ; 1.242      ;
; 0.977 ; async_fifo:pixel_capture_fifo|wr_bin[8]          ; async_fifo:pixel_capture_fifo|wr_bin[10]                                                                          ; TD_CLK27     ; TD_CLK27    ; 0.000        ; 0.098      ; 1.261      ;
; 0.978 ; async_fifo:pixel_capture_fifo|wr_bin[6]          ; async_fifo:pixel_capture_fifo|wr_bin[7]                                                                           ; TD_CLK27     ; TD_CLK27    ; 0.000        ; 0.098      ; 1.262      ;
; 0.979 ; source_x_count[0]                                ; source_x_count[2]                                                                                                 ; TD_CLK27     ; TD_CLK27    ; 0.000        ; 0.080      ; 1.245      ;
; 0.981 ; source_x_count[8]                                ; source_x_count[9]                                                                                                 ; TD_CLK27     ; TD_CLK27    ; 0.000        ; 0.080      ; 1.247      ;
; 0.983 ; source_x_count[4]                                ; source_x_count[5]                                                                                                 ; TD_CLK27     ; TD_CLK27    ; 0.000        ; 0.080      ; 1.249      ;
; 0.988 ; source_x_count[4]                                ; source_x_count[6]                                                                                                 ; TD_CLK27     ; TD_CLK27    ; 0.000        ; 0.080      ; 1.254      ;
; 0.990 ; async_fifo:pixel_capture_fifo|rd_gray_sync_1[9]  ; async_fifo:pixel_capture_fifo|rd_gray_sync_2[9]                                                                   ; TD_CLK27     ; TD_CLK27    ; 0.000        ; 0.083      ; 1.259      ;
; 0.997 ; source_x_count[6]                                ; source_x_count[7]                                                                                                 ; TD_CLK27     ; TD_CLK27    ; 0.000        ; 0.080      ; 1.263      ;
; 1.002 ; source_x_count[6]                                ; source_x_count[8]                                                                                                 ; TD_CLK27     ; TD_CLK27    ; 0.000        ; 0.080      ; 1.268      ;
; 1.004 ; video_in:video_in_decoder|rData_d1[1]            ; video_in:video_in_decoder|U[1]                                                                                    ; TD_CLK27     ; TD_CLK27    ; 0.000        ; -0.299     ; 0.891      ;
; 1.009 ; async_fifo:pixel_capture_fifo|rd_gray_sync_1[8]  ; async_fifo:pixel_capture_fifo|rd_gray_sync_2[8]                                                                   ; TD_CLK27     ; TD_CLK27    ; 0.000        ; 0.083      ; 1.278      ;
; 1.013 ; video_in:video_in_decoder|rVS_d1                 ; video_in:video_in_decoder|rPixel_Count[1]                                                                         ; TD_CLK27     ; TD_CLK27    ; 0.000        ; 0.098      ; 1.297      ;
; 1.014 ; async_fifo:pixel_capture_fifo|rd_gray_sync_1[10] ; async_fifo:pixel_capture_fifo|rd_gray_sync_2[10]                                                                  ; TD_CLK27     ; TD_CLK27    ; 0.000        ; 0.080      ; 1.280      ;
; 1.014 ; video_in:video_in_decoder|oV_Sync                ; frame_buffer_controller:fb_ctrl|write_select                                                                      ; TD_CLK27     ; TD_CLK27    ; 0.000        ; 0.098      ; 1.298      ;
; 1.034 ; video_in:video_in_decoder|rHS_d2                 ; h_sync_d                                                                                                          ; TD_CLK27     ; TD_CLK27    ; 0.000        ; 0.098      ; 1.318      ;
; 1.035 ; async_fifo:pixel_capture_fifo|wr_bin[5]          ; async_fifo:pixel_capture_fifo|altsyncram:mem_rtl_0|altsyncram_69d1:auto_generated|ram_block1a4~porta_address_reg0 ; TD_CLK27     ; TD_CLK27    ; 0.000        ; 0.028      ; 1.285      ;
; 1.043 ; async_fifo:pixel_capture_fifo|wr_bin[3]          ; async_fifo:pixel_capture_fifo|wr_bin[3]                                                                           ; TD_CLK27     ; TD_CLK27    ; 0.000        ; 0.098      ; 1.327      ;
; 1.068 ; video_in:video_in_decoder|rData_d1[7]            ; video_in:video_in_decoder|U[7]                                                                                    ; TD_CLK27     ; TD_CLK27    ; 0.000        ; -0.299     ; 0.955      ;
; 1.076 ; async_fifo:pixel_capture_fifo|wr_bin[1]          ; async_fifo:pixel_capture_fifo|wr_bin[3]                                                                           ; TD_CLK27     ; TD_CLK27    ; 0.000        ; 0.098      ; 1.360      ;
; 1.081 ; source_x_count[1]                                ; source_x_count[3]                                                                                                 ; TD_CLK27     ; TD_CLK27    ; 0.000        ; 0.080      ; 1.347      ;
; 1.084 ; async_fifo:pixel_capture_fifo|wr_bin[7]          ; async_fifo:pixel_capture_fifo|wr_bin[9]                                                                           ; TD_CLK27     ; TD_CLK27    ; 0.000        ; 0.098      ; 1.368      ;
; 1.086 ; async_fifo:pixel_capture_fifo|wr_bin[3]          ; async_fifo:pixel_capture_fifo|altsyncram:mem_rtl_0|altsyncram_69d1:auto_generated|ram_block1a8~porta_address_reg0 ; TD_CLK27     ; TD_CLK27    ; 0.000        ; 0.039      ; 1.347      ;
; 1.086 ; async_fifo:pixel_capture_fifo|wr_bin[5]          ; async_fifo:pixel_capture_fifo|wr_bin[7]                                                                           ; TD_CLK27     ; TD_CLK27    ; 0.000        ; 0.098      ; 1.370      ;
; 1.086 ; source_x_count[1]                                ; source_x_count[4]                                                                                                 ; TD_CLK27     ; TD_CLK27    ; 0.000        ; 0.080      ; 1.352      ;
; 1.087 ; async_fifo:pixel_capture_fifo|wr_bin[7]          ; async_fifo:pixel_capture_fifo|altsyncram:mem_rtl_0|altsyncram_69d1:auto_generated|ram_block1a0~porta_address_reg0 ; TD_CLK27     ; TD_CLK27    ; 0.000        ; 0.037      ; 1.346      ;
; 1.089 ; async_fifo:pixel_capture_fifo|wr_bin[7]          ; async_fifo:pixel_capture_fifo|wr_bin[10]                                                                          ; TD_CLK27     ; TD_CLK27    ; 0.000        ; 0.098      ; 1.373      ;
; 1.090 ; source_x_count[7]                                ; source_x_count[9]                                                                                                 ; TD_CLK27     ; TD_CLK27    ; 0.000        ; 0.080      ; 1.356      ;
; 1.091 ; source_x_count[3]                                ; source_x_count[5]                                                                                                 ; TD_CLK27     ; TD_CLK27    ; 0.000        ; 0.080      ; 1.357      ;
; 1.091 ; source_x_count[5]                                ; source_x_count[7]                                                                                                 ; TD_CLK27     ; TD_CLK27    ; 0.000        ; 0.080      ; 1.357      ;
+-------+--------------------------------------------------+-------------------------------------------------------------------------------------------------------------------+--------------+-------------+--------------+------------+------------+


-----------------------------------------------
; Slow 1200mV 85C Model Metastability Summary ;
-----------------------------------------------
Design MTBF is not calculated because the design doesn't meet its timing requirements.



+--------------------------------------------------+
; Slow 1200mV 0C Model Fmax Summary                ;
+------------+-----------------+------------+------+
; Fmax       ; Restricted Fmax ; Clock Name ; Note ;
+------------+-----------------+------------+------+
; 95.69 MHz  ; 95.69 MHz       ; TD_CLK27   ;      ;
; 140.37 MHz ; 140.37 MHz      ; CLOCK_50   ;      ;
+------------+-----------------+------------+------+
This panel reports FMAX for every clock in the design, regardless of the user-specified clock periods.  FMAX is only computed for paths where the source and destination registers or ports are driven by the same clock.  Paths of different clocks, including generated clocks, are ignored.  For paths between a clock and its inversion, FMAX is computed as if the rising and falling edges are scaled along with FMAX, such that the duty cycle (in terms of a percentage) is maintained. Altera recommends that you always use clock constraints and other slack reports for sign-off analysis.


+------------------------------------+
; Slow 1200mV 0C Model Setup Summary ;
+----------+--------+----------------+
; Clock    ; Slack  ; End Point TNS  ;
+----------+--------+----------------+
; TD_CLK27 ; -9.450 ; -602.669       ;
; CLOCK_50 ; -6.124 ; -2259.115      ;
+----------+--------+----------------+


+-----------------------------------+
; Slow 1200mV 0C Model Hold Summary ;
+----------+-------+----------------+
; Clock    ; Slack ; End Point TNS  ;
+----------+-------+----------------+
; CLOCK_50 ; 0.278 ; 0.000          ;
; TD_CLK27 ; 0.339 ; 0.000          ;
+----------+-------+----------------+


-----------------------------------------
; Slow 1200mV 0C Model Recovery Summary ;
-----------------------------------------
No paths to report.


----------------------------------------
; Slow 1200mV 0C Model Removal Summary ;
----------------------------------------
No paths to report.


+--------------------------------------------------+
; Slow 1200mV 0C Model Minimum Pulse Width Summary ;
+----------+--------+------------------------------+
; Clock    ; Slack  ; End Point TNS                ;
+----------+--------+------------------------------+
; CLOCK_50 ; -3.000 ; -1094.771                    ;
; TD_CLK27 ; -3.000 ; -220.539                     ;
+----------+--------+------------------------------+


+-----------------------------------------------------------------------------------------------------------------------------------------------------------------------------------------------------------------------------------+
; Slow 1200mV 0C Model Setup: 'TD_CLK27'                                                                                                                                                                                            ;
+--------+--------------------------------+-------------------------------------------------------------------------------------------------------------------+--------------+-------------+--------------+------------+------------+
; Slack  ; From Node                      ; To Node                                                                                                           ; Launch Clock ; Latch Clock ; Relationship ; Clock Skew ; Data Delay ;
+--------+--------------------------------+-------------------------------------------------------------------------------------------------------------------+--------------+-------------+--------------+------------+------------+
; -9.450 ; video_in:video_in_decoder|Y[0] ; async_fifo:pixel_capture_fifo|altsyncram:mem_rtl_0|altsyncram_69d1:auto_generated|ram_block1a14~porta_datain_reg0 ; TD_CLK27     ; TD_CLK27    ; 1.000        ; 0.239      ; 10.719     ;
; -9.420 ; video_in:video_in_decoder|Y[0] ; async_fifo:pixel_capture_fifo|altsyncram:mem_rtl_0|altsyncram_69d1:auto_generated|ram_block1a8~porta_datain_reg0  ; TD_CLK27     ; TD_CLK27    ; 1.000        ; 0.246      ; 10.696     ;
; -9.368 ; video_in:video_in_decoder|Y[1] ; async_fifo:pixel_capture_fifo|altsyncram:mem_rtl_0|altsyncram_69d1:auto_generated|ram_block1a14~porta_datain_reg0 ; TD_CLK27     ; TD_CLK27    ; 1.000        ; 0.239      ; 10.637     ;
; -9.356 ; video_in:video_in_decoder|Y[4] ; async_fifo:pixel_capture_fifo|altsyncram:mem_rtl_0|altsyncram_69d1:auto_generated|ram_block1a14~porta_datain_reg0 ; TD_CLK27     ; TD_CLK27    ; 1.000        ; 0.240      ; 10.626     ;
; -9.353 ; video_in:video_in_decoder|Y[3] ; async_fifo:pixel_capture_fifo|altsyncram:mem_rtl_0|altsyncram_69d1:auto_generated|ram_block1a14~porta_datain_reg0 ; TD_CLK27     ; TD_CLK27    ; 1.000        ; 0.239      ; 10.622     ;
; -9.338 ; video_in:video_in_decoder|Y[1] ; async_fifo:pixel_capture_fifo|altsyncram:mem_rtl_0|altsyncram_69d1:auto_generated|ram_block1a8~porta_datain_reg0  ; TD_CLK27     ; TD_CLK27    ; 1.000        ; 0.246      ; 10.614     ;
; -9.326 ; video_in:video_in_decoder|Y[4] ; async_fifo:pixel_capture_fifo|altsyncram:mem_rtl_0|altsyncram_69d1:auto_generated|ram_block1a8~porta_datain_reg0  ; TD_CLK27     ; TD_CLK27    ; 1.000        ; 0.247      ; 10.603     ;
; -9.323 ; video_in:video_in_decoder|Y[3] ; async_fifo:pixel_capture_fifo|altsyncram:mem_rtl_0|altsyncram_69d1:auto_generated|ram_block1a8~porta_datain_reg0  ; TD_CLK27     ; TD_CLK27    ; 1.000        ; 0.246      ; 10.599     ;
; -9.263 ; video_in:video_in_decoder|Y[5] ; async_fifo:pixel_capture_fifo|altsyncram:mem_rtl_0|altsyncram_69d1:auto_generated|ram_block1a14~porta_datain_reg0 ; TD_CLK27     ; TD_CLK27    ; 1.000        ; 0.240      ; 10.533     ;
; -9.233 ; video_in:video_in_decoder|Y[5] ; async_fifo:pixel_capture_fifo|altsyncram:mem_rtl_0|altsyncram_69d1:auto_generated|ram_block1a8~porta_datain_reg0  ; TD_CLK27     ; TD_CLK27    ; 1.000        ; 0.247      ; 10.510     ;
; -9.149 ; video_in:video_in_decoder|Y[7] ; async_fifo:pixel_capture_fifo|altsyncram:mem_rtl_0|altsyncram_69d1:auto_generated|ram_block1a14~porta_datain_reg0 ; TD_CLK27     ; TD_CLK27    ; 1.000        ; 0.240      ; 10.419     ;
; -9.135 ; video_in:video_in_decoder|Y[6] ; async_fifo:pixel_capture_fifo|altsyncram:mem_rtl_0|altsyncram_69d1:auto_generated|ram_block1a14~porta_datain_reg0 ; TD_CLK27     ; TD_CLK27    ; 1.000        ; 0.240      ; 10.405     ;
; -9.132 ; video_in:video_in_decoder|Y[0] ; async_fifo:pixel_capture_fifo|altsyncram:mem_rtl_0|altsyncram_69d1:auto_generated|ram_block1a10~porta_datain_reg0 ; TD_CLK27     ; TD_CLK27    ; 1.000        ; 0.246      ; 10.408     ;
; -9.119 ; video_in:video_in_decoder|Y[7] ; async_fifo:pixel_capture_fifo|altsyncram:mem_rtl_0|altsyncram_69d1:auto_generated|ram_block1a8~porta_datain_reg0  ; TD_CLK27     ; TD_CLK27    ; 1.000        ; 0.247      ; 10.396     ;
; -9.113 ; video_in:video_in_decoder|Y[0] ; async_fifo:pixel_capture_fifo|mem~9                                                                               ; TD_CLK27     ; TD_CLK27    ; 1.000        ; -0.079     ; 10.033     ;
; -9.112 ; video_in:video_in_decoder|Y[0] ; async_fifo:pixel_capture_fifo|mem~11                                                                              ; TD_CLK27     ; TD_CLK27    ; 1.000        ; -0.079     ; 10.032     ;
; -9.112 ; video_in:video_in_decoder|Y[0] ; async_fifo:pixel_capture_fifo|mem~14                                                                              ; TD_CLK27     ; TD_CLK27    ; 1.000        ; -0.079     ; 10.032     ;
; -9.111 ; video_in:video_in_decoder|Y[0] ; async_fifo:pixel_capture_fifo|mem~13                                                                              ; TD_CLK27     ; TD_CLK27    ; 1.000        ; -0.079     ; 10.031     ;
; -9.108 ; video_in:video_in_decoder|Y[0] ; async_fifo:pixel_capture_fifo|mem~10                                                                              ; TD_CLK27     ; TD_CLK27    ; 1.000        ; -0.079     ; 10.028     ;
; -9.108 ; video_in:video_in_decoder|Y[0] ; async_fifo:pixel_capture_fifo|mem~12                                                                              ; TD_CLK27     ; TD_CLK27    ; 1.000        ; -0.079     ; 10.028     ;
; -9.106 ; video_in:video_in_decoder|Y[0] ; async_fifo:pixel_capture_fifo|mem~15                                                                              ; TD_CLK27     ; TD_CLK27    ; 1.000        ; -0.079     ; 10.026     ;
; -9.105 ; video_in:video_in_decoder|Y[6] ; async_fifo:pixel_capture_fifo|altsyncram:mem_rtl_0|altsyncram_69d1:auto_generated|ram_block1a8~porta_datain_reg0  ; TD_CLK27     ; TD_CLK27    ; 1.000        ; 0.247      ; 10.382     ;
; -9.051 ; video_in:video_in_decoder|Y[2] ; async_fifo:pixel_capture_fifo|altsyncram:mem_rtl_0|altsyncram_69d1:auto_generated|ram_block1a14~porta_datain_reg0 ; TD_CLK27     ; TD_CLK27    ; 1.000        ; 0.239      ; 10.320     ;
; -9.050 ; video_in:video_in_decoder|Y[1] ; async_fifo:pixel_capture_fifo|altsyncram:mem_rtl_0|altsyncram_69d1:auto_generated|ram_block1a10~porta_datain_reg0 ; TD_CLK27     ; TD_CLK27    ; 1.000        ; 0.246      ; 10.326     ;
; -9.038 ; video_in:video_in_decoder|Y[4] ; async_fifo:pixel_capture_fifo|altsyncram:mem_rtl_0|altsyncram_69d1:auto_generated|ram_block1a10~porta_datain_reg0 ; TD_CLK27     ; TD_CLK27    ; 1.000        ; 0.247      ; 10.315     ;
; -9.035 ; video_in:video_in_decoder|Y[3] ; async_fifo:pixel_capture_fifo|altsyncram:mem_rtl_0|altsyncram_69d1:auto_generated|ram_block1a10~porta_datain_reg0 ; TD_CLK27     ; TD_CLK27    ; 1.000        ; 0.246      ; 10.311     ;
; -9.031 ; video_in:video_in_decoder|Y[1] ; async_fifo:pixel_capture_fifo|mem~9                                                                               ; TD_CLK27     ; TD_CLK27    ; 1.000        ; -0.079     ; 9.951      ;
; -9.030 ; video_in:video_in_decoder|Y[1] ; async_fifo:pixel_capture_fifo|mem~11                                                                              ; TD_CLK27     ; TD_CLK27    ; 1.000        ; -0.079     ; 9.950      ;
; -9.030 ; video_in:video_in_decoder|Y[1] ; async_fifo:pixel_capture_fifo|mem~14                                                                              ; TD_CLK27     ; TD_CLK27    ; 1.000        ; -0.079     ; 9.950      ;
; -9.029 ; video_in:video_in_decoder|Y[1] ; async_fifo:pixel_capture_fifo|mem~13                                                                              ; TD_CLK27     ; TD_CLK27    ; 1.000        ; -0.079     ; 9.949      ;
; -9.026 ; video_in:video_in_decoder|Y[1] ; async_fifo:pixel_capture_fifo|mem~10                                                                              ; TD_CLK27     ; TD_CLK27    ; 1.000        ; -0.079     ; 9.946      ;
; -9.026 ; video_in:video_in_decoder|Y[1] ; async_fifo:pixel_capture_fifo|mem~12                                                                              ; TD_CLK27     ; TD_CLK27    ; 1.000        ; -0.079     ; 9.946      ;
; -9.024 ; video_in:video_in_decoder|Y[1] ; async_fifo:pixel_capture_fifo|mem~15                                                                              ; TD_CLK27     ; TD_CLK27    ; 1.000        ; -0.079     ; 9.944      ;
; -9.021 ; video_in:video_in_decoder|Y[2] ; async_fifo:pixel_capture_fifo|altsyncram:mem_rtl_0|altsyncram_69d1:auto_generated|ram_block1a8~porta_datain_reg0  ; TD_CLK27     ; TD_CLK27    ; 1.000        ; 0.246      ; 10.297     ;
; -9.019 ; video_in:video_in_decoder|Y[4] ; async_fifo:pixel_capture_fifo|mem~9                                                                               ; TD_CLK27     ; TD_CLK27    ; 1.000        ; -0.078     ; 9.940      ;
; -9.018 ; video_in:video_in_decoder|Y[4] ; async_fifo:pixel_capture_fifo|mem~11                                                                              ; TD_CLK27     ; TD_CLK27    ; 1.000        ; -0.078     ; 9.939      ;
; -9.018 ; video_in:video_in_decoder|Y[4] ; async_fifo:pixel_capture_fifo|mem~14                                                                              ; TD_CLK27     ; TD_CLK27    ; 1.000        ; -0.078     ; 9.939      ;
; -9.017 ; video_in:video_in_decoder|Y[4] ; async_fifo:pixel_capture_fifo|mem~13                                                                              ; TD_CLK27     ; TD_CLK27    ; 1.000        ; -0.078     ; 9.938      ;
; -9.016 ; video_in:video_in_decoder|Y[3] ; async_fifo:pixel_capture_fifo|mem~9                                                                               ; TD_CLK27     ; TD_CLK27    ; 1.000        ; -0.079     ; 9.936      ;
; -9.015 ; video_in:video_in_decoder|Y[3] ; async_fifo:pixel_capture_fifo|mem~11                                                                              ; TD_CLK27     ; TD_CLK27    ; 1.000        ; -0.079     ; 9.935      ;
; -9.015 ; video_in:video_in_decoder|Y[3] ; async_fifo:pixel_capture_fifo|mem~14                                                                              ; TD_CLK27     ; TD_CLK27    ; 1.000        ; -0.079     ; 9.935      ;
; -9.014 ; video_in:video_in_decoder|Y[4] ; async_fifo:pixel_capture_fifo|mem~10                                                                              ; TD_CLK27     ; TD_CLK27    ; 1.000        ; -0.078     ; 9.935      ;
; -9.014 ; video_in:video_in_decoder|Y[4] ; async_fifo:pixel_capture_fifo|mem~12                                                                              ; TD_CLK27     ; TD_CLK27    ; 1.000        ; -0.078     ; 9.935      ;
; -9.014 ; video_in:video_in_decoder|Y[3] ; async_fifo:pixel_capture_fifo|mem~13                                                                              ; TD_CLK27     ; TD_CLK27    ; 1.000        ; -0.079     ; 9.934      ;
; -9.012 ; video_in:video_in_decoder|Y[4] ; async_fifo:pixel_capture_fifo|mem~15                                                                              ; TD_CLK27     ; TD_CLK27    ; 1.000        ; -0.078     ; 9.933      ;
; -9.011 ; video_in:video_in_decoder|Y[3] ; async_fifo:pixel_capture_fifo|mem~10                                                                              ; TD_CLK27     ; TD_CLK27    ; 1.000        ; -0.079     ; 9.931      ;
; -9.011 ; video_in:video_in_decoder|Y[3] ; async_fifo:pixel_capture_fifo|mem~12                                                                              ; TD_CLK27     ; TD_CLK27    ; 1.000        ; -0.079     ; 9.931      ;
; -9.009 ; video_in:video_in_decoder|Y[3] ; async_fifo:pixel_capture_fifo|mem~15                                                                              ; TD_CLK27     ; TD_CLK27    ; 1.000        ; -0.079     ; 9.929      ;
; -8.945 ; video_in:video_in_decoder|Y[5] ; async_fifo:pixel_capture_fifo|altsyncram:mem_rtl_0|altsyncram_69d1:auto_generated|ram_block1a10~porta_datain_reg0 ; TD_CLK27     ; TD_CLK27    ; 1.000        ; 0.247      ; 10.222     ;
; -8.926 ; video_in:video_in_decoder|Y[5] ; async_fifo:pixel_capture_fifo|mem~9                                                                               ; TD_CLK27     ; TD_CLK27    ; 1.000        ; -0.078     ; 9.847      ;
; -8.925 ; video_in:video_in_decoder|Y[5] ; async_fifo:pixel_capture_fifo|mem~11                                                                              ; TD_CLK27     ; TD_CLK27    ; 1.000        ; -0.078     ; 9.846      ;
; -8.925 ; video_in:video_in_decoder|Y[5] ; async_fifo:pixel_capture_fifo|mem~14                                                                              ; TD_CLK27     ; TD_CLK27    ; 1.000        ; -0.078     ; 9.846      ;
; -8.924 ; video_in:video_in_decoder|Y[5] ; async_fifo:pixel_capture_fifo|mem~13                                                                              ; TD_CLK27     ; TD_CLK27    ; 1.000        ; -0.078     ; 9.845      ;
; -8.921 ; video_in:video_in_decoder|Y[5] ; async_fifo:pixel_capture_fifo|mem~10                                                                              ; TD_CLK27     ; TD_CLK27    ; 1.000        ; -0.078     ; 9.842      ;
; -8.921 ; video_in:video_in_decoder|Y[5] ; async_fifo:pixel_capture_fifo|mem~12                                                                              ; TD_CLK27     ; TD_CLK27    ; 1.000        ; -0.078     ; 9.842      ;
; -8.919 ; video_in:video_in_decoder|Y[5] ; async_fifo:pixel_capture_fifo|mem~15                                                                              ; TD_CLK27     ; TD_CLK27    ; 1.000        ; -0.078     ; 9.840      ;
; -8.831 ; video_in:video_in_decoder|Y[7] ; async_fifo:pixel_capture_fifo|altsyncram:mem_rtl_0|altsyncram_69d1:auto_generated|ram_block1a10~porta_datain_reg0 ; TD_CLK27     ; TD_CLK27    ; 1.000        ; 0.247      ; 10.108     ;
; -8.817 ; video_in:video_in_decoder|Y[6] ; async_fifo:pixel_capture_fifo|altsyncram:mem_rtl_0|altsyncram_69d1:auto_generated|ram_block1a10~porta_datain_reg0 ; TD_CLK27     ; TD_CLK27    ; 1.000        ; 0.247      ; 10.094     ;
; -8.812 ; video_in:video_in_decoder|Y[7] ; async_fifo:pixel_capture_fifo|mem~9                                                                               ; TD_CLK27     ; TD_CLK27    ; 1.000        ; -0.078     ; 9.733      ;
; -8.811 ; video_in:video_in_decoder|Y[7] ; async_fifo:pixel_capture_fifo|mem~11                                                                              ; TD_CLK27     ; TD_CLK27    ; 1.000        ; -0.078     ; 9.732      ;
; -8.811 ; video_in:video_in_decoder|Y[7] ; async_fifo:pixel_capture_fifo|mem~14                                                                              ; TD_CLK27     ; TD_CLK27    ; 1.000        ; -0.078     ; 9.732      ;
; -8.810 ; video_in:video_in_decoder|Y[7] ; async_fifo:pixel_capture_fifo|mem~13                                                                              ; TD_CLK27     ; TD_CLK27    ; 1.000        ; -0.078     ; 9.731      ;
; -8.807 ; video_in:video_in_decoder|Y[7] ; async_fifo:pixel_capture_fifo|mem~10                                                                              ; TD_CLK27     ; TD_CLK27    ; 1.000        ; -0.078     ; 9.728      ;
; -8.807 ; video_in:video_in_decoder|Y[7] ; async_fifo:pixel_capture_fifo|mem~12                                                                              ; TD_CLK27     ; TD_CLK27    ; 1.000        ; -0.078     ; 9.728      ;
; -8.805 ; video_in:video_in_decoder|Y[7] ; async_fifo:pixel_capture_fifo|mem~15                                                                              ; TD_CLK27     ; TD_CLK27    ; 1.000        ; -0.078     ; 9.726      ;
; -8.798 ; video_in:video_in_decoder|Y[6] ; async_fifo:pixel_capture_fifo|mem~9                                                                               ; TD_CLK27     ; TD_CLK27    ; 1.000        ; -0.078     ; 9.719      ;
; -8.797 ; video_in:video_in_decoder|Y[6] ; async_fifo:pixel_capture_fifo|mem~11                                                                              ; TD_CLK27     ; TD_CLK27    ; 1.000        ; -0.078     ; 9.718      ;
; -8.797 ; video_in:video_in_decoder|Y[6] ; async_fifo:pixel_capture_fifo|mem~14                                                                              ; TD_CLK27     ; TD_CLK27    ; 1.000        ; -0.078     ; 9.718      ;
; -8.796 ; video_in:video_in_decoder|Y[6] ; async_fifo:pixel_capture_fifo|mem~13                                                                              ; TD_CLK27     ; TD_CLK27    ; 1.000        ; -0.078     ; 9.717      ;
; -8.793 ; video_in:video_in_decoder|Y[6] ; async_fifo:pixel_capture_fifo|mem~10                                                                              ; TD_CLK27     ; TD_CLK27    ; 1.000        ; -0.078     ; 9.714      ;
; -8.793 ; video_in:video_in_decoder|Y[6] ; async_fifo:pixel_capture_fifo|mem~12                                                                              ; TD_CLK27     ; TD_CLK27    ; 1.000        ; -0.078     ; 9.714      ;
; -8.791 ; video_in:video_in_decoder|Y[6] ; async_fifo:pixel_capture_fifo|mem~15                                                                              ; TD_CLK27     ; TD_CLK27    ; 1.000        ; -0.078     ; 9.712      ;
; -8.733 ; video_in:video_in_decoder|Y[2] ; async_fifo:pixel_capture_fifo|altsyncram:mem_rtl_0|altsyncram_69d1:auto_generated|ram_block1a10~porta_datain_reg0 ; TD_CLK27     ; TD_CLK27    ; 1.000        ; 0.246      ; 10.009     ;
; -8.714 ; video_in:video_in_decoder|Y[2] ; async_fifo:pixel_capture_fifo|mem~9                                                                               ; TD_CLK27     ; TD_CLK27    ; 1.000        ; -0.079     ; 9.634      ;
; -8.713 ; video_in:video_in_decoder|Y[2] ; async_fifo:pixel_capture_fifo|mem~11                                                                              ; TD_CLK27     ; TD_CLK27    ; 1.000        ; -0.079     ; 9.633      ;
; -8.713 ; video_in:video_in_decoder|Y[2] ; async_fifo:pixel_capture_fifo|mem~14                                                                              ; TD_CLK27     ; TD_CLK27    ; 1.000        ; -0.079     ; 9.633      ;
; -8.712 ; video_in:video_in_decoder|Y[2] ; async_fifo:pixel_capture_fifo|mem~13                                                                              ; TD_CLK27     ; TD_CLK27    ; 1.000        ; -0.079     ; 9.632      ;
; -8.709 ; video_in:video_in_decoder|Y[2] ; async_fifo:pixel_capture_fifo|mem~10                                                                              ; TD_CLK27     ; TD_CLK27    ; 1.000        ; -0.079     ; 9.629      ;
; -8.709 ; video_in:video_in_decoder|Y[2] ; async_fifo:pixel_capture_fifo|mem~12                                                                              ; TD_CLK27     ; TD_CLK27    ; 1.000        ; -0.079     ; 9.629      ;
; -8.707 ; video_in:video_in_decoder|Y[2] ; async_fifo:pixel_capture_fifo|mem~15                                                                              ; TD_CLK27     ; TD_CLK27    ; 1.000        ; -0.079     ; 9.627      ;
; -8.695 ; video_in:video_in_decoder|U[1] ; async_fifo:pixel_capture_fifo|altsyncram:mem_rtl_0|altsyncram_69d1:auto_generated|ram_block1a14~porta_datain_reg0 ; TD_CLK27     ; TD_CLK27    ; 1.000        ; 0.240      ; 9.965      ;
; -8.677 ; video_in:video_in_decoder|U[3] ; async_fifo:pixel_capture_fifo|altsyncram:mem_rtl_0|altsyncram_69d1:auto_generated|ram_block1a14~porta_datain_reg0 ; TD_CLK27     ; TD_CLK27    ; 1.000        ; 0.240      ; 9.947      ;
; -8.675 ; video_in:video_in_decoder|Y[0] ; async_fifo:pixel_capture_fifo|altsyncram:mem_rtl_0|altsyncram_69d1:auto_generated|ram_block1a0~porta_datain_reg0  ; TD_CLK27     ; TD_CLK27    ; 1.000        ; 0.248      ; 9.953      ;
; -8.665 ; video_in:video_in_decoder|U[1] ; async_fifo:pixel_capture_fifo|altsyncram:mem_rtl_0|altsyncram_69d1:auto_generated|ram_block1a8~porta_datain_reg0  ; TD_CLK27     ; TD_CLK27    ; 1.000        ; 0.247      ; 9.942      ;
; -8.647 ; video_in:video_in_decoder|Y[0] ; async_fifo:pixel_capture_fifo|altsyncram:mem_rtl_0|altsyncram_69d1:auto_generated|ram_block1a4~porta_datain_reg0  ; TD_CLK27     ; TD_CLK27    ; 1.000        ; 0.239      ; 9.916      ;
; -8.647 ; video_in:video_in_decoder|U[3] ; async_fifo:pixel_capture_fifo|altsyncram:mem_rtl_0|altsyncram_69d1:auto_generated|ram_block1a8~porta_datain_reg0  ; TD_CLK27     ; TD_CLK27    ; 1.000        ; 0.247      ; 9.924      ;
; -8.624 ; video_in:video_in_decoder|Y[0] ; async_fifo:pixel_capture_fifo|altsyncram:mem_rtl_0|altsyncram_69d1:auto_generated|ram_block1a6~porta_datain_reg0  ; TD_CLK27     ; TD_CLK27    ; 1.000        ; 0.247      ; 9.901      ;
; -8.621 ; video_in:video_in_decoder|Y[0] ; async_fifo:pixel_capture_fifo|altsyncram:mem_rtl_0|altsyncram_69d1:auto_generated|ram_block1a2~porta_datain_reg0  ; TD_CLK27     ; TD_CLK27    ; 1.000        ; 0.238      ; 9.889      ;
; -8.493 ; video_in:video_in_decoder|Y[0] ; async_fifo:pixel_capture_fifo|mem~7                                                                               ; TD_CLK27     ; TD_CLK27    ; 1.000        ; -0.082     ; 9.410      ;
; -8.492 ; video_in:video_in_decoder|U[0] ; async_fifo:pixel_capture_fifo|altsyncram:mem_rtl_0|altsyncram_69d1:auto_generated|ram_block1a14~porta_datain_reg0 ; TD_CLK27     ; TD_CLK27    ; 1.000        ; 0.240      ; 9.762      ;
; -8.463 ; video_in:video_in_decoder|Y[1] ; async_fifo:pixel_capture_fifo|altsyncram:mem_rtl_0|altsyncram_69d1:auto_generated|ram_block1a0~porta_datain_reg0  ; TD_CLK27     ; TD_CLK27    ; 1.000        ; 0.248      ; 9.741      ;
; -8.462 ; video_in:video_in_decoder|U[0] ; async_fifo:pixel_capture_fifo|altsyncram:mem_rtl_0|altsyncram_69d1:auto_generated|ram_block1a8~porta_datain_reg0  ; TD_CLK27     ; TD_CLK27    ; 1.000        ; 0.247      ; 9.739      ;
; -8.456 ; video_in:video_in_decoder|Y[3] ; async_fifo:pixel_capture_fifo|altsyncram:mem_rtl_0|altsyncram_69d1:auto_generated|ram_block1a0~porta_datain_reg0  ; TD_CLK27     ; TD_CLK27    ; 1.000        ; 0.248      ; 9.734      ;
; -8.435 ; video_in:video_in_decoder|Y[1] ; async_fifo:pixel_capture_fifo|altsyncram:mem_rtl_0|altsyncram_69d1:auto_generated|ram_block1a4~porta_datain_reg0  ; TD_CLK27     ; TD_CLK27    ; 1.000        ; 0.239      ; 9.704      ;
; -8.428 ; video_in:video_in_decoder|Y[3] ; async_fifo:pixel_capture_fifo|altsyncram:mem_rtl_0|altsyncram_69d1:auto_generated|ram_block1a4~porta_datain_reg0  ; TD_CLK27     ; TD_CLK27    ; 1.000        ; 0.239      ; 9.697      ;
; -8.419 ; video_in:video_in_decoder|Y[1] ; async_fifo:pixel_capture_fifo|altsyncram:mem_rtl_0|altsyncram_69d1:auto_generated|ram_block1a6~porta_datain_reg0  ; TD_CLK27     ; TD_CLK27    ; 1.000        ; 0.247      ; 9.696      ;
; -8.416 ; video_in:video_in_decoder|Y[1] ; async_fifo:pixel_capture_fifo|altsyncram:mem_rtl_0|altsyncram_69d1:auto_generated|ram_block1a2~porta_datain_reg0  ; TD_CLK27     ; TD_CLK27    ; 1.000        ; 0.238      ; 9.684      ;
; -8.412 ; video_in:video_in_decoder|Y[3] ; async_fifo:pixel_capture_fifo|altsyncram:mem_rtl_0|altsyncram_69d1:auto_generated|ram_block1a6~porta_datain_reg0  ; TD_CLK27     ; TD_CLK27    ; 1.000        ; 0.247      ; 9.689      ;
; -8.409 ; video_in:video_in_decoder|Y[3] ; async_fifo:pixel_capture_fifo|altsyncram:mem_rtl_0|altsyncram_69d1:auto_generated|ram_block1a2~porta_datain_reg0  ; TD_CLK27     ; TD_CLK27    ; 1.000        ; 0.238      ; 9.677      ;
; -8.401 ; video_in:video_in_decoder|Y[4] ; async_fifo:pixel_capture_fifo|altsyncram:mem_rtl_0|altsyncram_69d1:auto_generated|ram_block1a0~porta_datain_reg0  ; TD_CLK27     ; TD_CLK27    ; 1.000        ; 0.249      ; 9.680      ;
+--------+--------------------------------+-------------------------------------------------------------------------------------------------------------------+--------------+-------------+--------------+------------+------------+


+------------------------------------------------------------------------------------------------------------------------------------------------------------------------------------------+
; Slow 1200mV 0C Model Setup: 'CLOCK_50'                                                                                                                                                   ;
+--------+--------------------------------------------------+--------------------------------------------------------+--------------+-------------+--------------+------------+------------+
; Slack  ; From Node                                        ; To Node                                                ; Launch Clock ; Latch Clock ; Relationship ; Clock Skew ; Data Delay ;
+--------+--------------------------------------------------+--------------------------------------------------------+--------------+-------------+--------------+------------+------------+
; -6.124 ; async_fifo:sdram_rd_fifo|wr_bin[1]               ; sdram_de2115_controller:sdram_master|state.S_WR_ACT_WT ; CLOCK_50     ; CLOCK_50    ; 1.000        ; -0.060     ; 7.063      ;
; -6.124 ; async_fifo:sdram_rd_fifo|wr_bin[1]               ; sdram_de2115_controller:sdram_master|state.S_RD_ACT_WT ; CLOCK_50     ; CLOCK_50    ; 1.000        ; -0.060     ; 7.063      ;
; -6.124 ; async_fifo:sdram_rd_fifo|wr_bin[1]               ; sdram_de2115_controller:sdram_master|state.S_WR_PRE_WT ; CLOCK_50     ; CLOCK_50    ; 1.000        ; -0.060     ; 7.063      ;
; -5.882 ; async_fifo:sdram_rd_fifo|wr_bin[1]               ; sdram_de2115_controller:sdram_master|state.S_RD_PRE_WT ; CLOCK_50     ; CLOCK_50    ; 1.000        ; 0.299      ; 7.180      ;
; -5.869 ; async_fifo:sdram_rd_fifo|wr_bin[4]               ; sdram_de2115_controller:sdram_master|state.S_WR_ACT_WT ; CLOCK_50     ; CLOCK_50    ; 1.000        ; -0.060     ; 6.808      ;
; -5.869 ; async_fifo:sdram_rd_fifo|wr_bin[4]               ; sdram_de2115_controller:sdram_master|state.S_RD_ACT_WT ; CLOCK_50     ; CLOCK_50    ; 1.000        ; -0.060     ; 6.808      ;
; -5.869 ; async_fifo:sdram_rd_fifo|wr_bin[4]               ; sdram_de2115_controller:sdram_master|state.S_WR_PRE_WT ; CLOCK_50     ; CLOCK_50    ; 1.000        ; -0.060     ; 6.808      ;
; -5.795 ; async_fifo:sdram_rd_fifo|wr_bin[2]               ; sdram_de2115_controller:sdram_master|state.S_WR_ACT_WT ; CLOCK_50     ; CLOCK_50    ; 1.000        ; -0.060     ; 6.734      ;
; -5.795 ; async_fifo:sdram_rd_fifo|wr_bin[2]               ; sdram_de2115_controller:sdram_master|state.S_RD_ACT_WT ; CLOCK_50     ; CLOCK_50    ; 1.000        ; -0.060     ; 6.734      ;
; -5.795 ; async_fifo:sdram_rd_fifo|wr_bin[2]               ; sdram_de2115_controller:sdram_master|state.S_WR_PRE_WT ; CLOCK_50     ; CLOCK_50    ; 1.000        ; -0.060     ; 6.734      ;
; -5.794 ; async_fifo:sdram_rd_fifo|wr_bin[3]               ; sdram_de2115_controller:sdram_master|state.S_WR_ACT_WT ; CLOCK_50     ; CLOCK_50    ; 1.000        ; -0.060     ; 6.733      ;
; -5.794 ; async_fifo:sdram_rd_fifo|wr_bin[3]               ; sdram_de2115_controller:sdram_master|state.S_RD_ACT_WT ; CLOCK_50     ; CLOCK_50    ; 1.000        ; -0.060     ; 6.733      ;
; -5.794 ; async_fifo:sdram_rd_fifo|wr_bin[3]               ; sdram_de2115_controller:sdram_master|state.S_WR_PRE_WT ; CLOCK_50     ; CLOCK_50    ; 1.000        ; -0.060     ; 6.733      ;
; -5.729 ; async_fifo:sdram_rd_fifo|wr_bin[1]               ; async_fifo:sdram_rd_fifo|mem~6                         ; CLOCK_50     ; CLOCK_50    ; 1.000        ; -0.089     ; 6.639      ;
; -5.729 ; async_fifo:sdram_rd_fifo|wr_bin[1]               ; async_fifo:sdram_rd_fifo|mem~7                         ; CLOCK_50     ; CLOCK_50    ; 1.000        ; -0.089     ; 6.639      ;
; -5.729 ; async_fifo:sdram_rd_fifo|wr_bin[1]               ; async_fifo:sdram_rd_fifo|mem~5                         ; CLOCK_50     ; CLOCK_50    ; 1.000        ; -0.089     ; 6.639      ;
; -5.729 ; async_fifo:sdram_rd_fifo|wr_bin[1]               ; async_fifo:sdram_rd_fifo|mem~2                         ; CLOCK_50     ; CLOCK_50    ; 1.000        ; -0.089     ; 6.639      ;
; -5.729 ; async_fifo:sdram_rd_fifo|wr_bin[1]               ; async_fifo:sdram_rd_fifo|mem~3                         ; CLOCK_50     ; CLOCK_50    ; 1.000        ; -0.089     ; 6.639      ;
; -5.729 ; async_fifo:sdram_rd_fifo|wr_bin[1]               ; async_fifo:sdram_rd_fifo|mem~4                         ; CLOCK_50     ; CLOCK_50    ; 1.000        ; -0.089     ; 6.639      ;
; -5.729 ; async_fifo:sdram_rd_fifo|wr_bin[1]               ; async_fifo:sdram_rd_fifo|mem~14                        ; CLOCK_50     ; CLOCK_50    ; 1.000        ; -0.089     ; 6.639      ;
; -5.721 ; async_fifo:sdram_rd_fifo|wr_bin[1]               ; async_fifo:sdram_rd_fifo|mem~15                        ; CLOCK_50     ; CLOCK_50    ; 1.000        ; -0.091     ; 6.629      ;
; -5.721 ; async_fifo:sdram_rd_fifo|wr_bin[1]               ; async_fifo:sdram_rd_fifo|mem~16                        ; CLOCK_50     ; CLOCK_50    ; 1.000        ; -0.091     ; 6.629      ;
; -5.721 ; async_fifo:sdram_rd_fifo|wr_bin[1]               ; async_fifo:sdram_rd_fifo|mem~22                        ; CLOCK_50     ; CLOCK_50    ; 1.000        ; -0.091     ; 6.629      ;
; -5.721 ; async_fifo:sdram_rd_fifo|wr_bin[1]               ; async_fifo:sdram_rd_fifo|mem~21                        ; CLOCK_50     ; CLOCK_50    ; 1.000        ; -0.091     ; 6.629      ;
; -5.721 ; async_fifo:sdram_rd_fifo|wr_bin[1]               ; async_fifo:sdram_rd_fifo|mem~18                        ; CLOCK_50     ; CLOCK_50    ; 1.000        ; -0.091     ; 6.629      ;
; -5.721 ; async_fifo:sdram_rd_fifo|wr_bin[1]               ; async_fifo:sdram_rd_fifo|mem~19                        ; CLOCK_50     ; CLOCK_50    ; 1.000        ; -0.091     ; 6.629      ;
; -5.721 ; async_fifo:sdram_rd_fifo|wr_bin[1]               ; async_fifo:sdram_rd_fifo|mem~20                        ; CLOCK_50     ; CLOCK_50    ; 1.000        ; -0.091     ; 6.629      ;
; -5.721 ; async_fifo:sdram_rd_fifo|wr_bin[1]               ; async_fifo:sdram_rd_fifo|mem~17                        ; CLOCK_50     ; CLOCK_50    ; 1.000        ; -0.091     ; 6.629      ;
; -5.692 ; async_fifo:sdram_rd_fifo|wr_bin[0]               ; sdram_de2115_controller:sdram_master|state.S_WR_ACT_WT ; CLOCK_50     ; CLOCK_50    ; 1.000        ; -0.059     ; 6.632      ;
; -5.692 ; async_fifo:sdram_rd_fifo|wr_bin[0]               ; sdram_de2115_controller:sdram_master|state.S_RD_ACT_WT ; CLOCK_50     ; CLOCK_50    ; 1.000        ; -0.059     ; 6.632      ;
; -5.692 ; async_fifo:sdram_rd_fifo|wr_bin[0]               ; sdram_de2115_controller:sdram_master|state.S_WR_PRE_WT ; CLOCK_50     ; CLOCK_50    ; 1.000        ; -0.059     ; 6.632      ;
; -5.658 ; async_fifo:sdram_wr_fifo|wr_bin[1]               ; sdram_wr_data_reg[7]                                   ; CLOCK_50     ; CLOCK_50    ; 1.000        ; -0.066     ; 6.591      ;
; -5.642 ; sdram_de2115_controller:sdram_master|wait_cnt[4] ; sdram_de2115_controller:sdram_master|state.S_WR_ACT_WT ; CLOCK_50     ; CLOCK_50    ; 1.000        ; -0.473     ; 6.168      ;
; -5.642 ; sdram_de2115_controller:sdram_master|wait_cnt[4] ; sdram_de2115_controller:sdram_master|state.S_RD_ACT_WT ; CLOCK_50     ; CLOCK_50    ; 1.000        ; -0.473     ; 6.168      ;
; -5.642 ; sdram_de2115_controller:sdram_master|wait_cnt[4] ; sdram_de2115_controller:sdram_master|state.S_WR_PRE_WT ; CLOCK_50     ; CLOCK_50    ; 1.000        ; -0.473     ; 6.168      ;
; -5.639 ; async_fifo:sdram_rd_fifo|wr_bin[5]               ; sdram_de2115_controller:sdram_master|state.S_WR_ACT_WT ; CLOCK_50     ; CLOCK_50    ; 1.000        ; -0.060     ; 6.578      ;
; -5.639 ; async_fifo:sdram_rd_fifo|wr_bin[5]               ; sdram_de2115_controller:sdram_master|state.S_RD_ACT_WT ; CLOCK_50     ; CLOCK_50    ; 1.000        ; -0.060     ; 6.578      ;
; -5.639 ; async_fifo:sdram_rd_fifo|wr_bin[5]               ; sdram_de2115_controller:sdram_master|state.S_WR_PRE_WT ; CLOCK_50     ; CLOCK_50    ; 1.000        ; -0.060     ; 6.578      ;
; -5.627 ; async_fifo:sdram_rd_fifo|wr_bin[4]               ; sdram_de2115_controller:sdram_master|state.S_RD_PRE_WT ; CLOCK_50     ; CLOCK_50    ; 1.000        ; 0.299      ; 6.925      ;
; -5.623 ; async_fifo:sdram_rd_fifo|wr_bin[1]               ; async_fifo:sdram_rd_fifo|wr_gray[6]                    ; CLOCK_50     ; CLOCK_50    ; 1.000        ; 0.310      ; 6.932      ;
; -5.593 ; async_fifo:sdram_rd_fifo|wr_bin[1]               ; async_fifo:sdram_rd_fifo|wr_bin[0]                     ; CLOCK_50     ; CLOCK_50    ; 1.000        ; -0.072     ; 6.520      ;
; -5.592 ; async_fifo:sdram_rd_fifo|wr_bin[6]               ; sdram_de2115_controller:sdram_master|state.S_WR_ACT_WT ; CLOCK_50     ; CLOCK_50    ; 1.000        ; -0.060     ; 6.531      ;
; -5.592 ; async_fifo:sdram_rd_fifo|wr_bin[6]               ; sdram_de2115_controller:sdram_master|state.S_RD_ACT_WT ; CLOCK_50     ; CLOCK_50    ; 1.000        ; -0.060     ; 6.531      ;
; -5.592 ; async_fifo:sdram_rd_fifo|wr_bin[6]               ; sdram_de2115_controller:sdram_master|state.S_WR_PRE_WT ; CLOCK_50     ; CLOCK_50    ; 1.000        ; -0.060     ; 6.531      ;
; -5.576 ; async_fifo:sdram_rd_fifo|wr_bin[1]               ; async_fifo:sdram_rd_fifo|wr_gray[9]                    ; CLOCK_50     ; CLOCK_50    ; 1.000        ; 0.309      ; 6.884      ;
; -5.576 ; async_fifo:sdram_rd_fifo|wr_bin[1]               ; async_fifo:sdram_rd_fifo|wr_gray[10]                   ; CLOCK_50     ; CLOCK_50    ; 1.000        ; 0.309      ; 6.884      ;
; -5.553 ; async_fifo:sdram_rd_fifo|wr_bin[2]               ; sdram_de2115_controller:sdram_master|state.S_RD_PRE_WT ; CLOCK_50     ; CLOCK_50    ; 1.000        ; 0.299      ; 6.851      ;
; -5.552 ; async_fifo:sdram_rd_fifo|wr_bin[3]               ; sdram_de2115_controller:sdram_master|state.S_RD_PRE_WT ; CLOCK_50     ; CLOCK_50    ; 1.000        ; 0.299      ; 6.850      ;
; -5.532 ; async_fifo:sdram_rd_fifo|wr_bin[1]               ; async_fifo:sdram_rd_fifo|wr_gray[1]                    ; CLOCK_50     ; CLOCK_50    ; 1.000        ; 0.310      ; 6.841      ;
; -5.526 ; sdram_de2115_controller:sdram_master|wait_cnt[6] ; sdram_de2115_controller:sdram_master|state.S_WR_ACT_WT ; CLOCK_50     ; CLOCK_50    ; 1.000        ; -0.473     ; 6.052      ;
; -5.526 ; sdram_de2115_controller:sdram_master|wait_cnt[6] ; sdram_de2115_controller:sdram_master|state.S_RD_ACT_WT ; CLOCK_50     ; CLOCK_50    ; 1.000        ; -0.473     ; 6.052      ;
; -5.526 ; sdram_de2115_controller:sdram_master|wait_cnt[6] ; sdram_de2115_controller:sdram_master|state.S_WR_PRE_WT ; CLOCK_50     ; CLOCK_50    ; 1.000        ; -0.473     ; 6.052      ;
; -5.522 ; async_fifo:sdram_rd_fifo|wr_bin[1]               ; async_fifo:sdram_rd_fifo|wr_gray[5]                    ; CLOCK_50     ; CLOCK_50    ; 1.000        ; 0.310      ; 6.831      ;
; -5.522 ; async_fifo:sdram_rd_fifo|wr_bin[1]               ; async_fifo:sdram_rd_fifo|wr_gray[4]                    ; CLOCK_50     ; CLOCK_50    ; 1.000        ; 0.310      ; 6.831      ;
; -5.513 ; async_fifo:sdram_rd_fifo|wr_bin[1]               ; async_fifo:sdram_rd_fifo|wr_gray[3]                    ; CLOCK_50     ; CLOCK_50    ; 1.000        ; 0.310      ; 6.822      ;
; -5.509 ; async_fifo:sdram_rd_fifo|wr_bin[1]               ; async_fifo:sdram_rd_fifo|wr_bin[9]                     ; CLOCK_50     ; CLOCK_50    ; 1.000        ; -0.071     ; 6.437      ;
; -5.498 ; async_fifo:sdram_wr_fifo|wr_bin[1]               ; async_fifo:sdram_wr_fifo|wr_gray[7]                    ; CLOCK_50     ; CLOCK_50    ; 1.000        ; 0.310      ; 6.807      ;
; -5.497 ; async_fifo:sdram_rd_fifo|wr_bin[7]               ; sdram_de2115_controller:sdram_master|state.S_WR_ACT_WT ; CLOCK_50     ; CLOCK_50    ; 1.000        ; -0.060     ; 6.436      ;
; -5.497 ; async_fifo:sdram_rd_fifo|wr_bin[7]               ; sdram_de2115_controller:sdram_master|state.S_RD_ACT_WT ; CLOCK_50     ; CLOCK_50    ; 1.000        ; -0.060     ; 6.436      ;
; -5.497 ; async_fifo:sdram_rd_fifo|wr_bin[7]               ; sdram_de2115_controller:sdram_master|state.S_WR_PRE_WT ; CLOCK_50     ; CLOCK_50    ; 1.000        ; -0.060     ; 6.436      ;
; -5.492 ; async_fifo:sdram_wr_fifo|wr_bin[2]               ; sdram_wr_data_reg[7]                                   ; CLOCK_50     ; CLOCK_50    ; 1.000        ; -0.066     ; 6.425      ;
; -5.484 ; sdram_de2115_controller:sdram_master|wait_cnt[5] ; sdram_de2115_controller:sdram_master|state.S_WR_ACT_WT ; CLOCK_50     ; CLOCK_50    ; 1.000        ; -0.473     ; 6.010      ;
; -5.484 ; sdram_de2115_controller:sdram_master|wait_cnt[5] ; sdram_de2115_controller:sdram_master|state.S_RD_ACT_WT ; CLOCK_50     ; CLOCK_50    ; 1.000        ; -0.473     ; 6.010      ;
; -5.484 ; sdram_de2115_controller:sdram_master|wait_cnt[5] ; sdram_de2115_controller:sdram_master|state.S_WR_PRE_WT ; CLOCK_50     ; CLOCK_50    ; 1.000        ; -0.473     ; 6.010      ;
; -5.480 ; async_fifo:sdram_rd_fifo|wr_bin[1]               ; async_fifo:sdram_rd_fifo|wr_bin[10]                    ; CLOCK_50     ; CLOCK_50    ; 1.000        ; -0.071     ; 6.408      ;
; -5.471 ; async_fifo:sdram_rd_fifo|wr_bin[1]               ; async_fifo:sdram_rd_fifo|wr_gray[8]                    ; CLOCK_50     ; CLOCK_50    ; 1.000        ; 0.309      ; 6.779      ;
; -5.466 ; async_fifo:sdram_rd_fifo|wr_bin[8]               ; sdram_de2115_controller:sdram_master|state.S_WR_ACT_WT ; CLOCK_50     ; CLOCK_50    ; 1.000        ; -0.060     ; 6.405      ;
; -5.466 ; async_fifo:sdram_rd_fifo|wr_bin[8]               ; sdram_de2115_controller:sdram_master|state.S_RD_ACT_WT ; CLOCK_50     ; CLOCK_50    ; 1.000        ; -0.060     ; 6.405      ;
; -5.466 ; async_fifo:sdram_rd_fifo|wr_bin[8]               ; sdram_de2115_controller:sdram_master|state.S_WR_PRE_WT ; CLOCK_50     ; CLOCK_50    ; 1.000        ; -0.060     ; 6.405      ;
; -5.461 ; async_fifo:sdram_rd_fifo|wr_bin[1]               ; async_fifo:sdram_rd_fifo|wr_gray[7]                    ; CLOCK_50     ; CLOCK_50    ; 1.000        ; 0.309      ; 6.769      ;
; -5.450 ; async_fifo:sdram_rd_fifo|wr_bin[0]               ; sdram_de2115_controller:sdram_master|state.S_RD_PRE_WT ; CLOCK_50     ; CLOCK_50    ; 1.000        ; 0.300      ; 6.749      ;
; -5.443 ; async_fifo:sdram_rd_fifo|wr_bin[4]               ; async_fifo:sdram_rd_fifo|mem~6                         ; CLOCK_50     ; CLOCK_50    ; 1.000        ; -0.089     ; 6.353      ;
; -5.443 ; async_fifo:sdram_rd_fifo|wr_bin[4]               ; async_fifo:sdram_rd_fifo|mem~7                         ; CLOCK_50     ; CLOCK_50    ; 1.000        ; -0.089     ; 6.353      ;
; -5.443 ; async_fifo:sdram_rd_fifo|wr_bin[4]               ; async_fifo:sdram_rd_fifo|mem~5                         ; CLOCK_50     ; CLOCK_50    ; 1.000        ; -0.089     ; 6.353      ;
; -5.443 ; async_fifo:sdram_rd_fifo|wr_bin[4]               ; async_fifo:sdram_rd_fifo|mem~2                         ; CLOCK_50     ; CLOCK_50    ; 1.000        ; -0.089     ; 6.353      ;
; -5.443 ; async_fifo:sdram_rd_fifo|wr_bin[4]               ; async_fifo:sdram_rd_fifo|mem~3                         ; CLOCK_50     ; CLOCK_50    ; 1.000        ; -0.089     ; 6.353      ;
; -5.443 ; async_fifo:sdram_rd_fifo|wr_bin[4]               ; async_fifo:sdram_rd_fifo|mem~4                         ; CLOCK_50     ; CLOCK_50    ; 1.000        ; -0.089     ; 6.353      ;
; -5.443 ; async_fifo:sdram_rd_fifo|wr_bin[4]               ; async_fifo:sdram_rd_fifo|mem~14                        ; CLOCK_50     ; CLOCK_50    ; 1.000        ; -0.089     ; 6.353      ;
; -5.439 ; async_fifo:sdram_rd_fifo|wr_bin[11]              ; sdram_de2115_controller:sdram_master|state.S_WR_ACT_WT ; CLOCK_50     ; CLOCK_50    ; 1.000        ; -0.456     ; 5.982      ;
; -5.439 ; async_fifo:sdram_rd_fifo|wr_bin[11]              ; sdram_de2115_controller:sdram_master|state.S_RD_ACT_WT ; CLOCK_50     ; CLOCK_50    ; 1.000        ; -0.456     ; 5.982      ;
; -5.439 ; async_fifo:sdram_rd_fifo|wr_bin[11]              ; sdram_de2115_controller:sdram_master|state.S_WR_PRE_WT ; CLOCK_50     ; CLOCK_50    ; 1.000        ; -0.456     ; 5.982      ;
; -5.437 ; async_fifo:sdram_rd_fifo|wr_bin[9]               ; sdram_de2115_controller:sdram_master|state.S_WR_ACT_WT ; CLOCK_50     ; CLOCK_50    ; 1.000        ; -0.060     ; 6.376      ;
; -5.437 ; async_fifo:sdram_rd_fifo|wr_bin[9]               ; sdram_de2115_controller:sdram_master|state.S_RD_ACT_WT ; CLOCK_50     ; CLOCK_50    ; 1.000        ; -0.060     ; 6.376      ;
; -5.437 ; async_fifo:sdram_rd_fifo|wr_bin[9]               ; sdram_de2115_controller:sdram_master|state.S_WR_PRE_WT ; CLOCK_50     ; CLOCK_50    ; 1.000        ; -0.060     ; 6.376      ;
; -5.435 ; async_fifo:sdram_rd_fifo|wr_bin[1]               ; async_fifo:sdram_rd_fifo|wr_gray[2]                    ; CLOCK_50     ; CLOCK_50    ; 1.000        ; 0.310      ; 6.744      ;
; -5.435 ; async_fifo:sdram_rd_fifo|wr_bin[4]               ; async_fifo:sdram_rd_fifo|mem~15                        ; CLOCK_50     ; CLOCK_50    ; 1.000        ; -0.091     ; 6.343      ;
; -5.435 ; async_fifo:sdram_rd_fifo|wr_bin[4]               ; async_fifo:sdram_rd_fifo|mem~16                        ; CLOCK_50     ; CLOCK_50    ; 1.000        ; -0.091     ; 6.343      ;
; -5.435 ; async_fifo:sdram_rd_fifo|wr_bin[4]               ; async_fifo:sdram_rd_fifo|mem~22                        ; CLOCK_50     ; CLOCK_50    ; 1.000        ; -0.091     ; 6.343      ;
; -5.435 ; async_fifo:sdram_rd_fifo|wr_bin[4]               ; async_fifo:sdram_rd_fifo|mem~21                        ; CLOCK_50     ; CLOCK_50    ; 1.000        ; -0.091     ; 6.343      ;
; -5.435 ; async_fifo:sdram_rd_fifo|wr_bin[4]               ; async_fifo:sdram_rd_fifo|mem~18                        ; CLOCK_50     ; CLOCK_50    ; 1.000        ; -0.091     ; 6.343      ;
; -5.435 ; async_fifo:sdram_rd_fifo|wr_bin[4]               ; async_fifo:sdram_rd_fifo|mem~19                        ; CLOCK_50     ; CLOCK_50    ; 1.000        ; -0.091     ; 6.343      ;
; -5.435 ; async_fifo:sdram_rd_fifo|wr_bin[4]               ; async_fifo:sdram_rd_fifo|mem~20                        ; CLOCK_50     ; CLOCK_50    ; 1.000        ; -0.091     ; 6.343      ;
; -5.435 ; async_fifo:sdram_rd_fifo|wr_bin[4]               ; async_fifo:sdram_rd_fifo|mem~17                        ; CLOCK_50     ; CLOCK_50    ; 1.000        ; -0.091     ; 6.343      ;
; -5.435 ; async_fifo:sdram_wr_fifo|wr_bin[0]               ; sdram_wr_data_reg[7]                                   ; CLOCK_50     ; CLOCK_50    ; 1.000        ; -0.066     ; 6.368      ;
; -5.408 ; async_fifo:sdram_wr_fifo|wr_bin[1]               ; sdram_wr_data_reg[22]                                  ; CLOCK_50     ; CLOCK_50    ; 1.000        ; -0.057     ; 6.350      ;
; -5.408 ; async_fifo:sdram_wr_fifo|wr_bin[1]               ; sdram_wr_data_reg[16]                                  ; CLOCK_50     ; CLOCK_50    ; 1.000        ; -0.057     ; 6.350      ;
; -5.408 ; async_fifo:sdram_wr_fifo|wr_bin[1]               ; sdram_wr_data_reg[17]                                  ; CLOCK_50     ; CLOCK_50    ; 1.000        ; -0.057     ; 6.350      ;
; -5.408 ; async_fifo:sdram_wr_fifo|wr_bin[1]               ; sdram_wr_data_reg[18]                                  ; CLOCK_50     ; CLOCK_50    ; 1.000        ; -0.057     ; 6.350      ;
; -5.408 ; async_fifo:sdram_wr_fifo|wr_bin[1]               ; sdram_wr_data_reg[19]                                  ; CLOCK_50     ; CLOCK_50    ; 1.000        ; -0.057     ; 6.350      ;
; -5.408 ; async_fifo:sdram_wr_fifo|wr_bin[1]               ; sdram_wr_data_reg[20]                                  ; CLOCK_50     ; CLOCK_50    ; 1.000        ; -0.057     ; 6.350      ;
+--------+--------------------------------------------------+--------------------------------------------------------+--------------+-------------+--------------+------------+------------+


+----------------------------------------------------------------------------------------------------------------------------------------------------------------------------------------------------------------------------------------------------------+
; Slow 1200mV 0C Model Hold: 'CLOCK_50'                                                                                                                                                                                                                    ;
+-------+-------------------------------------------------------------+--------------------------------------------------------------------------------------------------------------+--------------+-------------+--------------+------------+------------+
; Slack ; From Node                                                   ; To Node                                                                                                      ; Launch Clock ; Latch Clock ; Relationship ; Clock Skew ; Data Delay ;
+-------+-------------------------------------------------------------+--------------------------------------------------------------------------------------------------------------+--------------+-------------+--------------+------------+------------+
; 0.278 ; sdram_rd_fifo_wr_data_reg[19]                               ; async_fifo:sdram_rd_fifo|altsyncram:mem_rtl_0|altsyncram_4mc1:auto_generated|ram_block1a16~porta_datain_reg0 ; CLOCK_50     ; CLOCK_50    ; 0.000        ; 0.414      ; 0.893      ;
; 0.337 ; sdram_de2115_controller:sdram_master|addr_r[10]             ; sdram_de2115_controller:sdram_master|addr_r[10]                                                              ; CLOCK_50     ; CLOCK_50    ; 0.000        ; 0.089      ; 0.597      ;
; 0.337 ; sdram_de2115_controller:sdram_master|state.S_IDLE           ; sdram_de2115_controller:sdram_master|state.S_IDLE                                                            ; CLOCK_50     ; CLOCK_50    ; 0.000        ; 0.089      ; 0.597      ;
; 0.337 ; sdram_de2115_controller:sdram_master|bank_open              ; sdram_de2115_controller:sdram_master|bank_open                                                               ; CLOCK_50     ; CLOCK_50    ; 0.000        ; 0.089      ; 0.597      ;
; 0.337 ; sdram_de2115_controller:sdram_master|state.S_REFRESH_PRE_WT ; sdram_de2115_controller:sdram_master|state.S_REFRESH_PRE_WT                                                  ; CLOCK_50     ; CLOCK_50    ; 0.000        ; 0.089      ; 0.597      ;
; 0.337 ; sdram_de2115_controller:sdram_master|state.S_INIT_REF2_WT   ; sdram_de2115_controller:sdram_master|state.S_INIT_REF2_WT                                                    ; CLOCK_50     ; CLOCK_50    ; 0.000        ; 0.089      ; 0.597      ;
; 0.337 ; sdram_de2115_controller:sdram_master|state.S_REFRESH_WT     ; sdram_de2115_controller:sdram_master|state.S_REFRESH_WT                                                      ; CLOCK_50     ; CLOCK_50    ; 0.000        ; 0.089      ; 0.597      ;
; 0.338 ; sdram_rd_fifo_wr_data_reg[17]                               ; async_fifo:sdram_rd_fifo|altsyncram:mem_rtl_0|altsyncram_4mc1:auto_generated|ram_block1a16~porta_datain_reg0 ; CLOCK_50     ; CLOCK_50    ; 0.000        ; 0.412      ; 0.951      ;
; 0.350 ; sdram_rd_fifo_wr_data_reg[18]                               ; async_fifo:sdram_rd_fifo|altsyncram:mem_rtl_0|altsyncram_4mc1:auto_generated|ram_block1a16~porta_datain_reg0 ; CLOCK_50     ; CLOCK_50    ; 0.000        ; 0.412      ; 0.963      ;
; 0.353 ; sdram_de2115_controller:sdram_master|cke_r                  ; sdram_de2115_controller:sdram_master|cke_r                                                                   ; CLOCK_50     ; CLOCK_50    ; 0.000        ; 0.073      ; 0.597      ;
; 0.353 ; sdram_de2115_controller:sdram_master|read_ptr[0]            ; sdram_de2115_controller:sdram_master|read_ptr[0]                                                             ; CLOCK_50     ; CLOCK_50    ; 0.000        ; 0.073      ; 0.597      ;
; 0.353 ; frame_buffer_controller:fb_ctrl|sdram_read_base[18]         ; frame_buffer_controller:fb_ctrl|sdram_read_base[18]                                                          ; CLOCK_50     ; CLOCK_50    ; 0.000        ; 0.073      ; 0.597      ;
; 0.354 ; sdram_rd_bridge_phase.01                                    ; sdram_rd_bridge_phase.01                                                                                     ; CLOCK_50     ; CLOCK_50    ; 0.000        ; 0.072      ; 0.597      ;
; 0.354 ; sdram_de2115_controller:sdram_master|state.S_INIT_WAIT      ; sdram_de2115_controller:sdram_master|state.S_INIT_WAIT                                                       ; CLOCK_50     ; CLOCK_50    ; 0.000        ; 0.072      ; 0.597      ;
; 0.354 ; sdram_de2115_controller:sdram_master|state.S_RD_CAS_WT      ; sdram_de2115_controller:sdram_master|state.S_RD_CAS_WT                                                       ; CLOCK_50     ; CLOCK_50    ; 0.000        ; 0.072      ; 0.597      ;
; 0.354 ; sdram_de2115_controller:sdram_master|state.S_INIT_PRE_WT    ; sdram_de2115_controller:sdram_master|state.S_INIT_PRE_WT                                                     ; CLOCK_50     ; CLOCK_50    ; 0.000        ; 0.072      ; 0.597      ;
; 0.354 ; sdram_de2115_controller:sdram_master|state.S_INIT_MRS_WT    ; sdram_de2115_controller:sdram_master|state.S_INIT_MRS_WT                                                     ; CLOCK_50     ; CLOCK_50    ; 0.000        ; 0.072      ; 0.597      ;
; 0.354 ; sdram_de2115_controller:sdram_master|state.S_WR_RECOVER     ; sdram_de2115_controller:sdram_master|state.S_WR_RECOVER                                                      ; CLOCK_50     ; CLOCK_50    ; 0.000        ; 0.072      ; 0.597      ;
; 0.354 ; sdram_de2115_controller:sdram_master|state.S_INIT_REF1_WT   ; sdram_de2115_controller:sdram_master|state.S_INIT_REF1_WT                                                    ; CLOCK_50     ; CLOCK_50    ; 0.000        ; 0.072      ; 0.597      ;
; 0.354 ; sdram_de2115_controller:sdram_master|refresh_pending        ; sdram_de2115_controller:sdram_master|refresh_pending                                                         ; CLOCK_50     ; CLOCK_50    ; 0.000        ; 0.072      ; 0.597      ;
; 0.354 ; sdram_wr_bridge_phase.01                                    ; sdram_wr_bridge_phase.01                                                                                     ; CLOCK_50     ; CLOCK_50    ; 0.000        ; 0.072      ; 0.597      ;
; 0.354 ; sdram_wr_bridge_pending                                     ; sdram_wr_bridge_pending                                                                                      ; CLOCK_50     ; CLOCK_50    ; 0.000        ; 0.072      ; 0.597      ;
; 0.365 ; sdram_de2115_controller:sdram_master|write_ptr[0]           ; sdram_de2115_controller:sdram_master|write_ptr[0]                                                            ; CLOCK_50     ; CLOCK_50    ; 0.000        ; 0.072      ; 0.608      ;
; 0.366 ; vga_out:vga_output|clk_en                                   ; vga_out:vga_output|clk_en                                                                                    ; CLOCK_50     ; CLOCK_50    ; 0.000        ; 0.071      ; 0.608      ;
; 0.368 ; async_fifo:sdram_wr_fifo|wr_bin[6]                          ; async_fifo:sdram_wr_fifo|altsyncram:mem_rtl_0|altsyncram_8mc1:auto_generated|ram_block1a6~porta_address_reg0 ; CLOCK_50     ; CLOCK_50    ; 0.000        ; 0.383      ; 0.952      ;
; 0.374 ; sdram_de2115_controller:sdram_master|state.S_WR_ACT_WT      ; sdram_de2115_controller:sdram_master|state.S_WR_CMD                                                          ; CLOCK_50     ; CLOCK_50    ; 0.000        ; 0.471      ; 1.016      ;
; 0.379 ; async_fifo:sdram_wr_fifo|wr_bin[4]                          ; async_fifo:sdram_wr_fifo|altsyncram:mem_rtl_0|altsyncram_8mc1:auto_generated|ram_block1a6~porta_address_reg0 ; CLOCK_50     ; CLOCK_50    ; 0.000        ; 0.383      ; 0.963      ;
; 0.380 ; async_fifo:sdram_rd_fifo|wr_gray_sync_1[4]                  ; async_fifo:sdram_rd_fifo|wr_gray_sync_2[4]                                                                   ; CLOCK_50     ; CLOCK_50    ; 0.000        ; 0.087      ; 0.638      ;
; 0.395 ; sdram_wr_pixel_reg[13]                                      ; sdram_ctrl_wr_data_reg[13]                                                                                   ; CLOCK_50     ; CLOCK_50    ; 0.000        ; 0.072      ; 0.638      ;
; 0.396 ; sdram_wr_pixel_reg[10]                                      ; sdram_ctrl_wr_data_reg[10]                                                                                   ; CLOCK_50     ; CLOCK_50    ; 0.000        ; 0.072      ; 0.639      ;
; 0.396 ; sdram_wr_pixel_reg[21]                                      ; sdram_ctrl_wr_data_reg[5]                                                                                    ; CLOCK_50     ; CLOCK_50    ; 0.000        ; 0.072      ; 0.639      ;
; 0.397 ; sdram_wr_pixel_reg[14]                                      ; sdram_ctrl_wr_data_reg[14]                                                                                   ; CLOCK_50     ; CLOCK_50    ; 0.000        ; 0.072      ; 0.640      ;
; 0.397 ; sdram_wr_pixel_reg[11]                                      ; sdram_ctrl_wr_data_reg[11]                                                                                   ; CLOCK_50     ; CLOCK_50    ; 0.000        ; 0.072      ; 0.640      ;
; 0.397 ; sdram_rd_lower_reg[5]                                       ; sdram_rd_fifo_wr_data_reg[5]                                                                                 ; CLOCK_50     ; CLOCK_50    ; 0.000        ; 0.071      ; 0.639      ;
; 0.397 ; sdram_rd_lower_reg[4]                                       ; sdram_rd_fifo_wr_data_reg[4]                                                                                 ; CLOCK_50     ; CLOCK_50    ; 0.000        ; 0.071      ; 0.639      ;
; 0.397 ; sdram_rd_lower_reg[15]                                      ; sdram_rd_fifo_wr_data_reg[15]                                                                                ; CLOCK_50     ; CLOCK_50    ; 0.000        ; 0.071      ; 0.639      ;
; 0.397 ; async_fifo:sdram_wr_fifo|wr_gray_sync_1[8]                  ; async_fifo:sdram_wr_fifo|wr_gray_sync_2[8]                                                                   ; CLOCK_50     ; CLOCK_50    ; 0.000        ; 0.072      ; 0.640      ;
; 0.398 ; sdram_rd_lower_reg[7]                                       ; sdram_rd_fifo_wr_data_reg[7]                                                                                 ; CLOCK_50     ; CLOCK_50    ; 0.000        ; 0.070      ; 0.639      ;
; 0.398 ; sdram_rd_lower_reg[1]                                       ; sdram_rd_fifo_wr_data_reg[1]                                                                                 ; CLOCK_50     ; CLOCK_50    ; 0.000        ; 0.071      ; 0.640      ;
; 0.398 ; sdram_rd_lower_reg[0]                                       ; sdram_rd_fifo_wr_data_reg[0]                                                                                 ; CLOCK_50     ; CLOCK_50    ; 0.000        ; 0.070      ; 0.639      ;
; 0.398 ; sdram_rd_lower_reg[13]                                      ; sdram_rd_fifo_wr_data_reg[13]                                                                                ; CLOCK_50     ; CLOCK_50    ; 0.000        ; 0.071      ; 0.640      ;
; 0.398 ; sdram_rd_lower_reg[14]                                      ; sdram_rd_fifo_wr_data_reg[14]                                                                                ; CLOCK_50     ; CLOCK_50    ; 0.000        ; 0.071      ; 0.640      ;
; 0.398 ; sdram_rd_lower_reg[8]                                       ; sdram_rd_fifo_wr_data_reg[8]                                                                                 ; CLOCK_50     ; CLOCK_50    ; 0.000        ; 0.070      ; 0.639      ;
; 0.398 ; async_fifo:sdram_wr_fifo|wr_gray_sync_1[6]                  ; async_fifo:sdram_wr_fifo|wr_gray_sync_2[6]                                                                   ; CLOCK_50     ; CLOCK_50    ; 0.000        ; 0.072      ; 0.641      ;
; 0.399 ; sdram_wr_pixel_reg[12]                                      ; sdram_ctrl_wr_data_reg[12]                                                                                   ; CLOCK_50     ; CLOCK_50    ; 0.000        ; 0.072      ; 0.642      ;
; 0.399 ; async_fifo:pixel_capture_fifo|wr_gray_sync_1[8]             ; async_fifo:pixel_capture_fifo|wr_gray_sync_2[8]                                                              ; CLOCK_50     ; CLOCK_50    ; 0.000        ; 0.072      ; 0.642      ;
; 0.399 ; sdram_rd_lower_reg[12]                                      ; sdram_rd_fifo_wr_data_reg[12]                                                                                ; CLOCK_50     ; CLOCK_50    ; 0.000        ; 0.071      ; 0.641      ;
; 0.400 ; sdram_wr_bridge_phase.01                                    ; sdram_wr_bridge_pending                                                                                      ; CLOCK_50     ; CLOCK_50    ; 0.000        ; 0.072      ; 0.643      ;
; 0.400 ; sdram_rd_lower_reg[9]                                       ; sdram_rd_fifo_wr_data_reg[9]                                                                                 ; CLOCK_50     ; CLOCK_50    ; 0.000        ; 0.070      ; 0.641      ;
; 0.401 ; async_fifo:sdram_wr_fifo|rd_gray[7]                         ; async_fifo:sdram_wr_fifo|rd_gray_sync_1[7]                                                                   ; CLOCK_50     ; CLOCK_50    ; 0.000        ; 0.072      ; 0.644      ;
; 0.402 ; async_fifo:sdram_wr_fifo|rd_gray[6]                         ; async_fifo:sdram_wr_fifo|rd_gray_sync_1[6]                                                                   ; CLOCK_50     ; CLOCK_50    ; 0.000        ; 0.072      ; 0.645      ;
; 0.403 ; async_fifo:sdram_wr_fifo|rd_gray[5]                         ; async_fifo:sdram_wr_fifo|rd_gray_sync_1[5]                                                                   ; CLOCK_50     ; CLOCK_50    ; 0.000        ; 0.072      ; 0.646      ;
; 0.404 ; async_fifo:sdram_wr_fifo|rd_gray[2]                         ; async_fifo:sdram_wr_fifo|rd_gray_sync_1[2]                                                                   ; CLOCK_50     ; CLOCK_50    ; 0.000        ; 0.072      ; 0.647      ;
; 0.405 ; async_fifo:sdram_wr_fifo|rd_gray[4]                         ; async_fifo:sdram_wr_fifo|rd_gray_sync_1[4]                                                                   ; CLOCK_50     ; CLOCK_50    ; 0.000        ; 0.072      ; 0.648      ;
; 0.405 ; async_fifo:sdram_wr_fifo|rd_gray[3]                         ; async_fifo:sdram_wr_fifo|rd_gray_sync_1[3]                                                                   ; CLOCK_50     ; CLOCK_50    ; 0.000        ; 0.072      ; 0.648      ;
; 0.409 ; vga_out:vga_output|h_count[6]                               ; vga_out:vga_output|VGA_HS                                                                                    ; CLOCK_50     ; CLOCK_50    ; 0.000        ; 0.071      ; 0.651      ;
; 0.411 ; async_fifo:pixel_capture_fifo|wr_gray[8]                    ; async_fifo:pixel_capture_fifo|wr_gray_sync_1[8]                                                              ; TD_CLK27     ; CLOCK_50    ; 0.000        ; 0.164      ; 0.786      ;
; 0.412 ; async_fifo:pixel_capture_fifo|wr_gray[10]                   ; async_fifo:pixel_capture_fifo|wr_gray_sync_1[10]                                                             ; TD_CLK27     ; CLOCK_50    ; 0.000        ; 0.164      ; 0.787      ;
; 0.415 ; sdram_de2115_controller:sdram_master|dq_oe                  ; sdram_wr_bridge_phase.01                                                                                     ; CLOCK_50     ; CLOCK_50    ; 0.000        ; 0.072      ; 0.658      ;
; 0.419 ; sdram_de2115_controller:sdram_master|state.S_RD_CAPTURE     ; sdram_de2115_controller:sdram_master|sdram_rd_wr_en                                                          ; CLOCK_50     ; CLOCK_50    ; 0.000        ; 0.072      ; 0.662      ;
; 0.435 ; async_fifo:sdram_rd_fifo|mem~0                              ; vga_out:vga_output|VGA_G[3]                                                                                  ; CLOCK_50     ; CLOCK_50    ; 0.000        ; 0.070      ; 0.676      ;
; 0.436 ; async_fifo:sdram_rd_fifo|mem~0                              ; vga_out:vga_output|VGA_G[2]                                                                                  ; CLOCK_50     ; CLOCK_50    ; 0.000        ; 0.070      ; 0.677      ;
; 0.436 ; async_fifo:sdram_rd_fifo|mem~0                              ; vga_out:vga_output|VGA_G[1]                                                                                  ; CLOCK_50     ; CLOCK_50    ; 0.000        ; 0.070      ; 0.677      ;
; 0.438 ; async_fifo:sdram_rd_fifo|mem~0                              ; vga_out:vga_output|VGA_G[0]                                                                                  ; CLOCK_50     ; CLOCK_50    ; 0.000        ; 0.070      ; 0.679      ;
; 0.450 ; async_fifo:pixel_capture_fifo|wr_gray[7]                    ; async_fifo:pixel_capture_fifo|wr_gray_sync_1[7]                                                              ; TD_CLK27     ; CLOCK_50    ; 0.000        ; 0.164      ; 0.825      ;
; 0.452 ; async_fifo:pixel_capture_fifo|wr_gray[9]                    ; async_fifo:pixel_capture_fifo|wr_gray_sync_1[9]                                                              ; TD_CLK27     ; CLOCK_50    ; 0.000        ; 0.164      ; 0.827      ;
; 0.496 ; sdram_de2115_controller:sdram_master|state.S_REFRESH_PRE_WT ; sdram_de2115_controller:sdram_master|state.S_REFRESH                                                         ; CLOCK_50     ; CLOCK_50    ; 0.000        ; 0.089      ; 0.756      ;
; 0.506 ; sdram_wr_pixel_reg[15]                                      ; sdram_ctrl_wr_data_reg[15]                                                                                   ; CLOCK_50     ; CLOCK_50    ; 0.000        ; 0.072      ; 0.749      ;
; 0.507 ; sdram_wr_pixel_reg[5]                                       ; sdram_ctrl_wr_data_reg[5]                                                                                    ; CLOCK_50     ; CLOCK_50    ; 0.000        ; 0.072      ; 0.750      ;
; 0.508 ; sdram_wr_pixel_reg[24]                                      ; sdram_ctrl_wr_data_reg[8]                                                                                    ; CLOCK_50     ; CLOCK_50    ; 0.000        ; 0.072      ; 0.751      ;
; 0.518 ; sdram_rd_fifo_wr_data_reg[22]                               ; async_fifo:sdram_rd_fifo|altsyncram:mem_rtl_0|altsyncram_4mc1:auto_generated|ram_block1a20~porta_datain_reg0 ; CLOCK_50     ; CLOCK_50    ; 0.000        ; 0.416      ; 1.135      ;
; 0.530 ; async_fifo:sdram_wr_fifo|wr_bin[11]                         ; async_fifo:sdram_wr_fifo|wr_bin[11]                                                                          ; CLOCK_50     ; CLOCK_50    ; 0.000        ; 0.087      ; 0.788      ;
; 0.532 ; sdram_rd_fifo_wr_data_reg[20]                               ; async_fifo:sdram_rd_fifo|altsyncram:mem_rtl_0|altsyncram_4mc1:auto_generated|ram_block1a20~porta_datain_reg0 ; CLOCK_50     ; CLOCK_50    ; 0.000        ; 0.414      ; 1.147      ;
; 0.533 ; async_fifo:sdram_rd_fifo|wr_gray_sync_1[5]                  ; async_fifo:sdram_rd_fifo|wr_gray_sync_2[5]                                                                   ; CLOCK_50     ; CLOCK_50    ; 0.000        ; 0.087      ; 0.791      ;
; 0.539 ; async_fifo:sdram_rd_fifo|wr_bin[11]                         ; async_fifo:sdram_rd_fifo|wr_bin[11]                                                                          ; CLOCK_50     ; CLOCK_50    ; 0.000        ; 0.087      ; 0.797      ;
; 0.541 ; sdram_rd_lower_reg[3]                                       ; sdram_rd_fifo_wr_data_reg[3]                                                                                 ; CLOCK_50     ; CLOCK_50    ; 0.000        ; 0.073      ; 0.785      ;
; 0.546 ; sdram_rd_fifo_wr_data_reg[3]                                ; async_fifo:sdram_rd_fifo|altsyncram:mem_rtl_0|altsyncram_4mc1:auto_generated|ram_block1a0~porta_datain_reg0  ; CLOCK_50     ; CLOCK_50    ; 0.000        ; 0.408      ; 1.155      ;
; 0.546 ; sdram_de2115_controller:sdram_master|sdram_rd_wr_data[11]   ; sdram_rd_lower_reg[11]                                                                                       ; CLOCK_50     ; CLOCK_50    ; 0.000        ; 0.069      ; 0.786      ;
; 0.547 ; async_fifo:sdram_wr_fifo|mem_rtl_0_bypass[25]               ; sdram_wr_pixel_reg[2]                                                                                        ; CLOCK_50     ; CLOCK_50    ; 0.000        ; 0.072      ; 0.790      ;
; 0.547 ; sdram_de2115_controller:sdram_master|sdram_rd_wr_data[15]   ; sdram_rd_lower_reg[15]                                                                                       ; CLOCK_50     ; CLOCK_50    ; 0.000        ; 0.069      ; 0.787      ;
; 0.547 ; async_fifo:sdram_wr_fifo|wr_gray_sync_1[9]                  ; async_fifo:sdram_wr_fifo|wr_gray_sync_2[9]                                                                   ; CLOCK_50     ; CLOCK_50    ; 0.000        ; 0.072      ; 0.790      ;
; 0.547 ; async_fifo:sdram_rd_fifo|rd_bin[11]                         ; async_fifo:sdram_rd_fifo|rd_bin[11]                                                                          ; CLOCK_50     ; CLOCK_50    ; 0.000        ; 0.071      ; 0.789      ;
; 0.548 ; async_fifo:sdram_wr_fifo|mem_rtl_0_bypass[26]               ; sdram_wr_pixel_reg[3]                                                                                        ; CLOCK_50     ; CLOCK_50    ; 0.000        ; 0.072      ; 0.791      ;
; 0.548 ; async_fifo:sdram_wr_fifo|mem_rtl_0_bypass[41]               ; sdram_wr_pixel_reg[18]                                                                                       ; CLOCK_50     ; CLOCK_50    ; 0.000        ; 0.072      ; 0.791      ;
; 0.548 ; async_fifo:pixel_capture_fifo|wr_gray_sync_1[10]            ; async_fifo:pixel_capture_fifo|wr_gray_sync_2[10]                                                             ; CLOCK_50     ; CLOCK_50    ; 0.000        ; 0.072      ; 0.791      ;
; 0.548 ; async_fifo:sdram_wr_fifo|wr_gray_sync_1[7]                  ; async_fifo:sdram_wr_fifo|wr_gray_sync_2[7]                                                                   ; CLOCK_50     ; CLOCK_50    ; 0.000        ; 0.072      ; 0.791      ;
; 0.548 ; async_fifo:sdram_wr_fifo|wr_gray_sync_1[1]                  ; async_fifo:sdram_wr_fifo|wr_gray_sync_2[1]                                                                   ; CLOCK_50     ; CLOCK_50    ; 0.000        ; 0.072      ; 0.791      ;
; 0.549 ; async_fifo:sdram_wr_fifo|mem_rtl_0_bypass[32]               ; sdram_wr_pixel_reg[9]                                                                                        ; CLOCK_50     ; CLOCK_50    ; 0.000        ; 0.072      ; 0.792      ;
; 0.549 ; async_fifo:sdram_wr_fifo|mem_rtl_0_bypass[42]               ; sdram_wr_pixel_reg[19]                                                                                       ; CLOCK_50     ; CLOCK_50    ; 0.000        ; 0.072      ; 0.792      ;
; 0.549 ; async_fifo:sdram_rd_fifo|mem_rtl_0_bypass[23]               ; vga_out:vga_output|VGA_B[0]                                                                                  ; CLOCK_50     ; CLOCK_50    ; 0.000        ; 0.070      ; 0.790      ;
; 0.549 ; async_fifo:sdram_rd_fifo|mem_rtl_0_bypass[35]               ; vga_out:vga_output|VGA_G[4]                                                                                  ; CLOCK_50     ; CLOCK_50    ; 0.000        ; 0.071      ; 0.791      ;
; 0.549 ; async_fifo:sdram_wr_fifo|wr_gray_sync_1[5]                  ; async_fifo:sdram_wr_fifo|wr_gray_sync_2[5]                                                                   ; CLOCK_50     ; CLOCK_50    ; 0.000        ; 0.072      ; 0.792      ;
; 0.549 ; async_fifo:sdram_wr_fifo|wr_gray_sync_1[0]                  ; async_fifo:sdram_wr_fifo|wr_gray_sync_2[0]                                                                   ; CLOCK_50     ; CLOCK_50    ; 0.000        ; 0.072      ; 0.792      ;
; 0.549 ; async_fifo:sdram_rd_fifo|wr_gray_sync_1[8]                  ; async_fifo:sdram_rd_fifo|wr_gray_sync_2[8]                                                                   ; CLOCK_50     ; CLOCK_50    ; 0.000        ; 0.072      ; 0.792      ;
; 0.549 ; async_fifo:sdram_rd_fifo|wr_gray_sync_1[6]                  ; async_fifo:sdram_rd_fifo|wr_gray_sync_2[6]                                                                   ; CLOCK_50     ; CLOCK_50    ; 0.000        ; 0.072      ; 0.792      ;
; 0.549 ; async_fifo:sdram_rd_fifo|wr_gray_sync_1[7]                  ; async_fifo:sdram_rd_fifo|wr_gray_sync_2[7]                                                                   ; CLOCK_50     ; CLOCK_50    ; 0.000        ; 0.072      ; 0.792      ;
; 0.550 ; async_fifo:sdram_wr_fifo|mem_rtl_0_bypass[30]               ; sdram_wr_pixel_reg[7]                                                                                        ; CLOCK_50     ; CLOCK_50    ; 0.000        ; 0.072      ; 0.793      ;
; 0.550 ; async_fifo:sdram_rd_fifo|mem_rtl_0_bypass[27]               ; vga_out:vga_output|VGA_B[4]                                                                                  ; CLOCK_50     ; CLOCK_50    ; 0.000        ; 0.070      ; 0.791      ;
; 0.550 ; sdram_rd_lower_reg[2]                                       ; sdram_rd_fifo_wr_data_reg[2]                                                                                 ; CLOCK_50     ; CLOCK_50    ; 0.000        ; 0.071      ; 0.792      ;
; 0.550 ; async_fifo:sdram_rd_fifo|mem_rtl_0_bypass[32]               ; vga_out:vga_output|VGA_G[1]                                                                                  ; CLOCK_50     ; CLOCK_50    ; 0.000        ; 0.070      ; 0.791      ;
+-------+-------------------------------------------------------------+--------------------------------------------------------------------------------------------------------------+--------------+-------------+--------------+------------+------------+


+----------------------------------------------------------------------------------------------------------------------------------------------------------------------------------------------------------------------------------------------------+
; Slow 1200mV 0C Model Hold: 'TD_CLK27'                                                                                                                                                                                                              ;
+-------+--------------------------------------------------+-------------------------------------------------------------------------------------------------------------------+--------------+-------------+--------------+------------+------------+
; Slack ; From Node                                        ; To Node                                                                                                           ; Launch Clock ; Latch Clock ; Relationship ; Clock Skew ; Data Delay ;
+-------+--------------------------------------------------+-------------------------------------------------------------------------------------------------------------------+--------------+-------------+--------------+------------+------------+
; 0.339 ; video_in:video_in_decoder|rPixel_Count[1]        ; video_in:video_in_decoder|rPixel_Count[1]                                                                         ; TD_CLK27     ; TD_CLK27    ; 0.000        ; 0.087      ; 0.597      ;
; 0.350 ; video_in:video_in_decoder|rPixel_Count[0]        ; video_in:video_in_decoder|rPixel_Count[0]                                                                         ; TD_CLK27     ; TD_CLK27    ; 0.000        ; 0.087      ; 0.608      ;
; 0.400 ; video_in:video_in_decoder|rVS_d1                 ; video_in:video_in_decoder|oV_Sync                                                                                 ; TD_CLK27     ; TD_CLK27    ; 0.000        ; 0.087      ; 0.658      ;
; 0.420 ; video_in:video_in_decoder|rHS_d2                 ; video_in:video_in_decoder|rPixel_Count[0]                                                                         ; TD_CLK27     ; TD_CLK27    ; 0.000        ; 0.087      ; 0.678      ;
; 0.437 ; video_in:video_in_decoder|rHS_d2                 ; video_in:video_in_decoder|rPixel_Count[1]                                                                         ; TD_CLK27     ; TD_CLK27    ; 0.000        ; 0.087      ; 0.695      ;
; 0.509 ; async_fifo:pixel_capture_fifo|rd_gray[4]         ; async_fifo:pixel_capture_fifo|rd_gray_sync_1[4]                                                                   ; CLOCK_50     ; TD_CLK27    ; 0.000        ; 0.036      ; 0.756      ;
; 0.510 ; async_fifo:pixel_capture_fifo|rd_gray[1]         ; async_fifo:pixel_capture_fifo|rd_gray_sync_1[1]                                                                   ; CLOCK_50     ; TD_CLK27    ; 0.000        ; 0.036      ; 0.757      ;
; 0.511 ; async_fifo:pixel_capture_fifo|rd_gray[9]         ; async_fifo:pixel_capture_fifo|rd_gray_sync_1[9]                                                                   ; CLOCK_50     ; TD_CLK27    ; 0.000        ; 0.035      ; 0.757      ;
; 0.522 ; async_fifo:pixel_capture_fifo|rd_gray[6]         ; async_fifo:pixel_capture_fifo|rd_gray_sync_1[6]                                                                   ; CLOCK_50     ; TD_CLK27    ; 0.000        ; 0.036      ; 0.769      ;
; 0.522 ; async_fifo:pixel_capture_fifo|rd_gray[3]         ; async_fifo:pixel_capture_fifo|rd_gray_sync_1[3]                                                                   ; CLOCK_50     ; TD_CLK27    ; 0.000        ; 0.036      ; 0.769      ;
; 0.523 ; async_fifo:pixel_capture_fifo|rd_gray[2]         ; async_fifo:pixel_capture_fifo|rd_gray_sync_1[2]                                                                   ; CLOCK_50     ; TD_CLK27    ; 0.000        ; 0.036      ; 0.770      ;
; 0.523 ; async_fifo:pixel_capture_fifo|rd_bin[11]         ; async_fifo:pixel_capture_fifo|rd_gray_sync_1[11]                                                                  ; CLOCK_50     ; TD_CLK27    ; 0.000        ; 0.035      ; 0.769      ;
; 0.523 ; async_fifo:pixel_capture_fifo|rd_gray[0]         ; async_fifo:pixel_capture_fifo|rd_gray_sync_1[0]                                                                   ; CLOCK_50     ; TD_CLK27    ; 0.000        ; 0.036      ; 0.770      ;
; 0.523 ; async_fifo:pixel_capture_fifo|rd_gray[5]         ; async_fifo:pixel_capture_fifo|rd_gray_sync_1[5]                                                                   ; CLOCK_50     ; TD_CLK27    ; 0.000        ; 0.036      ; 0.770      ;
; 0.525 ; async_fifo:pixel_capture_fifo|rd_gray[8]         ; async_fifo:pixel_capture_fifo|rd_gray_sync_1[8]                                                                   ; CLOCK_50     ; TD_CLK27    ; 0.000        ; 0.035      ; 0.771      ;
; 0.525 ; async_fifo:pixel_capture_fifo|rd_gray[7]         ; async_fifo:pixel_capture_fifo|rd_gray_sync_1[7]                                                                   ; CLOCK_50     ; TD_CLK27    ; 0.000        ; 0.036      ; 0.772      ;
; 0.547 ; async_fifo:pixel_capture_fifo|rd_gray_sync_1[4]  ; async_fifo:pixel_capture_fifo|rd_gray_sync_2[4]                                                                   ; TD_CLK27     ; TD_CLK27    ; 0.000        ; 0.073      ; 0.791      ;
; 0.547 ; async_fifo:pixel_capture_fifo|rd_gray_sync_1[0]  ; async_fifo:pixel_capture_fifo|rd_gray_sync_2[0]                                                                   ; TD_CLK27     ; TD_CLK27    ; 0.000        ; 0.073      ; 0.791      ;
; 0.549 ; async_fifo:pixel_capture_fifo|rd_gray_sync_1[5]  ; async_fifo:pixel_capture_fifo|rd_gray_sync_2[5]                                                                   ; TD_CLK27     ; TD_CLK27    ; 0.000        ; 0.073      ; 0.793      ;
; 0.553 ; video_in:video_in_decoder|rHS_d1                 ; video_in:video_in_decoder|rHS_d2                                                                                  ; TD_CLK27     ; TD_CLK27    ; 0.000        ; 0.087      ; 0.811      ;
; 0.561 ; video_in:video_in_decoder|oV_Sync                ; frame_buffer_controller:fb_ctrl|tv_frame_done_d                                                                   ; TD_CLK27     ; TD_CLK27    ; 0.000        ; 0.087      ; 0.819      ;
; 0.564 ; async_fifo:pixel_capture_fifo|rd_gray[10]        ; async_fifo:pixel_capture_fifo|rd_gray_sync_1[10]                                                                  ; CLOCK_50     ; TD_CLK27    ; 0.000        ; 0.035      ; 0.810      ;
; 0.581 ; async_fifo:pixel_capture_fifo|wr_bin[1]          ; async_fifo:pixel_capture_fifo|wr_bin[1]                                                                           ; TD_CLK27     ; TD_CLK27    ; 0.000        ; 0.089      ; 0.841      ;
; 0.583 ; async_fifo:pixel_capture_fifo|wr_bin[2]          ; async_fifo:pixel_capture_fifo|wr_bin[2]                                                                           ; TD_CLK27     ; TD_CLK27    ; 0.000        ; 0.089      ; 0.843      ;
; 0.586 ; source_x_count[1]                                ; source_x_count[1]                                                                                                 ; TD_CLK27     ; TD_CLK27    ; 0.000        ; 0.072      ; 0.829      ;
; 0.588 ; source_x_count[2]                                ; source_x_count[2]                                                                                                 ; TD_CLK27     ; TD_CLK27    ; 0.000        ; 0.072      ; 0.831      ;
; 0.589 ; async_fifo:pixel_capture_fifo|wr_bin[7]          ; async_fifo:pixel_capture_fifo|wr_bin[7]                                                                           ; TD_CLK27     ; TD_CLK27    ; 0.000        ; 0.089      ; 0.849      ;
; 0.589 ; video_in:video_in_decoder|rHS_d1                 ; video_in:video_in_decoder|rPixel_Count[0]                                                                         ; TD_CLK27     ; TD_CLK27    ; 0.000        ; 0.087      ; 0.847      ;
; 0.590 ; video_in:video_in_decoder|rPixel_Count[0]        ; video_in:video_in_decoder|rPixel_Count[1]                                                                         ; TD_CLK27     ; TD_CLK27    ; 0.000        ; 0.087      ; 0.848      ;
; 0.591 ; video_in:video_in_decoder|rVS_d1                 ; video_in:video_in_decoder|rPixel_Count[0]                                                                         ; TD_CLK27     ; TD_CLK27    ; 0.000        ; 0.087      ; 0.849      ;
; 0.592 ; async_fifo:pixel_capture_fifo|wr_bin[10]         ; async_fifo:pixel_capture_fifo|wr_bin[10]                                                                          ; TD_CLK27     ; TD_CLK27    ; 0.000        ; 0.089      ; 0.852      ;
; 0.592 ; async_fifo:pixel_capture_fifo|wr_bin[5]          ; async_fifo:pixel_capture_fifo|wr_bin[5]                                                                           ; TD_CLK27     ; TD_CLK27    ; 0.000        ; 0.089      ; 0.852      ;
; 0.593 ; async_fifo:pixel_capture_fifo|wr_bin[6]          ; async_fifo:pixel_capture_fifo|wr_bin[6]                                                                           ; TD_CLK27     ; TD_CLK27    ; 0.000        ; 0.089      ; 0.853      ;
; 0.593 ; source_x_count[9]                                ; source_x_count[9]                                                                                                 ; TD_CLK27     ; TD_CLK27    ; 0.000        ; 0.072      ; 0.836      ;
; 0.593 ; source_x_count[7]                                ; source_x_count[7]                                                                                                 ; TD_CLK27     ; TD_CLK27    ; 0.000        ; 0.072      ; 0.836      ;
; 0.597 ; source_x_count[8]                                ; source_x_count[8]                                                                                                 ; TD_CLK27     ; TD_CLK27    ; 0.000        ; 0.072      ; 0.840      ;
; 0.597 ; source_x_count[3]                                ; source_x_count[3]                                                                                                 ; TD_CLK27     ; TD_CLK27    ; 0.000        ; 0.072      ; 0.840      ;
; 0.597 ; source_x_count[5]                                ; source_x_count[5]                                                                                                 ; TD_CLK27     ; TD_CLK27    ; 0.000        ; 0.072      ; 0.840      ;
; 0.599 ; source_x_count[4]                                ; source_x_count[4]                                                                                                 ; TD_CLK27     ; TD_CLK27    ; 0.000        ; 0.072      ; 0.842      ;
; 0.602 ; async_fifo:pixel_capture_fifo|wr_bin[0]          ; async_fifo:pixel_capture_fifo|wr_bin[0]                                                                           ; TD_CLK27     ; TD_CLK27    ; 0.000        ; 0.089      ; 0.862      ;
; 0.612 ; source_x_count[6]                                ; source_x_count[6]                                                                                                 ; TD_CLK27     ; TD_CLK27    ; 0.000        ; 0.072      ; 0.855      ;
; 0.612 ; source_x_count[0]                                ; source_x_count[0]                                                                                                 ; TD_CLK27     ; TD_CLK27    ; 0.000        ; 0.072      ; 0.855      ;
; 0.645 ; frame_buffer_controller:fb_ctrl|tv_frame_done_d  ; frame_buffer_controller:fb_ctrl|write_select                                                                      ; TD_CLK27     ; TD_CLK27    ; 0.000        ; 0.087      ; 0.903      ;
; 0.706 ; async_fifo:pixel_capture_fifo|rd_gray_sync_1[3]  ; async_fifo:pixel_capture_fifo|rd_gray_sync_2[3]                                                                   ; TD_CLK27     ; TD_CLK27    ; 0.000        ; 0.074      ; 0.951      ;
; 0.707 ; async_fifo:pixel_capture_fifo|rd_gray_sync_1[7]  ; async_fifo:pixel_capture_fifo|rd_gray_sync_2[7]                                                                   ; TD_CLK27     ; TD_CLK27    ; 0.000        ; 0.073      ; 0.951      ;
; 0.728 ; async_fifo:pixel_capture_fifo|rd_gray_sync_1[6]  ; async_fifo:pixel_capture_fifo|rd_gray_sync_2[6]                                                                   ; TD_CLK27     ; TD_CLK27    ; 0.000        ; 0.073      ; 0.972      ;
; 0.729 ; async_fifo:pixel_capture_fifo|rd_gray_sync_1[2]  ; async_fifo:pixel_capture_fifo|rd_gray_sync_2[2]                                                                   ; TD_CLK27     ; TD_CLK27    ; 0.000        ; 0.074      ; 0.974      ;
; 0.733 ; async_fifo:pixel_capture_fifo|wr_bin[9]          ; async_fifo:pixel_capture_fifo|altsyncram:mem_rtl_0|altsyncram_69d1:auto_generated|ram_block1a4~porta_address_reg0 ; TD_CLK27     ; TD_CLK27    ; 0.000        ; 0.016      ; 0.950      ;
; 0.736 ; async_fifo:pixel_capture_fifo|rd_gray_sync_1[1]  ; async_fifo:pixel_capture_fifo|rd_gray_sync_2[1]                                                                   ; TD_CLK27     ; TD_CLK27    ; 0.000        ; 0.074      ; 0.981      ;
; 0.745 ; video_in:video_in_decoder|oV_Sync                ; async_fifo:pixel_capture_fifo|altsyncram:mem_rtl_0|altsyncram_69d1:auto_generated|ram_block1a8~porta_datain_reg0  ; TD_CLK27     ; TD_CLK27    ; 0.000        ; 0.019      ; 0.965      ;
; 0.746 ; video_in:video_in_decoder|rVS_d1                 ; video_in:video_in_decoder|oVideo_Valid                                                                            ; TD_CLK27     ; TD_CLK27    ; 0.000        ; 0.087      ; 1.004      ;
; 0.749 ; async_fifo:pixel_capture_fifo|rd_gray_sync_1[11] ; async_fifo:pixel_capture_fifo|rd_gray_sync_2[11]                                                                  ; TD_CLK27     ; TD_CLK27    ; 0.000        ; 0.072      ; 0.992      ;
; 0.754 ; async_fifo:pixel_capture_fifo|wr_bin[4]          ; async_fifo:pixel_capture_fifo|altsyncram:mem_rtl_0|altsyncram_69d1:auto_generated|ram_block1a4~porta_address_reg0 ; TD_CLK27     ; TD_CLK27    ; 0.000        ; 0.016      ; 0.971      ;
; 0.766 ; async_fifo:pixel_capture_fifo|wr_bin[2]          ; async_fifo:pixel_capture_fifo|altsyncram:mem_rtl_0|altsyncram_69d1:auto_generated|ram_block1a4~porta_address_reg0 ; TD_CLK27     ; TD_CLK27    ; 0.000        ; 0.016      ; 0.983      ;
; 0.777 ; async_fifo:pixel_capture_fifo|wr_bin[1]          ; async_fifo:pixel_capture_fifo|altsyncram:mem_rtl_0|altsyncram_69d1:auto_generated|ram_block1a4~porta_address_reg0 ; TD_CLK27     ; TD_CLK27    ; 0.000        ; 0.016      ; 0.994      ;
; 0.781 ; video_in:video_in_decoder|rHS_d2                 ; async_fifo:pixel_capture_fifo|altsyncram:mem_rtl_0|altsyncram_69d1:auto_generated|ram_block1a8~porta_datain_reg0  ; TD_CLK27     ; TD_CLK27    ; 0.000        ; 0.019      ; 1.001      ;
; 0.799 ; async_fifo:pixel_capture_fifo|wr_bin[6]          ; async_fifo:pixel_capture_fifo|altsyncram:mem_rtl_0|altsyncram_69d1:auto_generated|ram_block1a4~porta_address_reg0 ; TD_CLK27     ; TD_CLK27    ; 0.000        ; 0.016      ; 1.016      ;
; 0.859 ; video_in:video_in_decoder|rHS_d1                 ; video_in:video_in_decoder|oVideo_Valid                                                                            ; TD_CLK27     ; TD_CLK27    ; 0.000        ; 0.087      ; 1.117      ;
; 0.867 ; async_fifo:pixel_capture_fifo|wr_bin[1]          ; async_fifo:pixel_capture_fifo|wr_bin[2]                                                                           ; TD_CLK27     ; TD_CLK27    ; 0.000        ; 0.089      ; 1.127      ;
; 0.871 ; async_fifo:pixel_capture_fifo|wr_bin[2]          ; async_fifo:pixel_capture_fifo|wr_bin[3]                                                                           ; TD_CLK27     ; TD_CLK27    ; 0.000        ; 0.089      ; 1.131      ;
; 0.872 ; source_x_count[1]                                ; source_x_count[2]                                                                                                 ; TD_CLK27     ; TD_CLK27    ; 0.000        ; 0.072      ; 1.115      ;
; 0.875 ; async_fifo:pixel_capture_fifo|wr_bin[0]          ; async_fifo:pixel_capture_fifo|wr_bin[1]                                                                           ; TD_CLK27     ; TD_CLK27    ; 0.000        ; 0.089      ; 1.135      ;
; 0.876 ; source_x_count[2]                                ; source_x_count[3]                                                                                                 ; TD_CLK27     ; TD_CLK27    ; 0.000        ; 0.072      ; 1.119      ;
; 0.877 ; async_fifo:pixel_capture_fifo|wr_bin[8]          ; async_fifo:pixel_capture_fifo|wr_bin[9]                                                                           ; TD_CLK27     ; TD_CLK27    ; 0.000        ; 0.089      ; 1.137      ;
; 0.879 ; async_fifo:pixel_capture_fifo|wr_bin[5]          ; async_fifo:pixel_capture_fifo|wr_bin[6]                                                                           ; TD_CLK27     ; TD_CLK27    ; 0.000        ; 0.089      ; 1.139      ;
; 0.879 ; source_x_count[7]                                ; source_x_count[8]                                                                                                 ; TD_CLK27     ; TD_CLK27    ; 0.000        ; 0.072      ; 1.122      ;
; 0.879 ; source_x_count[0]                                ; source_x_count[1]                                                                                                 ; TD_CLK27     ; TD_CLK27    ; 0.000        ; 0.072      ; 1.122      ;
; 0.881 ; async_fifo:pixel_capture_fifo|wr_bin[6]          ; async_fifo:pixel_capture_fifo|wr_bin[7]                                                                           ; TD_CLK27     ; TD_CLK27    ; 0.000        ; 0.089      ; 1.141      ;
; 0.884 ; source_x_count[3]                                ; source_x_count[4]                                                                                                 ; TD_CLK27     ; TD_CLK27    ; 0.000        ; 0.072      ; 1.127      ;
; 0.884 ; source_x_count[5]                                ; source_x_count[6]                                                                                                 ; TD_CLK27     ; TD_CLK27    ; 0.000        ; 0.072      ; 1.127      ;
; 0.885 ; source_x_count[8]                                ; source_x_count[9]                                                                                                 ; TD_CLK27     ; TD_CLK27    ; 0.000        ; 0.072      ; 1.128      ;
; 0.886 ; async_fifo:pixel_capture_fifo|wr_bin[0]          ; async_fifo:pixel_capture_fifo|wr_bin[2]                                                                           ; TD_CLK27     ; TD_CLK27    ; 0.000        ; 0.089      ; 1.146      ;
; 0.887 ; source_x_count[4]                                ; source_x_count[5]                                                                                                 ; TD_CLK27     ; TD_CLK27    ; 0.000        ; 0.072      ; 1.130      ;
; 0.887 ; source_x_count[2]                                ; source_x_count[4]                                                                                                 ; TD_CLK27     ; TD_CLK27    ; 0.000        ; 0.072      ; 1.130      ;
; 0.888 ; async_fifo:pixel_capture_fifo|wr_bin[8]          ; async_fifo:pixel_capture_fifo|wr_bin[10]                                                                          ; TD_CLK27     ; TD_CLK27    ; 0.000        ; 0.089      ; 1.148      ;
; 0.890 ; source_x_count[0]                                ; source_x_count[2]                                                                                                 ; TD_CLK27     ; TD_CLK27    ; 0.000        ; 0.072      ; 1.133      ;
; 0.898 ; source_x_count[4]                                ; source_x_count[6]                                                                                                 ; TD_CLK27     ; TD_CLK27    ; 0.000        ; 0.072      ; 1.141      ;
; 0.900 ; source_x_count[6]                                ; source_x_count[7]                                                                                                 ; TD_CLK27     ; TD_CLK27    ; 0.000        ; 0.072      ; 1.143      ;
; 0.911 ; source_x_count[6]                                ; source_x_count[8]                                                                                                 ; TD_CLK27     ; TD_CLK27    ; 0.000        ; 0.072      ; 1.154      ;
; 0.913 ; async_fifo:pixel_capture_fifo|rd_gray_sync_1[9]  ; async_fifo:pixel_capture_fifo|rd_gray_sync_2[9]                                                                   ; TD_CLK27     ; TD_CLK27    ; 0.000        ; 0.074      ; 1.158      ;
; 0.916 ; video_in:video_in_decoder|rData_d1[1]            ; video_in:video_in_decoder|U[1]                                                                                    ; TD_CLK27     ; TD_CLK27    ; 0.000        ; -0.274     ; 0.813      ;
; 0.926 ; async_fifo:pixel_capture_fifo|rd_gray_sync_1[10] ; async_fifo:pixel_capture_fifo|rd_gray_sync_2[10]                                                                  ; TD_CLK27     ; TD_CLK27    ; 0.000        ; 0.072      ; 1.169      ;
; 0.929 ; video_in:video_in_decoder|oV_Sync                ; frame_buffer_controller:fb_ctrl|write_select                                                                      ; TD_CLK27     ; TD_CLK27    ; 0.000        ; 0.087      ; 1.187      ;
; 0.930 ; video_in:video_in_decoder|rVS_d1                 ; video_in:video_in_decoder|rPixel_Count[1]                                                                         ; TD_CLK27     ; TD_CLK27    ; 0.000        ; 0.087      ; 1.188      ;
; 0.933 ; async_fifo:pixel_capture_fifo|rd_gray_sync_1[8]  ; async_fifo:pixel_capture_fifo|rd_gray_sync_2[8]                                                                   ; TD_CLK27     ; TD_CLK27    ; 0.000        ; 0.074      ; 1.178      ;
; 0.955 ; async_fifo:pixel_capture_fifo|wr_bin[3]          ; async_fifo:pixel_capture_fifo|wr_bin[3]                                                                           ; TD_CLK27     ; TD_CLK27    ; 0.000        ; 0.089      ; 1.215      ;
; 0.958 ; async_fifo:pixel_capture_fifo|wr_bin[5]          ; async_fifo:pixel_capture_fifo|altsyncram:mem_rtl_0|altsyncram_69d1:auto_generated|ram_block1a4~porta_address_reg0 ; TD_CLK27     ; TD_CLK27    ; 0.000        ; 0.016      ; 1.175      ;
; 0.959 ; video_in:video_in_decoder|rHS_d2                 ; h_sync_d                                                                                                          ; TD_CLK27     ; TD_CLK27    ; 0.000        ; 0.087      ; 1.217      ;
; 0.966 ; async_fifo:pixel_capture_fifo|wr_bin[1]          ; async_fifo:pixel_capture_fifo|wr_bin[3]                                                                           ; TD_CLK27     ; TD_CLK27    ; 0.000        ; 0.089      ; 1.226      ;
; 0.971 ; source_x_count[1]                                ; source_x_count[3]                                                                                                 ; TD_CLK27     ; TD_CLK27    ; 0.000        ; 0.072      ; 1.214      ;
; 0.974 ; async_fifo:pixel_capture_fifo|wr_bin[7]          ; async_fifo:pixel_capture_fifo|wr_bin[9]                                                                           ; TD_CLK27     ; TD_CLK27    ; 0.000        ; 0.089      ; 1.234      ;
; 0.977 ; video_in:video_in_decoder|rData_d1[7]            ; video_in:video_in_decoder|U[7]                                                                                    ; TD_CLK27     ; TD_CLK27    ; 0.000        ; -0.275     ; 0.873      ;
; 0.978 ; async_fifo:pixel_capture_fifo|wr_bin[5]          ; async_fifo:pixel_capture_fifo|wr_bin[7]                                                                           ; TD_CLK27     ; TD_CLK27    ; 0.000        ; 0.089      ; 1.238      ;
; 0.978 ; source_x_count[7]                                ; source_x_count[9]                                                                                                 ; TD_CLK27     ; TD_CLK27    ; 0.000        ; 0.072      ; 1.221      ;
; 0.981 ; async_fifo:pixel_capture_fifo|wr_bin[2]          ; async_fifo:pixel_capture_fifo|wr_bin[5]                                                                           ; TD_CLK27     ; TD_CLK27    ; 0.000        ; 0.089      ; 1.241      ;
; 0.982 ; source_x_count[1]                                ; source_x_count[4]                                                                                                 ; TD_CLK27     ; TD_CLK27    ; 0.000        ; 0.072      ; 1.225      ;
; 0.983 ; source_x_count[3]                                ; source_x_count[5]                                                                                                 ; TD_CLK27     ; TD_CLK27    ; 0.000        ; 0.072      ; 1.226      ;
; 0.983 ; source_x_count[5]                                ; source_x_count[7]                                                                                                 ; TD_CLK27     ; TD_CLK27    ; 0.000        ; 0.072      ; 1.226      ;
; 0.985 ; async_fifo:pixel_capture_fifo|wr_bin[7]          ; async_fifo:pixel_capture_fifo|wr_bin[10]                                                                          ; TD_CLK27     ; TD_CLK27    ; 0.000        ; 0.089      ; 1.245      ;
; 0.985 ; async_fifo:pixel_capture_fifo|wr_bin[0]          ; async_fifo:pixel_capture_fifo|wr_bin[3]                                                                           ; TD_CLK27     ; TD_CLK27    ; 0.000        ; 0.089      ; 1.245      ;
+-------+--------------------------------------------------+-------------------------------------------------------------------------------------------------------------------+--------------+-------------+--------------+------------+------------+


----------------------------------------------
; Slow 1200mV 0C Model Metastability Summary ;
----------------------------------------------
Design MTBF is not calculated because the design doesn't meet its timing requirements.



+------------------------------------+
; Fast 1200mV 0C Model Setup Summary ;
+----------+--------+----------------+
; Clock    ; Slack  ; End Point TNS  ;
+----------+--------+----------------+
; TD_CLK27 ; -4.657 ; -276.542       ;
; CLOCK_50 ; -2.810 ; -902.122       ;
+----------+--------+----------------+


+-----------------------------------+
; Fast 1200mV 0C Model Hold Summary ;
+----------+-------+----------------+
; Clock    ; Slack ; End Point TNS  ;
+----------+-------+----------------+
; CLOCK_50 ; 0.088 ; 0.000          ;
; TD_CLK27 ; 0.173 ; 0.000          ;
+----------+-------+----------------+


-----------------------------------------
; Fast 1200mV 0C Model Recovery Summary ;
-----------------------------------------
No paths to report.


----------------------------------------
; Fast 1200mV 0C Model Removal Summary ;
----------------------------------------
No paths to report.


+--------------------------------------------------+
; Fast 1200mV 0C Model Minimum Pulse Width Summary ;
+----------+--------+------------------------------+
; Clock    ; Slack  ; End Point TNS                ;
+----------+--------+------------------------------+
; CLOCK_50 ; -3.000 ; -1023.892                    ;
; TD_CLK27 ; -3.000 ; -192.585                     ;
+----------+--------+------------------------------+


+-----------------------------------------------------------------------------------------------------------------------------------------------------------------------------------------------------------------------------------+
; Fast 1200mV 0C Model Setup: 'TD_CLK27'                                                                                                                                                                                            ;
+--------+--------------------------------+-------------------------------------------------------------------------------------------------------------------+--------------+-------------+--------------+------------+------------+
; Slack  ; From Node                      ; To Node                                                                                                           ; Launch Clock ; Latch Clock ; Relationship ; Clock Skew ; Data Delay ;
+--------+--------------------------------+-------------------------------------------------------------------------------------------------------------------+--------------+-------------+--------------+------------+------------+
; -4.657 ; video_in:video_in_decoder|Y[0] ; async_fifo:pixel_capture_fifo|altsyncram:mem_rtl_0|altsyncram_69d1:auto_generated|ram_block1a14~porta_datain_reg0 ; TD_CLK27     ; TD_CLK27    ; 1.000        ; 0.129      ; 5.795      ;
; -4.629 ; video_in:video_in_decoder|Y[0] ; async_fifo:pixel_capture_fifo|altsyncram:mem_rtl_0|altsyncram_69d1:auto_generated|ram_block1a8~porta_datain_reg0  ; TD_CLK27     ; TD_CLK27    ; 1.000        ; 0.134      ; 5.772      ;
; -4.560 ; video_in:video_in_decoder|Y[1] ; async_fifo:pixel_capture_fifo|altsyncram:mem_rtl_0|altsyncram_69d1:auto_generated|ram_block1a14~porta_datain_reg0 ; TD_CLK27     ; TD_CLK27    ; 1.000        ; 0.129      ; 5.698      ;
; -4.551 ; video_in:video_in_decoder|Y[3] ; async_fifo:pixel_capture_fifo|altsyncram:mem_rtl_0|altsyncram_69d1:auto_generated|ram_block1a14~porta_datain_reg0 ; TD_CLK27     ; TD_CLK27    ; 1.000        ; 0.129      ; 5.689      ;
; -4.532 ; video_in:video_in_decoder|Y[1] ; async_fifo:pixel_capture_fifo|altsyncram:mem_rtl_0|altsyncram_69d1:auto_generated|ram_block1a8~porta_datain_reg0  ; TD_CLK27     ; TD_CLK27    ; 1.000        ; 0.134      ; 5.675      ;
; -4.523 ; video_in:video_in_decoder|Y[3] ; async_fifo:pixel_capture_fifo|altsyncram:mem_rtl_0|altsyncram_69d1:auto_generated|ram_block1a8~porta_datain_reg0  ; TD_CLK27     ; TD_CLK27    ; 1.000        ; 0.134      ; 5.666      ;
; -4.508 ; video_in:video_in_decoder|Y[4] ; async_fifo:pixel_capture_fifo|altsyncram:mem_rtl_0|altsyncram_69d1:auto_generated|ram_block1a14~porta_datain_reg0 ; TD_CLK27     ; TD_CLK27    ; 1.000        ; 0.130      ; 5.647      ;
; -4.500 ; video_in:video_in_decoder|Y[7] ; async_fifo:pixel_capture_fifo|altsyncram:mem_rtl_0|altsyncram_69d1:auto_generated|ram_block1a14~porta_datain_reg0 ; TD_CLK27     ; TD_CLK27    ; 1.000        ; 0.130      ; 5.639      ;
; -4.480 ; video_in:video_in_decoder|Y[4] ; async_fifo:pixel_capture_fifo|altsyncram:mem_rtl_0|altsyncram_69d1:auto_generated|ram_block1a8~porta_datain_reg0  ; TD_CLK27     ; TD_CLK27    ; 1.000        ; 0.135      ; 5.624      ;
; -4.472 ; video_in:video_in_decoder|Y[7] ; async_fifo:pixel_capture_fifo|altsyncram:mem_rtl_0|altsyncram_69d1:auto_generated|ram_block1a8~porta_datain_reg0  ; TD_CLK27     ; TD_CLK27    ; 1.000        ; 0.135      ; 5.616      ;
; -4.472 ; video_in:video_in_decoder|Y[5] ; async_fifo:pixel_capture_fifo|altsyncram:mem_rtl_0|altsyncram_69d1:auto_generated|ram_block1a14~porta_datain_reg0 ; TD_CLK27     ; TD_CLK27    ; 1.000        ; 0.130      ; 5.611      ;
; -4.468 ; video_in:video_in_decoder|Y[0] ; async_fifo:pixel_capture_fifo|mem~9                                                                               ; TD_CLK27     ; TD_CLK27    ; 1.000        ; -0.045     ; 5.410      ;
; -4.468 ; video_in:video_in_decoder|Y[6] ; async_fifo:pixel_capture_fifo|altsyncram:mem_rtl_0|altsyncram_69d1:auto_generated|ram_block1a14~porta_datain_reg0 ; TD_CLK27     ; TD_CLK27    ; 1.000        ; 0.130      ; 5.607      ;
; -4.467 ; video_in:video_in_decoder|Y[0] ; async_fifo:pixel_capture_fifo|mem~11                                                                              ; TD_CLK27     ; TD_CLK27    ; 1.000        ; -0.045     ; 5.409      ;
; -4.466 ; video_in:video_in_decoder|Y[0] ; async_fifo:pixel_capture_fifo|mem~14                                                                              ; TD_CLK27     ; TD_CLK27    ; 1.000        ; -0.045     ; 5.408      ;
; -4.466 ; video_in:video_in_decoder|Y[0] ; async_fifo:pixel_capture_fifo|mem~13                                                                              ; TD_CLK27     ; TD_CLK27    ; 1.000        ; -0.045     ; 5.408      ;
; -4.463 ; video_in:video_in_decoder|Y[0] ; async_fifo:pixel_capture_fifo|mem~12                                                                              ; TD_CLK27     ; TD_CLK27    ; 1.000        ; -0.045     ; 5.405      ;
; -4.462 ; video_in:video_in_decoder|Y[0] ; async_fifo:pixel_capture_fifo|mem~10                                                                              ; TD_CLK27     ; TD_CLK27    ; 1.000        ; -0.045     ; 5.404      ;
; -4.462 ; video_in:video_in_decoder|Y[0] ; async_fifo:pixel_capture_fifo|altsyncram:mem_rtl_0|altsyncram_69d1:auto_generated|ram_block1a10~porta_datain_reg0 ; TD_CLK27     ; TD_CLK27    ; 1.000        ; 0.135      ; 5.606      ;
; -4.460 ; video_in:video_in_decoder|Y[0] ; async_fifo:pixel_capture_fifo|mem~15                                                                              ; TD_CLK27     ; TD_CLK27    ; 1.000        ; -0.045     ; 5.402      ;
; -4.444 ; video_in:video_in_decoder|Y[5] ; async_fifo:pixel_capture_fifo|altsyncram:mem_rtl_0|altsyncram_69d1:auto_generated|ram_block1a8~porta_datain_reg0  ; TD_CLK27     ; TD_CLK27    ; 1.000        ; 0.135      ; 5.588      ;
; -4.440 ; video_in:video_in_decoder|Y[6] ; async_fifo:pixel_capture_fifo|altsyncram:mem_rtl_0|altsyncram_69d1:auto_generated|ram_block1a8~porta_datain_reg0  ; TD_CLK27     ; TD_CLK27    ; 1.000        ; 0.135      ; 5.584      ;
; -4.374 ; video_in:video_in_decoder|Y[2] ; async_fifo:pixel_capture_fifo|altsyncram:mem_rtl_0|altsyncram_69d1:auto_generated|ram_block1a14~porta_datain_reg0 ; TD_CLK27     ; TD_CLK27    ; 1.000        ; 0.129      ; 5.512      ;
; -4.371 ; video_in:video_in_decoder|Y[1] ; async_fifo:pixel_capture_fifo|mem~9                                                                               ; TD_CLK27     ; TD_CLK27    ; 1.000        ; -0.045     ; 5.313      ;
; -4.370 ; video_in:video_in_decoder|Y[1] ; async_fifo:pixel_capture_fifo|mem~11                                                                              ; TD_CLK27     ; TD_CLK27    ; 1.000        ; -0.045     ; 5.312      ;
; -4.369 ; video_in:video_in_decoder|Y[1] ; async_fifo:pixel_capture_fifo|mem~14                                                                              ; TD_CLK27     ; TD_CLK27    ; 1.000        ; -0.045     ; 5.311      ;
; -4.369 ; video_in:video_in_decoder|Y[1] ; async_fifo:pixel_capture_fifo|mem~13                                                                              ; TD_CLK27     ; TD_CLK27    ; 1.000        ; -0.045     ; 5.311      ;
; -4.366 ; video_in:video_in_decoder|Y[1] ; async_fifo:pixel_capture_fifo|mem~12                                                                              ; TD_CLK27     ; TD_CLK27    ; 1.000        ; -0.045     ; 5.308      ;
; -4.365 ; video_in:video_in_decoder|Y[1] ; async_fifo:pixel_capture_fifo|mem~10                                                                              ; TD_CLK27     ; TD_CLK27    ; 1.000        ; -0.045     ; 5.307      ;
; -4.365 ; video_in:video_in_decoder|Y[1] ; async_fifo:pixel_capture_fifo|altsyncram:mem_rtl_0|altsyncram_69d1:auto_generated|ram_block1a10~porta_datain_reg0 ; TD_CLK27     ; TD_CLK27    ; 1.000        ; 0.135      ; 5.509      ;
; -4.363 ; video_in:video_in_decoder|Y[1] ; async_fifo:pixel_capture_fifo|mem~15                                                                              ; TD_CLK27     ; TD_CLK27    ; 1.000        ; -0.045     ; 5.305      ;
; -4.362 ; video_in:video_in_decoder|Y[3] ; async_fifo:pixel_capture_fifo|mem~9                                                                               ; TD_CLK27     ; TD_CLK27    ; 1.000        ; -0.045     ; 5.304      ;
; -4.361 ; video_in:video_in_decoder|Y[3] ; async_fifo:pixel_capture_fifo|mem~11                                                                              ; TD_CLK27     ; TD_CLK27    ; 1.000        ; -0.045     ; 5.303      ;
; -4.360 ; video_in:video_in_decoder|Y[3] ; async_fifo:pixel_capture_fifo|mem~14                                                                              ; TD_CLK27     ; TD_CLK27    ; 1.000        ; -0.045     ; 5.302      ;
; -4.360 ; video_in:video_in_decoder|Y[3] ; async_fifo:pixel_capture_fifo|mem~13                                                                              ; TD_CLK27     ; TD_CLK27    ; 1.000        ; -0.045     ; 5.302      ;
; -4.357 ; video_in:video_in_decoder|Y[3] ; async_fifo:pixel_capture_fifo|mem~12                                                                              ; TD_CLK27     ; TD_CLK27    ; 1.000        ; -0.045     ; 5.299      ;
; -4.356 ; video_in:video_in_decoder|Y[3] ; async_fifo:pixel_capture_fifo|mem~10                                                                              ; TD_CLK27     ; TD_CLK27    ; 1.000        ; -0.045     ; 5.298      ;
; -4.356 ; video_in:video_in_decoder|Y[3] ; async_fifo:pixel_capture_fifo|altsyncram:mem_rtl_0|altsyncram_69d1:auto_generated|ram_block1a10~porta_datain_reg0 ; TD_CLK27     ; TD_CLK27    ; 1.000        ; 0.135      ; 5.500      ;
; -4.354 ; video_in:video_in_decoder|Y[3] ; async_fifo:pixel_capture_fifo|mem~15                                                                              ; TD_CLK27     ; TD_CLK27    ; 1.000        ; -0.045     ; 5.296      ;
; -4.346 ; video_in:video_in_decoder|Y[2] ; async_fifo:pixel_capture_fifo|altsyncram:mem_rtl_0|altsyncram_69d1:auto_generated|ram_block1a8~porta_datain_reg0  ; TD_CLK27     ; TD_CLK27    ; 1.000        ; 0.134      ; 5.489      ;
; -4.319 ; video_in:video_in_decoder|Y[4] ; async_fifo:pixel_capture_fifo|mem~9                                                                               ; TD_CLK27     ; TD_CLK27    ; 1.000        ; -0.044     ; 5.262      ;
; -4.318 ; video_in:video_in_decoder|Y[4] ; async_fifo:pixel_capture_fifo|mem~11                                                                              ; TD_CLK27     ; TD_CLK27    ; 1.000        ; -0.044     ; 5.261      ;
; -4.317 ; video_in:video_in_decoder|Y[4] ; async_fifo:pixel_capture_fifo|mem~14                                                                              ; TD_CLK27     ; TD_CLK27    ; 1.000        ; -0.044     ; 5.260      ;
; -4.317 ; video_in:video_in_decoder|Y[4] ; async_fifo:pixel_capture_fifo|mem~13                                                                              ; TD_CLK27     ; TD_CLK27    ; 1.000        ; -0.044     ; 5.260      ;
; -4.314 ; video_in:video_in_decoder|Y[4] ; async_fifo:pixel_capture_fifo|mem~12                                                                              ; TD_CLK27     ; TD_CLK27    ; 1.000        ; -0.044     ; 5.257      ;
; -4.313 ; video_in:video_in_decoder|Y[4] ; async_fifo:pixel_capture_fifo|mem~10                                                                              ; TD_CLK27     ; TD_CLK27    ; 1.000        ; -0.044     ; 5.256      ;
; -4.313 ; video_in:video_in_decoder|Y[4] ; async_fifo:pixel_capture_fifo|altsyncram:mem_rtl_0|altsyncram_69d1:auto_generated|ram_block1a10~porta_datain_reg0 ; TD_CLK27     ; TD_CLK27    ; 1.000        ; 0.136      ; 5.458      ;
; -4.311 ; video_in:video_in_decoder|Y[7] ; async_fifo:pixel_capture_fifo|mem~9                                                                               ; TD_CLK27     ; TD_CLK27    ; 1.000        ; -0.044     ; 5.254      ;
; -4.311 ; video_in:video_in_decoder|Y[4] ; async_fifo:pixel_capture_fifo|mem~15                                                                              ; TD_CLK27     ; TD_CLK27    ; 1.000        ; -0.044     ; 5.254      ;
; -4.310 ; video_in:video_in_decoder|Y[7] ; async_fifo:pixel_capture_fifo|mem~11                                                                              ; TD_CLK27     ; TD_CLK27    ; 1.000        ; -0.044     ; 5.253      ;
; -4.309 ; video_in:video_in_decoder|Y[7] ; async_fifo:pixel_capture_fifo|mem~14                                                                              ; TD_CLK27     ; TD_CLK27    ; 1.000        ; -0.044     ; 5.252      ;
; -4.309 ; video_in:video_in_decoder|Y[7] ; async_fifo:pixel_capture_fifo|mem~13                                                                              ; TD_CLK27     ; TD_CLK27    ; 1.000        ; -0.044     ; 5.252      ;
; -4.306 ; video_in:video_in_decoder|Y[7] ; async_fifo:pixel_capture_fifo|mem~12                                                                              ; TD_CLK27     ; TD_CLK27    ; 1.000        ; -0.044     ; 5.249      ;
; -4.305 ; video_in:video_in_decoder|Y[7] ; async_fifo:pixel_capture_fifo|mem~10                                                                              ; TD_CLK27     ; TD_CLK27    ; 1.000        ; -0.044     ; 5.248      ;
; -4.305 ; video_in:video_in_decoder|Y[7] ; async_fifo:pixel_capture_fifo|altsyncram:mem_rtl_0|altsyncram_69d1:auto_generated|ram_block1a10~porta_datain_reg0 ; TD_CLK27     ; TD_CLK27    ; 1.000        ; 0.136      ; 5.450      ;
; -4.303 ; video_in:video_in_decoder|Y[7] ; async_fifo:pixel_capture_fifo|mem~15                                                                              ; TD_CLK27     ; TD_CLK27    ; 1.000        ; -0.044     ; 5.246      ;
; -4.288 ; video_in:video_in_decoder|Y[0] ; async_fifo:pixel_capture_fifo|altsyncram:mem_rtl_0|altsyncram_69d1:auto_generated|ram_block1a0~porta_datain_reg0  ; TD_CLK27     ; TD_CLK27    ; 1.000        ; 0.133      ; 5.430      ;
; -4.285 ; video_in:video_in_decoder|Y[0] ; async_fifo:pixel_capture_fifo|altsyncram:mem_rtl_0|altsyncram_69d1:auto_generated|ram_block1a6~porta_datain_reg0  ; TD_CLK27     ; TD_CLK27    ; 1.000        ; 0.135      ; 5.429      ;
; -4.283 ; video_in:video_in_decoder|Y[5] ; async_fifo:pixel_capture_fifo|mem~9                                                                               ; TD_CLK27     ; TD_CLK27    ; 1.000        ; -0.044     ; 5.226      ;
; -4.282 ; video_in:video_in_decoder|Y[5] ; async_fifo:pixel_capture_fifo|mem~11                                                                              ; TD_CLK27     ; TD_CLK27    ; 1.000        ; -0.044     ; 5.225      ;
; -4.281 ; video_in:video_in_decoder|Y[5] ; async_fifo:pixel_capture_fifo|mem~14                                                                              ; TD_CLK27     ; TD_CLK27    ; 1.000        ; -0.044     ; 5.224      ;
; -4.281 ; video_in:video_in_decoder|Y[5] ; async_fifo:pixel_capture_fifo|mem~13                                                                              ; TD_CLK27     ; TD_CLK27    ; 1.000        ; -0.044     ; 5.224      ;
; -4.280 ; video_in:video_in_decoder|Y[0] ; async_fifo:pixel_capture_fifo|altsyncram:mem_rtl_0|altsyncram_69d1:auto_generated|ram_block1a2~porta_datain_reg0  ; TD_CLK27     ; TD_CLK27    ; 1.000        ; 0.128      ; 5.417      ;
; -4.279 ; video_in:video_in_decoder|Y[6] ; async_fifo:pixel_capture_fifo|mem~9                                                                               ; TD_CLK27     ; TD_CLK27    ; 1.000        ; -0.044     ; 5.222      ;
; -4.278 ; video_in:video_in_decoder|Y[5] ; async_fifo:pixel_capture_fifo|mem~12                                                                              ; TD_CLK27     ; TD_CLK27    ; 1.000        ; -0.044     ; 5.221      ;
; -4.278 ; video_in:video_in_decoder|Y[6] ; async_fifo:pixel_capture_fifo|mem~11                                                                              ; TD_CLK27     ; TD_CLK27    ; 1.000        ; -0.044     ; 5.221      ;
; -4.277 ; video_in:video_in_decoder|Y[5] ; async_fifo:pixel_capture_fifo|mem~10                                                                              ; TD_CLK27     ; TD_CLK27    ; 1.000        ; -0.044     ; 5.220      ;
; -4.277 ; video_in:video_in_decoder|Y[5] ; async_fifo:pixel_capture_fifo|altsyncram:mem_rtl_0|altsyncram_69d1:auto_generated|ram_block1a10~porta_datain_reg0 ; TD_CLK27     ; TD_CLK27    ; 1.000        ; 0.136      ; 5.422      ;
; -4.277 ; video_in:video_in_decoder|Y[6] ; async_fifo:pixel_capture_fifo|mem~14                                                                              ; TD_CLK27     ; TD_CLK27    ; 1.000        ; -0.044     ; 5.220      ;
; -4.277 ; video_in:video_in_decoder|Y[6] ; async_fifo:pixel_capture_fifo|mem~13                                                                              ; TD_CLK27     ; TD_CLK27    ; 1.000        ; -0.044     ; 5.220      ;
; -4.275 ; video_in:video_in_decoder|Y[5] ; async_fifo:pixel_capture_fifo|mem~15                                                                              ; TD_CLK27     ; TD_CLK27    ; 1.000        ; -0.044     ; 5.218      ;
; -4.274 ; video_in:video_in_decoder|Y[6] ; async_fifo:pixel_capture_fifo|mem~12                                                                              ; TD_CLK27     ; TD_CLK27    ; 1.000        ; -0.044     ; 5.217      ;
; -4.273 ; video_in:video_in_decoder|Y[6] ; async_fifo:pixel_capture_fifo|mem~10                                                                              ; TD_CLK27     ; TD_CLK27    ; 1.000        ; -0.044     ; 5.216      ;
; -4.273 ; video_in:video_in_decoder|Y[6] ; async_fifo:pixel_capture_fifo|altsyncram:mem_rtl_0|altsyncram_69d1:auto_generated|ram_block1a10~porta_datain_reg0 ; TD_CLK27     ; TD_CLK27    ; 1.000        ; 0.136      ; 5.418      ;
; -4.271 ; video_in:video_in_decoder|Y[6] ; async_fifo:pixel_capture_fifo|mem~15                                                                              ; TD_CLK27     ; TD_CLK27    ; 1.000        ; -0.044     ; 5.214      ;
; -4.268 ; video_in:video_in_decoder|U[1] ; async_fifo:pixel_capture_fifo|altsyncram:mem_rtl_0|altsyncram_69d1:auto_generated|ram_block1a14~porta_datain_reg0 ; TD_CLK27     ; TD_CLK27    ; 1.000        ; 0.130      ; 5.407      ;
; -4.240 ; video_in:video_in_decoder|U[1] ; async_fifo:pixel_capture_fifo|altsyncram:mem_rtl_0|altsyncram_69d1:auto_generated|ram_block1a8~porta_datain_reg0  ; TD_CLK27     ; TD_CLK27    ; 1.000        ; 0.135      ; 5.384      ;
; -4.228 ; video_in:video_in_decoder|Y[0] ; async_fifo:pixel_capture_fifo|altsyncram:mem_rtl_0|altsyncram_69d1:auto_generated|ram_block1a4~porta_datain_reg0  ; TD_CLK27     ; TD_CLK27    ; 1.000        ; 0.129      ; 5.366      ;
; -4.225 ; video_in:video_in_decoder|U[3] ; async_fifo:pixel_capture_fifo|altsyncram:mem_rtl_0|altsyncram_69d1:auto_generated|ram_block1a14~porta_datain_reg0 ; TD_CLK27     ; TD_CLK27    ; 1.000        ; 0.130      ; 5.364      ;
; -4.200 ; video_in:video_in_decoder|U[0] ; async_fifo:pixel_capture_fifo|altsyncram:mem_rtl_0|altsyncram_69d1:auto_generated|ram_block1a14~porta_datain_reg0 ; TD_CLK27     ; TD_CLK27    ; 1.000        ; 0.130      ; 5.339      ;
; -4.197 ; video_in:video_in_decoder|U[3] ; async_fifo:pixel_capture_fifo|altsyncram:mem_rtl_0|altsyncram_69d1:auto_generated|ram_block1a8~porta_datain_reg0  ; TD_CLK27     ; TD_CLK27    ; 1.000        ; 0.135      ; 5.341      ;
; -4.196 ; video_in:video_in_decoder|Y[0] ; async_fifo:pixel_capture_fifo|mem~7                                                                               ; TD_CLK27     ; TD_CLK27    ; 1.000        ; -0.049     ; 5.134      ;
; -4.185 ; video_in:video_in_decoder|Y[2] ; async_fifo:pixel_capture_fifo|mem~9                                                                               ; TD_CLK27     ; TD_CLK27    ; 1.000        ; -0.045     ; 5.127      ;
; -4.184 ; video_in:video_in_decoder|Y[2] ; async_fifo:pixel_capture_fifo|mem~11                                                                              ; TD_CLK27     ; TD_CLK27    ; 1.000        ; -0.045     ; 5.126      ;
; -4.183 ; video_in:video_in_decoder|Y[2] ; async_fifo:pixel_capture_fifo|mem~14                                                                              ; TD_CLK27     ; TD_CLK27    ; 1.000        ; -0.045     ; 5.125      ;
; -4.183 ; video_in:video_in_decoder|Y[2] ; async_fifo:pixel_capture_fifo|mem~13                                                                              ; TD_CLK27     ; TD_CLK27    ; 1.000        ; -0.045     ; 5.125      ;
; -4.180 ; video_in:video_in_decoder|Y[2] ; async_fifo:pixel_capture_fifo|mem~12                                                                              ; TD_CLK27     ; TD_CLK27    ; 1.000        ; -0.045     ; 5.122      ;
; -4.179 ; video_in:video_in_decoder|Y[2] ; async_fifo:pixel_capture_fifo|mem~10                                                                              ; TD_CLK27     ; TD_CLK27    ; 1.000        ; -0.045     ; 5.121      ;
; -4.179 ; video_in:video_in_decoder|Y[2] ; async_fifo:pixel_capture_fifo|altsyncram:mem_rtl_0|altsyncram_69d1:auto_generated|ram_block1a10~porta_datain_reg0 ; TD_CLK27     ; TD_CLK27    ; 1.000        ; 0.135      ; 5.323      ;
; -4.177 ; video_in:video_in_decoder|Y[2] ; async_fifo:pixel_capture_fifo|mem~15                                                                              ; TD_CLK27     ; TD_CLK27    ; 1.000        ; -0.045     ; 5.119      ;
; -4.172 ; video_in:video_in_decoder|U[0] ; async_fifo:pixel_capture_fifo|altsyncram:mem_rtl_0|altsyncram_69d1:auto_generated|ram_block1a8~porta_datain_reg0  ; TD_CLK27     ; TD_CLK27    ; 1.000        ; 0.135      ; 5.316      ;
; -4.166 ; video_in:video_in_decoder|Y[1] ; async_fifo:pixel_capture_fifo|altsyncram:mem_rtl_0|altsyncram_69d1:auto_generated|ram_block1a0~porta_datain_reg0  ; TD_CLK27     ; TD_CLK27    ; 1.000        ; 0.133      ; 5.308      ;
; -4.163 ; video_in:video_in_decoder|Y[1] ; async_fifo:pixel_capture_fifo|altsyncram:mem_rtl_0|altsyncram_69d1:auto_generated|ram_block1a6~porta_datain_reg0  ; TD_CLK27     ; TD_CLK27    ; 1.000        ; 0.135      ; 5.307      ;
; -4.158 ; video_in:video_in_decoder|Y[1] ; async_fifo:pixel_capture_fifo|altsyncram:mem_rtl_0|altsyncram_69d1:auto_generated|ram_block1a2~porta_datain_reg0  ; TD_CLK27     ; TD_CLK27    ; 1.000        ; 0.128      ; 5.295      ;
; -4.144 ; video_in:video_in_decoder|Y[3] ; async_fifo:pixel_capture_fifo|altsyncram:mem_rtl_0|altsyncram_69d1:auto_generated|ram_block1a0~porta_datain_reg0  ; TD_CLK27     ; TD_CLK27    ; 1.000        ; 0.133      ; 5.286      ;
; -4.141 ; video_in:video_in_decoder|Y[3] ; async_fifo:pixel_capture_fifo|altsyncram:mem_rtl_0|altsyncram_69d1:auto_generated|ram_block1a6~porta_datain_reg0  ; TD_CLK27     ; TD_CLK27    ; 1.000        ; 0.135      ; 5.285      ;
; -4.136 ; video_in:video_in_decoder|Y[3] ; async_fifo:pixel_capture_fifo|altsyncram:mem_rtl_0|altsyncram_69d1:auto_generated|ram_block1a2~porta_datain_reg0  ; TD_CLK27     ; TD_CLK27    ; 1.000        ; 0.128      ; 5.273      ;
; -4.123 ; video_in:video_in_decoder|Y[0] ; async_fifo:pixel_capture_fifo|mem~4                                                                               ; TD_CLK27     ; TD_CLK27    ; 1.000        ; -0.049     ; 5.061      ;
; -4.099 ; video_in:video_in_decoder|Y[7] ; async_fifo:pixel_capture_fifo|altsyncram:mem_rtl_0|altsyncram_69d1:auto_generated|ram_block1a0~porta_datain_reg0  ; TD_CLK27     ; TD_CLK27    ; 1.000        ; 0.134      ; 5.242      ;
; -4.099 ; video_in:video_in_decoder|Y[6] ; async_fifo:pixel_capture_fifo|altsyncram:mem_rtl_0|altsyncram_69d1:auto_generated|ram_block1a0~porta_datain_reg0  ; TD_CLK27     ; TD_CLK27    ; 1.000        ; 0.134      ; 5.242      ;
+--------+--------------------------------+-------------------------------------------------------------------------------------------------------------------+--------------+-------------+--------------+------------+------------+


+------------------------------------------------------------------------------------------------------------------------------------------------------------------------------------------+
; Fast 1200mV 0C Model Setup: 'CLOCK_50'                                                                                                                                                   ;
+--------+--------------------------------------------------+--------------------------------------------------------+--------------+-------------+--------------+------------+------------+
; Slack  ; From Node                                        ; To Node                                                ; Launch Clock ; Latch Clock ; Relationship ; Clock Skew ; Data Delay ;
+--------+--------------------------------------------------+--------------------------------------------------------+--------------+-------------+--------------+------------+------------+
; -2.810 ; async_fifo:sdram_rd_fifo|wr_bin[1]               ; sdram_de2115_controller:sdram_master|state.S_WR_ACT_WT ; CLOCK_50     ; CLOCK_50    ; 1.000        ; -0.035     ; 3.762      ;
; -2.810 ; async_fifo:sdram_rd_fifo|wr_bin[1]               ; sdram_de2115_controller:sdram_master|state.S_RD_ACT_WT ; CLOCK_50     ; CLOCK_50    ; 1.000        ; -0.035     ; 3.762      ;
; -2.810 ; async_fifo:sdram_rd_fifo|wr_bin[1]               ; sdram_de2115_controller:sdram_master|state.S_WR_PRE_WT ; CLOCK_50     ; CLOCK_50    ; 1.000        ; -0.035     ; 3.762      ;
; -2.760 ; async_fifo:sdram_rd_fifo|wr_bin[4]               ; sdram_de2115_controller:sdram_master|state.S_WR_ACT_WT ; CLOCK_50     ; CLOCK_50    ; 1.000        ; -0.035     ; 3.712      ;
; -2.760 ; async_fifo:sdram_rd_fifo|wr_bin[4]               ; sdram_de2115_controller:sdram_master|state.S_RD_ACT_WT ; CLOCK_50     ; CLOCK_50    ; 1.000        ; -0.035     ; 3.712      ;
; -2.760 ; async_fifo:sdram_rd_fifo|wr_bin[4]               ; sdram_de2115_controller:sdram_master|state.S_WR_PRE_WT ; CLOCK_50     ; CLOCK_50    ; 1.000        ; -0.035     ; 3.712      ;
; -2.715 ; async_fifo:sdram_rd_fifo|wr_bin[2]               ; sdram_de2115_controller:sdram_master|state.S_WR_ACT_WT ; CLOCK_50     ; CLOCK_50    ; 1.000        ; -0.035     ; 3.667      ;
; -2.715 ; async_fifo:sdram_rd_fifo|wr_bin[2]               ; sdram_de2115_controller:sdram_master|state.S_RD_ACT_WT ; CLOCK_50     ; CLOCK_50    ; 1.000        ; -0.035     ; 3.667      ;
; -2.715 ; async_fifo:sdram_rd_fifo|wr_bin[2]               ; sdram_de2115_controller:sdram_master|state.S_WR_PRE_WT ; CLOCK_50     ; CLOCK_50    ; 1.000        ; -0.035     ; 3.667      ;
; -2.696 ; async_fifo:sdram_rd_fifo|wr_bin[1]               ; sdram_de2115_controller:sdram_master|state.S_RD_PRE_WT ; CLOCK_50     ; CLOCK_50    ; 1.000        ; 0.151      ; 3.834      ;
; -2.646 ; async_fifo:sdram_rd_fifo|wr_bin[4]               ; sdram_de2115_controller:sdram_master|state.S_RD_PRE_WT ; CLOCK_50     ; CLOCK_50    ; 1.000        ; 0.151      ; 3.784      ;
; -2.639 ; async_fifo:sdram_rd_fifo|wr_bin[3]               ; sdram_de2115_controller:sdram_master|state.S_WR_ACT_WT ; CLOCK_50     ; CLOCK_50    ; 1.000        ; -0.035     ; 3.591      ;
; -2.639 ; async_fifo:sdram_rd_fifo|wr_bin[3]               ; sdram_de2115_controller:sdram_master|state.S_RD_ACT_WT ; CLOCK_50     ; CLOCK_50    ; 1.000        ; -0.035     ; 3.591      ;
; -2.639 ; async_fifo:sdram_rd_fifo|wr_bin[3]               ; sdram_de2115_controller:sdram_master|state.S_WR_PRE_WT ; CLOCK_50     ; CLOCK_50    ; 1.000        ; -0.035     ; 3.591      ;
; -2.615 ; async_fifo:sdram_rd_fifo|wr_bin[0]               ; sdram_de2115_controller:sdram_master|state.S_WR_ACT_WT ; CLOCK_50     ; CLOCK_50    ; 1.000        ; -0.034     ; 3.568      ;
; -2.615 ; async_fifo:sdram_rd_fifo|wr_bin[0]               ; sdram_de2115_controller:sdram_master|state.S_RD_ACT_WT ; CLOCK_50     ; CLOCK_50    ; 1.000        ; -0.034     ; 3.568      ;
; -2.615 ; async_fifo:sdram_rd_fifo|wr_bin[0]               ; sdram_de2115_controller:sdram_master|state.S_WR_PRE_WT ; CLOCK_50     ; CLOCK_50    ; 1.000        ; -0.034     ; 3.568      ;
; -2.612 ; async_fifo:sdram_wr_fifo|wr_bin[1]               ; sdram_wr_data_reg[7]                                   ; CLOCK_50     ; CLOCK_50    ; 1.000        ; -0.035     ; 3.564      ;
; -2.601 ; async_fifo:sdram_rd_fifo|wr_bin[2]               ; sdram_de2115_controller:sdram_master|state.S_RD_PRE_WT ; CLOCK_50     ; CLOCK_50    ; 1.000        ; 0.151      ; 3.739      ;
; -2.596 ; async_fifo:sdram_rd_fifo|wr_bin[6]               ; sdram_de2115_controller:sdram_master|state.S_WR_ACT_WT ; CLOCK_50     ; CLOCK_50    ; 1.000        ; -0.035     ; 3.548      ;
; -2.596 ; async_fifo:sdram_rd_fifo|wr_bin[6]               ; sdram_de2115_controller:sdram_master|state.S_RD_ACT_WT ; CLOCK_50     ; CLOCK_50    ; 1.000        ; -0.035     ; 3.548      ;
; -2.596 ; async_fifo:sdram_rd_fifo|wr_bin[6]               ; sdram_de2115_controller:sdram_master|state.S_WR_PRE_WT ; CLOCK_50     ; CLOCK_50    ; 1.000        ; -0.035     ; 3.548      ;
; -2.559 ; async_fifo:sdram_rd_fifo|wr_bin[5]               ; sdram_de2115_controller:sdram_master|state.S_WR_ACT_WT ; CLOCK_50     ; CLOCK_50    ; 1.000        ; -0.035     ; 3.511      ;
; -2.559 ; async_fifo:sdram_rd_fifo|wr_bin[5]               ; sdram_de2115_controller:sdram_master|state.S_RD_ACT_WT ; CLOCK_50     ; CLOCK_50    ; 1.000        ; -0.035     ; 3.511      ;
; -2.559 ; async_fifo:sdram_rd_fifo|wr_bin[5]               ; sdram_de2115_controller:sdram_master|state.S_WR_PRE_WT ; CLOCK_50     ; CLOCK_50    ; 1.000        ; -0.035     ; 3.511      ;
; -2.533 ; async_fifo:sdram_rd_fifo|wr_bin[1]               ; async_fifo:sdram_rd_fifo|mem~6                         ; CLOCK_50     ; CLOCK_50    ; 1.000        ; -0.059     ; 3.461      ;
; -2.533 ; async_fifo:sdram_rd_fifo|wr_bin[1]               ; async_fifo:sdram_rd_fifo|mem~7                         ; CLOCK_50     ; CLOCK_50    ; 1.000        ; -0.059     ; 3.461      ;
; -2.533 ; async_fifo:sdram_rd_fifo|wr_bin[1]               ; async_fifo:sdram_rd_fifo|mem~5                         ; CLOCK_50     ; CLOCK_50    ; 1.000        ; -0.059     ; 3.461      ;
; -2.533 ; async_fifo:sdram_rd_fifo|wr_bin[1]               ; async_fifo:sdram_rd_fifo|mem~2                         ; CLOCK_50     ; CLOCK_50    ; 1.000        ; -0.059     ; 3.461      ;
; -2.533 ; async_fifo:sdram_rd_fifo|wr_bin[1]               ; async_fifo:sdram_rd_fifo|mem~3                         ; CLOCK_50     ; CLOCK_50    ; 1.000        ; -0.059     ; 3.461      ;
; -2.533 ; async_fifo:sdram_rd_fifo|wr_bin[1]               ; async_fifo:sdram_rd_fifo|mem~4                         ; CLOCK_50     ; CLOCK_50    ; 1.000        ; -0.059     ; 3.461      ;
; -2.533 ; async_fifo:sdram_rd_fifo|wr_bin[1]               ; async_fifo:sdram_rd_fifo|mem~14                        ; CLOCK_50     ; CLOCK_50    ; 1.000        ; -0.059     ; 3.461      ;
; -2.526 ; async_fifo:sdram_wr_fifo|wr_bin[2]               ; sdram_wr_data_reg[7]                                   ; CLOCK_50     ; CLOCK_50    ; 1.000        ; -0.035     ; 3.478      ;
; -2.525 ; async_fifo:sdram_rd_fifo|wr_bin[1]               ; async_fifo:sdram_rd_fifo|wr_gray[6]                    ; CLOCK_50     ; CLOCK_50    ; 1.000        ; 0.154      ; 3.666      ;
; -2.525 ; async_fifo:sdram_rd_fifo|wr_bin[3]               ; sdram_de2115_controller:sdram_master|state.S_RD_PRE_WT ; CLOCK_50     ; CLOCK_50    ; 1.000        ; 0.151      ; 3.663      ;
; -2.524 ; async_fifo:sdram_rd_fifo|wr_bin[1]               ; async_fifo:sdram_rd_fifo|mem~15                        ; CLOCK_50     ; CLOCK_50    ; 1.000        ; -0.061     ; 3.450      ;
; -2.524 ; async_fifo:sdram_rd_fifo|wr_bin[1]               ; async_fifo:sdram_rd_fifo|mem~16                        ; CLOCK_50     ; CLOCK_50    ; 1.000        ; -0.061     ; 3.450      ;
; -2.524 ; async_fifo:sdram_rd_fifo|wr_bin[1]               ; async_fifo:sdram_rd_fifo|mem~22                        ; CLOCK_50     ; CLOCK_50    ; 1.000        ; -0.061     ; 3.450      ;
; -2.524 ; async_fifo:sdram_rd_fifo|wr_bin[1]               ; async_fifo:sdram_rd_fifo|mem~21                        ; CLOCK_50     ; CLOCK_50    ; 1.000        ; -0.061     ; 3.450      ;
; -2.524 ; async_fifo:sdram_rd_fifo|wr_bin[1]               ; async_fifo:sdram_rd_fifo|mem~18                        ; CLOCK_50     ; CLOCK_50    ; 1.000        ; -0.061     ; 3.450      ;
; -2.524 ; async_fifo:sdram_rd_fifo|wr_bin[1]               ; async_fifo:sdram_rd_fifo|mem~19                        ; CLOCK_50     ; CLOCK_50    ; 1.000        ; -0.061     ; 3.450      ;
; -2.524 ; async_fifo:sdram_rd_fifo|wr_bin[1]               ; async_fifo:sdram_rd_fifo|mem~20                        ; CLOCK_50     ; CLOCK_50    ; 1.000        ; -0.061     ; 3.450      ;
; -2.524 ; async_fifo:sdram_rd_fifo|wr_bin[1]               ; async_fifo:sdram_rd_fifo|mem~17                        ; CLOCK_50     ; CLOCK_50    ; 1.000        ; -0.061     ; 3.450      ;
; -2.521 ; async_fifo:sdram_rd_fifo|wr_bin[8]               ; sdram_de2115_controller:sdram_master|state.S_WR_ACT_WT ; CLOCK_50     ; CLOCK_50    ; 1.000        ; -0.035     ; 3.473      ;
; -2.521 ; async_fifo:sdram_rd_fifo|wr_bin[8]               ; sdram_de2115_controller:sdram_master|state.S_RD_ACT_WT ; CLOCK_50     ; CLOCK_50    ; 1.000        ; -0.035     ; 3.473      ;
; -2.521 ; async_fifo:sdram_rd_fifo|wr_bin[8]               ; sdram_de2115_controller:sdram_master|state.S_WR_PRE_WT ; CLOCK_50     ; CLOCK_50    ; 1.000        ; -0.035     ; 3.473      ;
; -2.501 ; async_fifo:sdram_rd_fifo|wr_bin[0]               ; sdram_de2115_controller:sdram_master|state.S_RD_PRE_WT ; CLOCK_50     ; CLOCK_50    ; 1.000        ; 0.152      ; 3.640      ;
; -2.493 ; async_fifo:sdram_rd_fifo|wr_bin[1]               ; async_fifo:sdram_rd_fifo|wr_gray[9]                    ; CLOCK_50     ; CLOCK_50    ; 1.000        ; 0.153      ; 3.633      ;
; -2.492 ; async_fifo:sdram_wr_fifo|wr_bin[0]               ; sdram_wr_data_reg[7]                                   ; CLOCK_50     ; CLOCK_50    ; 1.000        ; -0.035     ; 3.444      ;
; -2.489 ; async_fifo:sdram_rd_fifo|wr_bin[1]               ; async_fifo:sdram_rd_fifo|wr_gray[10]                   ; CLOCK_50     ; CLOCK_50    ; 1.000        ; 0.153      ; 3.629      ;
; -2.487 ; async_fifo:sdram_rd_fifo|wr_bin[10]              ; sdram_de2115_controller:sdram_master|state.S_WR_ACT_WT ; CLOCK_50     ; CLOCK_50    ; 1.000        ; -0.035     ; 3.439      ;
; -2.487 ; async_fifo:sdram_rd_fifo|wr_bin[10]              ; sdram_de2115_controller:sdram_master|state.S_RD_ACT_WT ; CLOCK_50     ; CLOCK_50    ; 1.000        ; -0.035     ; 3.439      ;
; -2.487 ; async_fifo:sdram_rd_fifo|wr_bin[10]              ; sdram_de2115_controller:sdram_master|state.S_WR_PRE_WT ; CLOCK_50     ; CLOCK_50    ; 1.000        ; -0.035     ; 3.439      ;
; -2.483 ; async_fifo:sdram_rd_fifo|wr_bin[4]               ; async_fifo:sdram_rd_fifo|mem~6                         ; CLOCK_50     ; CLOCK_50    ; 1.000        ; -0.059     ; 3.411      ;
; -2.483 ; async_fifo:sdram_rd_fifo|wr_bin[4]               ; async_fifo:sdram_rd_fifo|mem~7                         ; CLOCK_50     ; CLOCK_50    ; 1.000        ; -0.059     ; 3.411      ;
; -2.483 ; async_fifo:sdram_rd_fifo|wr_bin[4]               ; async_fifo:sdram_rd_fifo|mem~5                         ; CLOCK_50     ; CLOCK_50    ; 1.000        ; -0.059     ; 3.411      ;
; -2.483 ; async_fifo:sdram_rd_fifo|wr_bin[4]               ; async_fifo:sdram_rd_fifo|mem~2                         ; CLOCK_50     ; CLOCK_50    ; 1.000        ; -0.059     ; 3.411      ;
; -2.483 ; async_fifo:sdram_rd_fifo|wr_bin[4]               ; async_fifo:sdram_rd_fifo|mem~3                         ; CLOCK_50     ; CLOCK_50    ; 1.000        ; -0.059     ; 3.411      ;
; -2.483 ; async_fifo:sdram_rd_fifo|wr_bin[4]               ; async_fifo:sdram_rd_fifo|mem~4                         ; CLOCK_50     ; CLOCK_50    ; 1.000        ; -0.059     ; 3.411      ;
; -2.483 ; async_fifo:sdram_rd_fifo|wr_bin[4]               ; async_fifo:sdram_rd_fifo|mem~14                        ; CLOCK_50     ; CLOCK_50    ; 1.000        ; -0.059     ; 3.411      ;
; -2.482 ; async_fifo:sdram_rd_fifo|wr_bin[6]               ; sdram_de2115_controller:sdram_master|state.S_RD_PRE_WT ; CLOCK_50     ; CLOCK_50    ; 1.000        ; 0.151      ; 3.620      ;
; -2.479 ; sdram_de2115_controller:sdram_master|wait_cnt[4] ; sdram_de2115_controller:sdram_master|state.S_WR_ACT_WT ; CLOCK_50     ; CLOCK_50    ; 1.000        ; -0.247     ; 3.219      ;
; -2.479 ; sdram_de2115_controller:sdram_master|wait_cnt[4] ; sdram_de2115_controller:sdram_master|state.S_RD_ACT_WT ; CLOCK_50     ; CLOCK_50    ; 1.000        ; -0.247     ; 3.219      ;
; -2.479 ; sdram_de2115_controller:sdram_master|wait_cnt[4] ; sdram_de2115_controller:sdram_master|state.S_WR_PRE_WT ; CLOCK_50     ; CLOCK_50    ; 1.000        ; -0.247     ; 3.219      ;
; -2.478 ; async_fifo:sdram_rd_fifo|wr_bin[7]               ; sdram_de2115_controller:sdram_master|state.S_WR_ACT_WT ; CLOCK_50     ; CLOCK_50    ; 1.000        ; -0.035     ; 3.430      ;
; -2.478 ; async_fifo:sdram_rd_fifo|wr_bin[7]               ; sdram_de2115_controller:sdram_master|state.S_RD_ACT_WT ; CLOCK_50     ; CLOCK_50    ; 1.000        ; -0.035     ; 3.430      ;
; -2.478 ; async_fifo:sdram_rd_fifo|wr_bin[7]               ; sdram_de2115_controller:sdram_master|state.S_WR_PRE_WT ; CLOCK_50     ; CLOCK_50    ; 1.000        ; -0.035     ; 3.430      ;
; -2.475 ; async_fifo:sdram_rd_fifo|wr_bin[4]               ; async_fifo:sdram_rd_fifo|wr_gray[6]                    ; CLOCK_50     ; CLOCK_50    ; 1.000        ; 0.154      ; 3.616      ;
; -2.474 ; async_fifo:sdram_wr_fifo|wr_bin[1]               ; sdram_wr_data_reg[22]                                  ; CLOCK_50     ; CLOCK_50    ; 1.000        ; -0.028     ; 3.433      ;
; -2.474 ; async_fifo:sdram_wr_fifo|wr_bin[1]               ; sdram_wr_data_reg[16]                                  ; CLOCK_50     ; CLOCK_50    ; 1.000        ; -0.028     ; 3.433      ;
; -2.474 ; async_fifo:sdram_wr_fifo|wr_bin[1]               ; sdram_wr_data_reg[17]                                  ; CLOCK_50     ; CLOCK_50    ; 1.000        ; -0.028     ; 3.433      ;
; -2.474 ; async_fifo:sdram_wr_fifo|wr_bin[1]               ; sdram_wr_data_reg[18]                                  ; CLOCK_50     ; CLOCK_50    ; 1.000        ; -0.028     ; 3.433      ;
; -2.474 ; async_fifo:sdram_wr_fifo|wr_bin[1]               ; sdram_wr_data_reg[19]                                  ; CLOCK_50     ; CLOCK_50    ; 1.000        ; -0.028     ; 3.433      ;
; -2.474 ; async_fifo:sdram_wr_fifo|wr_bin[1]               ; sdram_wr_data_reg[20]                                  ; CLOCK_50     ; CLOCK_50    ; 1.000        ; -0.028     ; 3.433      ;
; -2.474 ; async_fifo:sdram_wr_fifo|wr_bin[1]               ; sdram_wr_data_reg[21]                                  ; CLOCK_50     ; CLOCK_50    ; 1.000        ; -0.028     ; 3.433      ;
; -2.474 ; async_fifo:sdram_rd_fifo|wr_bin[4]               ; async_fifo:sdram_rd_fifo|mem~15                        ; CLOCK_50     ; CLOCK_50    ; 1.000        ; -0.061     ; 3.400      ;
; -2.474 ; async_fifo:sdram_rd_fifo|wr_bin[4]               ; async_fifo:sdram_rd_fifo|mem~16                        ; CLOCK_50     ; CLOCK_50    ; 1.000        ; -0.061     ; 3.400      ;
; -2.474 ; async_fifo:sdram_rd_fifo|wr_bin[4]               ; async_fifo:sdram_rd_fifo|mem~22                        ; CLOCK_50     ; CLOCK_50    ; 1.000        ; -0.061     ; 3.400      ;
; -2.474 ; async_fifo:sdram_rd_fifo|wr_bin[4]               ; async_fifo:sdram_rd_fifo|mem~21                        ; CLOCK_50     ; CLOCK_50    ; 1.000        ; -0.061     ; 3.400      ;
; -2.474 ; async_fifo:sdram_rd_fifo|wr_bin[4]               ; async_fifo:sdram_rd_fifo|mem~18                        ; CLOCK_50     ; CLOCK_50    ; 1.000        ; -0.061     ; 3.400      ;
; -2.474 ; async_fifo:sdram_rd_fifo|wr_bin[4]               ; async_fifo:sdram_rd_fifo|mem~19                        ; CLOCK_50     ; CLOCK_50    ; 1.000        ; -0.061     ; 3.400      ;
; -2.474 ; async_fifo:sdram_rd_fifo|wr_bin[4]               ; async_fifo:sdram_rd_fifo|mem~20                        ; CLOCK_50     ; CLOCK_50    ; 1.000        ; -0.061     ; 3.400      ;
; -2.474 ; async_fifo:sdram_rd_fifo|wr_bin[4]               ; async_fifo:sdram_rd_fifo|mem~17                        ; CLOCK_50     ; CLOCK_50    ; 1.000        ; -0.061     ; 3.400      ;
; -2.469 ; async_fifo:sdram_rd_fifo|wr_bin[11]              ; sdram_de2115_controller:sdram_master|state.S_WR_ACT_WT ; CLOCK_50     ; CLOCK_50    ; 1.000        ; -0.237     ; 3.219      ;
; -2.469 ; async_fifo:sdram_rd_fifo|wr_bin[11]              ; sdram_de2115_controller:sdram_master|state.S_RD_ACT_WT ; CLOCK_50     ; CLOCK_50    ; 1.000        ; -0.237     ; 3.219      ;
; -2.469 ; async_fifo:sdram_rd_fifo|wr_bin[11]              ; sdram_de2115_controller:sdram_master|state.S_WR_PRE_WT ; CLOCK_50     ; CLOCK_50    ; 1.000        ; -0.237     ; 3.219      ;
; -2.466 ; async_fifo:sdram_wr_fifo|wr_bin[1]               ; async_fifo:sdram_wr_fifo|wr_gray[7]                    ; CLOCK_50     ; CLOCK_50    ; 1.000        ; 0.154      ; 3.607      ;
; -2.465 ; async_fifo:sdram_wr_fifo|wr_bin[1]               ; sdram_wr_data_reg[6]                                   ; CLOCK_50     ; CLOCK_50    ; 1.000        ; -0.036     ; 3.416      ;
; -2.465 ; async_fifo:sdram_wr_fifo|wr_bin[1]               ; sdram_wr_data_reg[1]                                   ; CLOCK_50     ; CLOCK_50    ; 1.000        ; -0.036     ; 3.416      ;
; -2.465 ; async_fifo:sdram_wr_fifo|wr_bin[1]               ; sdram_wr_data_reg[0]                                   ; CLOCK_50     ; CLOCK_50    ; 1.000        ; -0.036     ; 3.416      ;
; -2.465 ; async_fifo:sdram_wr_fifo|wr_bin[1]               ; sdram_wr_data_reg[3]                                   ; CLOCK_50     ; CLOCK_50    ; 1.000        ; -0.036     ; 3.416      ;
; -2.465 ; async_fifo:sdram_wr_fifo|wr_bin[1]               ; sdram_wr_data_reg[2]                                   ; CLOCK_50     ; CLOCK_50    ; 1.000        ; -0.036     ; 3.416      ;
; -2.465 ; async_fifo:sdram_wr_fifo|wr_bin[1]               ; sdram_wr_data_reg[5]                                   ; CLOCK_50     ; CLOCK_50    ; 1.000        ; -0.036     ; 3.416      ;
; -2.465 ; async_fifo:sdram_wr_fifo|wr_bin[1]               ; sdram_wr_data_reg[4]                                   ; CLOCK_50     ; CLOCK_50    ; 1.000        ; -0.036     ; 3.416      ;
; -2.457 ; async_fifo:sdram_rd_fifo|wr_bin[1]               ; async_fifo:sdram_rd_fifo|wr_gray[3]                    ; CLOCK_50     ; CLOCK_50    ; 1.000        ; 0.154      ; 3.598      ;
; -2.454 ; async_fifo:sdram_wr_fifo|wr_bin[1]               ; sdram_wr_data_reg[15]                                  ; CLOCK_50     ; CLOCK_50    ; 1.000        ; -0.029     ; 3.412      ;
; -2.446 ; async_fifo:sdram_wr_fifo|wr_bin[4]               ; sdram_wr_data_reg[7]                                   ; CLOCK_50     ; CLOCK_50    ; 1.000        ; -0.035     ; 3.398      ;
; -2.445 ; async_fifo:sdram_rd_fifo|wr_bin[5]               ; sdram_de2115_controller:sdram_master|state.S_RD_PRE_WT ; CLOCK_50     ; CLOCK_50    ; 1.000        ; 0.151      ; 3.583      ;
; -2.443 ; async_fifo:sdram_rd_fifo|wr_bin[4]               ; async_fifo:sdram_rd_fifo|wr_gray[9]                    ; CLOCK_50     ; CLOCK_50    ; 1.000        ; 0.153      ; 3.583      ;
; -2.441 ; async_fifo:sdram_rd_fifo|wr_bin[1]               ; async_fifo:sdram_rd_fifo|wr_bin[0]                     ; CLOCK_50     ; CLOCK_50    ; 1.000        ; -0.042     ; 3.386      ;
+--------+--------------------------------------------------+--------------------------------------------------------+--------------+-------------+--------------+------------+------------+


+----------------------------------------------------------------------------------------------------------------------------------------------------------------------------------------------------------------------------------------------------------+
; Fast 1200mV 0C Model Hold: 'CLOCK_50'                                                                                                                                                                                                                    ;
+-------+-------------------------------------------------------------+--------------------------------------------------------------------------------------------------------------+--------------+-------------+--------------+------------+------------+
; Slack ; From Node                                                   ; To Node                                                                                                      ; Launch Clock ; Latch Clock ; Relationship ; Clock Skew ; Data Delay ;
+-------+-------------------------------------------------------------+--------------------------------------------------------------------------------------------------------------+--------------+-------------+--------------+------------+------------+
; 0.088 ; sdram_rd_fifo_wr_data_reg[19]                               ; async_fifo:sdram_rd_fifo|altsyncram:mem_rtl_0|altsyncram_4mc1:auto_generated|ram_block1a16~porta_datain_reg0 ; CLOCK_50     ; CLOCK_50    ; 0.000        ; 0.245      ; 0.437      ;
; 0.133 ; sdram_rd_fifo_wr_data_reg[17]                               ; async_fifo:sdram_rd_fifo|altsyncram:mem_rtl_0|altsyncram_4mc1:auto_generated|ram_block1a16~porta_datain_reg0 ; CLOCK_50     ; CLOCK_50    ; 0.000        ; 0.243      ; 0.480      ;
; 0.135 ; sdram_rd_fifo_wr_data_reg[18]                               ; async_fifo:sdram_rd_fifo|altsyncram:mem_rtl_0|altsyncram_4mc1:auto_generated|ram_block1a16~porta_datain_reg0 ; CLOCK_50     ; CLOCK_50    ; 0.000        ; 0.243      ; 0.482      ;
; 0.135 ; async_fifo:pixel_capture_fifo|wr_gray[10]                   ; async_fifo:pixel_capture_fifo|wr_gray_sync_1[10]                                                             ; TD_CLK27     ; CLOCK_50    ; 0.000        ; 0.123      ; 0.382      ;
; 0.136 ; async_fifo:pixel_capture_fifo|wr_gray[8]                    ; async_fifo:pixel_capture_fifo|wr_gray_sync_1[8]                                                              ; TD_CLK27     ; CLOCK_50    ; 0.000        ; 0.123      ; 0.383      ;
; 0.146 ; async_fifo:sdram_wr_fifo|wr_bin[6]                          ; async_fifo:sdram_wr_fifo|altsyncram:mem_rtl_0|altsyncram_8mc1:auto_generated|ram_block1a6~porta_address_reg0 ; CLOCK_50     ; CLOCK_50    ; 0.000        ; 0.217      ; 0.467      ;
; 0.151 ; async_fifo:sdram_wr_fifo|wr_bin[4]                          ; async_fifo:sdram_wr_fifo|altsyncram:mem_rtl_0|altsyncram_8mc1:auto_generated|ram_block1a6~porta_address_reg0 ; CLOCK_50     ; CLOCK_50    ; 0.000        ; 0.217      ; 0.472      ;
; 0.167 ; async_fifo:pixel_capture_fifo|wr_gray[7]                    ; async_fifo:pixel_capture_fifo|wr_gray_sync_1[7]                                                              ; TD_CLK27     ; CLOCK_50    ; 0.000        ; 0.123      ; 0.414      ;
; 0.169 ; async_fifo:pixel_capture_fifo|wr_gray[9]                    ; async_fifo:pixel_capture_fifo|wr_gray_sync_1[9]                                                              ; TD_CLK27     ; CLOCK_50    ; 0.000        ; 0.123      ; 0.416      ;
; 0.173 ; sdram_de2115_controller:sdram_master|addr_r[10]             ; sdram_de2115_controller:sdram_master|addr_r[10]                                                              ; CLOCK_50     ; CLOCK_50    ; 0.000        ; 0.050      ; 0.307      ;
; 0.173 ; sdram_de2115_controller:sdram_master|state.S_IDLE           ; sdram_de2115_controller:sdram_master|state.S_IDLE                                                            ; CLOCK_50     ; CLOCK_50    ; 0.000        ; 0.050      ; 0.307      ;
; 0.173 ; sdram_de2115_controller:sdram_master|bank_open              ; sdram_de2115_controller:sdram_master|bank_open                                                               ; CLOCK_50     ; CLOCK_50    ; 0.000        ; 0.050      ; 0.307      ;
; 0.173 ; sdram_de2115_controller:sdram_master|state.S_REFRESH_PRE_WT ; sdram_de2115_controller:sdram_master|state.S_REFRESH_PRE_WT                                                  ; CLOCK_50     ; CLOCK_50    ; 0.000        ; 0.050      ; 0.307      ;
; 0.173 ; sdram_de2115_controller:sdram_master|state.S_INIT_REF2_WT   ; sdram_de2115_controller:sdram_master|state.S_INIT_REF2_WT                                                    ; CLOCK_50     ; CLOCK_50    ; 0.000        ; 0.050      ; 0.307      ;
; 0.173 ; sdram_de2115_controller:sdram_master|state.S_REFRESH_WT     ; sdram_de2115_controller:sdram_master|state.S_REFRESH_WT                                                      ; CLOCK_50     ; CLOCK_50    ; 0.000        ; 0.050      ; 0.307      ;
; 0.174 ; sdram_de2115_controller:sdram_master|state.S_WR_ACT_WT      ; sdram_de2115_controller:sdram_master|state.S_WR_CMD                                                          ; CLOCK_50     ; CLOCK_50    ; 0.000        ; 0.247      ; 0.505      ;
; 0.180 ; sdram_de2115_controller:sdram_master|read_ptr[0]            ; sdram_de2115_controller:sdram_master|read_ptr[0]                                                             ; CLOCK_50     ; CLOCK_50    ; 0.000        ; 0.043      ; 0.307      ;
; 0.180 ; frame_buffer_controller:fb_ctrl|sdram_read_base[18]         ; frame_buffer_controller:fb_ctrl|sdram_read_base[18]                                                          ; CLOCK_50     ; CLOCK_50    ; 0.000        ; 0.043      ; 0.307      ;
; 0.180 ; async_fifo:sdram_rd_fifo|wr_gray_sync_1[4]                  ; async_fifo:sdram_rd_fifo|wr_gray_sync_2[4]                                                                   ; CLOCK_50     ; CLOCK_50    ; 0.000        ; 0.049      ; 0.313      ;
; 0.181 ; sdram_de2115_controller:sdram_master|cke_r                  ; sdram_de2115_controller:sdram_master|cke_r                                                                   ; CLOCK_50     ; CLOCK_50    ; 0.000        ; 0.042      ; 0.307      ;
; 0.181 ; sdram_de2115_controller:sdram_master|state.S_RD_CAS_WT      ; sdram_de2115_controller:sdram_master|state.S_RD_CAS_WT                                                       ; CLOCK_50     ; CLOCK_50    ; 0.000        ; 0.042      ; 0.307      ;
; 0.181 ; sdram_de2115_controller:sdram_master|state.S_INIT_MRS_WT    ; sdram_de2115_controller:sdram_master|state.S_INIT_MRS_WT                                                     ; CLOCK_50     ; CLOCK_50    ; 0.000        ; 0.042      ; 0.307      ;
; 0.181 ; sdram_de2115_controller:sdram_master|state.S_WR_RECOVER     ; sdram_de2115_controller:sdram_master|state.S_WR_RECOVER                                                      ; CLOCK_50     ; CLOCK_50    ; 0.000        ; 0.042      ; 0.307      ;
; 0.181 ; sdram_de2115_controller:sdram_master|refresh_pending        ; sdram_de2115_controller:sdram_master|refresh_pending                                                         ; CLOCK_50     ; CLOCK_50    ; 0.000        ; 0.042      ; 0.307      ;
; 0.182 ; sdram_rd_bridge_phase.01                                    ; sdram_rd_bridge_phase.01                                                                                     ; CLOCK_50     ; CLOCK_50    ; 0.000        ; 0.041      ; 0.307      ;
; 0.182 ; sdram_de2115_controller:sdram_master|state.S_INIT_WAIT      ; sdram_de2115_controller:sdram_master|state.S_INIT_WAIT                                                       ; CLOCK_50     ; CLOCK_50    ; 0.000        ; 0.041      ; 0.307      ;
; 0.182 ; sdram_de2115_controller:sdram_master|state.S_INIT_PRE_WT    ; sdram_de2115_controller:sdram_master|state.S_INIT_PRE_WT                                                     ; CLOCK_50     ; CLOCK_50    ; 0.000        ; 0.041      ; 0.307      ;
; 0.182 ; sdram_de2115_controller:sdram_master|state.S_INIT_REF1_WT   ; sdram_de2115_controller:sdram_master|state.S_INIT_REF1_WT                                                    ; CLOCK_50     ; CLOCK_50    ; 0.000        ; 0.041      ; 0.307      ;
; 0.182 ; sdram_wr_bridge_phase.01                                    ; sdram_wr_bridge_phase.01                                                                                     ; CLOCK_50     ; CLOCK_50    ; 0.000        ; 0.041      ; 0.307      ;
; 0.182 ; sdram_wr_bridge_pending                                     ; sdram_wr_bridge_pending                                                                                      ; CLOCK_50     ; CLOCK_50    ; 0.000        ; 0.041      ; 0.307      ;
; 0.188 ; sdram_wr_pixel_reg[13]                                      ; sdram_ctrl_wr_data_reg[13]                                                                                   ; CLOCK_50     ; CLOCK_50    ; 0.000        ; 0.041      ; 0.313      ;
; 0.189 ; sdram_wr_pixel_reg[14]                                      ; sdram_ctrl_wr_data_reg[14]                                                                                   ; CLOCK_50     ; CLOCK_50    ; 0.000        ; 0.041      ; 0.314      ;
; 0.189 ; sdram_wr_pixel_reg[21]                                      ; sdram_ctrl_wr_data_reg[5]                                                                                    ; CLOCK_50     ; CLOCK_50    ; 0.000        ; 0.041      ; 0.314      ;
; 0.189 ; sdram_de2115_controller:sdram_master|write_ptr[0]           ; sdram_de2115_controller:sdram_master|write_ptr[0]                                                            ; CLOCK_50     ; CLOCK_50    ; 0.000        ; 0.041      ; 0.314      ;
; 0.189 ; async_fifo:sdram_wr_fifo|wr_gray_sync_1[8]                  ; async_fifo:sdram_wr_fifo|wr_gray_sync_2[8]                                                                   ; CLOCK_50     ; CLOCK_50    ; 0.000        ; 0.041      ; 0.314      ;
; 0.190 ; sdram_wr_pixel_reg[11]                                      ; sdram_ctrl_wr_data_reg[11]                                                                                   ; CLOCK_50     ; CLOCK_50    ; 0.000        ; 0.041      ; 0.315      ;
; 0.190 ; sdram_wr_pixel_reg[10]                                      ; sdram_ctrl_wr_data_reg[10]                                                                                   ; CLOCK_50     ; CLOCK_50    ; 0.000        ; 0.041      ; 0.315      ;
; 0.190 ; sdram_rd_lower_reg[5]                                       ; sdram_rd_fifo_wr_data_reg[5]                                                                                 ; CLOCK_50     ; CLOCK_50    ; 0.000        ; 0.040      ; 0.314      ;
; 0.190 ; sdram_rd_lower_reg[7]                                       ; sdram_rd_fifo_wr_data_reg[7]                                                                                 ; CLOCK_50     ; CLOCK_50    ; 0.000        ; 0.040      ; 0.314      ;
; 0.190 ; sdram_rd_lower_reg[4]                                       ; sdram_rd_fifo_wr_data_reg[4]                                                                                 ; CLOCK_50     ; CLOCK_50    ; 0.000        ; 0.040      ; 0.314      ;
; 0.190 ; sdram_rd_lower_reg[14]                                      ; sdram_rd_fifo_wr_data_reg[14]                                                                                ; CLOCK_50     ; CLOCK_50    ; 0.000        ; 0.040      ; 0.314      ;
; 0.190 ; sdram_rd_lower_reg[15]                                      ; sdram_rd_fifo_wr_data_reg[15]                                                                                ; CLOCK_50     ; CLOCK_50    ; 0.000        ; 0.040      ; 0.314      ;
; 0.190 ; sdram_rd_lower_reg[8]                                       ; sdram_rd_fifo_wr_data_reg[8]                                                                                 ; CLOCK_50     ; CLOCK_50    ; 0.000        ; 0.040      ; 0.314      ;
; 0.190 ; vga_out:vga_output|clk_en                                   ; vga_out:vga_output|clk_en                                                                                    ; CLOCK_50     ; CLOCK_50    ; 0.000        ; 0.040      ; 0.314      ;
; 0.191 ; async_fifo:pixel_capture_fifo|wr_gray_sync_1[8]             ; async_fifo:pixel_capture_fifo|wr_gray_sync_2[8]                                                              ; CLOCK_50     ; CLOCK_50    ; 0.000        ; 0.042      ; 0.317      ;
; 0.191 ; sdram_rd_lower_reg[1]                                       ; sdram_rd_fifo_wr_data_reg[1]                                                                                 ; CLOCK_50     ; CLOCK_50    ; 0.000        ; 0.040      ; 0.315      ;
; 0.191 ; sdram_rd_lower_reg[0]                                       ; sdram_rd_fifo_wr_data_reg[0]                                                                                 ; CLOCK_50     ; CLOCK_50    ; 0.000        ; 0.040      ; 0.315      ;
; 0.191 ; sdram_rd_lower_reg[13]                                      ; sdram_rd_fifo_wr_data_reg[13]                                                                                ; CLOCK_50     ; CLOCK_50    ; 0.000        ; 0.040      ; 0.315      ;
; 0.191 ; sdram_rd_lower_reg[9]                                       ; sdram_rd_fifo_wr_data_reg[9]                                                                                 ; CLOCK_50     ; CLOCK_50    ; 0.000        ; 0.040      ; 0.315      ;
; 0.191 ; async_fifo:sdram_wr_fifo|wr_gray_sync_1[6]                  ; async_fifo:sdram_wr_fifo|wr_gray_sync_2[6]                                                                   ; CLOCK_50     ; CLOCK_50    ; 0.000        ; 0.041      ; 0.316      ;
; 0.192 ; sdram_wr_pixel_reg[12]                                      ; sdram_ctrl_wr_data_reg[12]                                                                                   ; CLOCK_50     ; CLOCK_50    ; 0.000        ; 0.041      ; 0.317      ;
; 0.192 ; sdram_rd_lower_reg[12]                                      ; sdram_rd_fifo_wr_data_reg[12]                                                                                ; CLOCK_50     ; CLOCK_50    ; 0.000        ; 0.040      ; 0.316      ;
; 0.192 ; async_fifo:sdram_wr_fifo|rd_gray[6]                         ; async_fifo:sdram_wr_fifo|rd_gray_sync_1[6]                                                                   ; CLOCK_50     ; CLOCK_50    ; 0.000        ; 0.041      ; 0.317      ;
; 0.192 ; async_fifo:sdram_wr_fifo|rd_gray[5]                         ; async_fifo:sdram_wr_fifo|rd_gray_sync_1[5]                                                                   ; CLOCK_50     ; CLOCK_50    ; 0.000        ; 0.041      ; 0.317      ;
; 0.193 ; async_fifo:sdram_wr_fifo|rd_gray[7]                         ; async_fifo:sdram_wr_fifo|rd_gray_sync_1[7]                                                                   ; CLOCK_50     ; CLOCK_50    ; 0.000        ; 0.041      ; 0.318      ;
; 0.194 ; async_fifo:sdram_wr_fifo|rd_gray[2]                         ; async_fifo:sdram_wr_fifo|rd_gray_sync_1[2]                                                                   ; CLOCK_50     ; CLOCK_50    ; 0.000        ; 0.041      ; 0.319      ;
; 0.196 ; async_fifo:sdram_wr_fifo|rd_gray[4]                         ; async_fifo:sdram_wr_fifo|rd_gray_sync_1[4]                                                                   ; CLOCK_50     ; CLOCK_50    ; 0.000        ; 0.041      ; 0.321      ;
; 0.196 ; async_fifo:sdram_wr_fifo|rd_gray[3]                         ; async_fifo:sdram_wr_fifo|rd_gray_sync_1[3]                                                                   ; CLOCK_50     ; CLOCK_50    ; 0.000        ; 0.041      ; 0.321      ;
; 0.203 ; sdram_de2115_controller:sdram_master|state.S_RD_CAPTURE     ; sdram_de2115_controller:sdram_master|sdram_rd_wr_en                                                          ; CLOCK_50     ; CLOCK_50    ; 0.000        ; 0.041      ; 0.328      ;
; 0.204 ; sdram_wr_bridge_phase.01                                    ; sdram_wr_bridge_pending                                                                                      ; CLOCK_50     ; CLOCK_50    ; 0.000        ; 0.041      ; 0.329      ;
; 0.207 ; vga_out:vga_output|h_count[6]                               ; vga_out:vga_output|VGA_HS                                                                                    ; CLOCK_50     ; CLOCK_50    ; 0.000        ; 0.041      ; 0.332      ;
; 0.209 ; sdram_de2115_controller:sdram_master|dq_oe                  ; sdram_wr_bridge_phase.01                                                                                     ; CLOCK_50     ; CLOCK_50    ; 0.000        ; 0.041      ; 0.334      ;
; 0.218 ; sdram_rd_fifo_wr_data_reg[22]                               ; async_fifo:sdram_rd_fifo|altsyncram:mem_rtl_0|altsyncram_4mc1:auto_generated|ram_block1a20~porta_datain_reg0 ; CLOCK_50     ; CLOCK_50    ; 0.000        ; 0.248      ; 0.570      ;
; 0.221 ; async_fifo:sdram_rd_fifo|mem~0                              ; vga_out:vga_output|VGA_G[3]                                                                                  ; CLOCK_50     ; CLOCK_50    ; 0.000        ; 0.040      ; 0.345      ;
; 0.221 ; async_fifo:sdram_rd_fifo|mem~0                              ; vga_out:vga_output|VGA_G[2]                                                                                  ; CLOCK_50     ; CLOCK_50    ; 0.000        ; 0.040      ; 0.345      ;
; 0.221 ; async_fifo:sdram_rd_fifo|mem~0                              ; vga_out:vga_output|VGA_G[1]                                                                                  ; CLOCK_50     ; CLOCK_50    ; 0.000        ; 0.040      ; 0.345      ;
; 0.224 ; async_fifo:sdram_rd_fifo|mem~0                              ; vga_out:vga_output|VGA_G[0]                                                                                  ; CLOCK_50     ; CLOCK_50    ; 0.000        ; 0.040      ; 0.348      ;
; 0.224 ; sdram_rd_fifo_wr_data_reg[20]                               ; async_fifo:sdram_rd_fifo|altsyncram:mem_rtl_0|altsyncram_4mc1:auto_generated|ram_block1a20~porta_datain_reg0 ; CLOCK_50     ; CLOCK_50    ; 0.000        ; 0.246      ; 0.574      ;
; 0.226 ; async_fifo:pixel_capture_fifo|mem~7                         ; sdram_wr_data_reg[6]                                                                                         ; TD_CLK27     ; CLOCK_50    ; 0.000        ; 0.124      ; 0.474      ;
; 0.234 ; async_fifo:pixel_capture_fifo|mem~14                        ; sdram_wr_data_reg[13]                                                                                        ; TD_CLK27     ; CLOCK_50    ; 0.000        ; 0.123      ; 0.481      ;
; 0.235 ; async_fifo:pixel_capture_fifo|mem~12                        ; sdram_wr_data_reg[11]                                                                                        ; TD_CLK27     ; CLOCK_50    ; 0.000        ; 0.123      ; 0.482      ;
; 0.236 ; async_fifo:pixel_capture_fifo|mem~25                        ; sdram_wr_data_reg[24]                                                                                        ; TD_CLK27     ; CLOCK_50    ; 0.000        ; 0.123      ; 0.483      ;
; 0.236 ; async_fifo:pixel_capture_fifo|mem~22                        ; sdram_wr_data_reg[21]                                                                                        ; TD_CLK27     ; CLOCK_50    ; 0.000        ; 0.122      ; 0.482      ;
; 0.236 ; async_fifo:pixel_capture_fifo|mem~20                        ; sdram_wr_data_reg[19]                                                                                        ; TD_CLK27     ; CLOCK_50    ; 0.000        ; 0.122      ; 0.482      ;
; 0.236 ; async_fifo:pixel_capture_fifo|mem~18                        ; sdram_wr_data_reg[17]                                                                                        ; TD_CLK27     ; CLOCK_50    ; 0.000        ; 0.122      ; 0.482      ;
; 0.238 ; async_fifo:pixel_capture_fifo|mem~13                        ; sdram_wr_data_reg[12]                                                                                        ; TD_CLK27     ; CLOCK_50    ; 0.000        ; 0.123      ; 0.485      ;
; 0.238 ; async_fifo:pixel_capture_fifo|mem~9                         ; sdram_wr_data_reg[8]                                                                                         ; TD_CLK27     ; CLOCK_50    ; 0.000        ; 0.123      ; 0.485      ;
; 0.238 ; async_fifo:pixel_capture_fifo|mem~10                        ; sdram_wr_data_reg[9]                                                                                         ; TD_CLK27     ; CLOCK_50    ; 0.000        ; 0.123      ; 0.485      ;
; 0.238 ; async_fifo:pixel_capture_fifo|mem~21                        ; sdram_wr_data_reg[20]                                                                                        ; TD_CLK27     ; CLOCK_50    ; 0.000        ; 0.122      ; 0.484      ;
; 0.238 ; async_fifo:pixel_capture_fifo|mem~19                        ; sdram_wr_data_reg[18]                                                                                        ; TD_CLK27     ; CLOCK_50    ; 0.000        ; 0.122      ; 0.484      ;
; 0.238 ; async_fifo:pixel_capture_fifo|mem~17                        ; sdram_wr_data_reg[16]                                                                                        ; TD_CLK27     ; CLOCK_50    ; 0.000        ; 0.122      ; 0.484      ;
; 0.239 ; async_fifo:pixel_capture_fifo|mem~15                        ; sdram_wr_data_reg[14]                                                                                        ; TD_CLK27     ; CLOCK_50    ; 0.000        ; 0.123      ; 0.486      ;
; 0.239 ; async_fifo:pixel_capture_fifo|mem~26                        ; sdram_wr_data_reg[25]                                                                                        ; TD_CLK27     ; CLOCK_50    ; 0.000        ; 0.123      ; 0.486      ;
; 0.239 ; async_fifo:pixel_capture_fifo|mem~8                         ; sdram_wr_data_reg[7]                                                                                         ; TD_CLK27     ; CLOCK_50    ; 0.000        ; 0.123      ; 0.486      ;
; 0.241 ; async_fifo:pixel_capture_fifo|mem~1                         ; sdram_wr_data_reg[0]                                                                                         ; TD_CLK27     ; CLOCK_50    ; 0.000        ; 0.124      ; 0.489      ;
; 0.242 ; sdram_rd_fifo_wr_data_reg[3]                                ; async_fifo:sdram_rd_fifo|altsyncram:mem_rtl_0|altsyncram_4mc1:auto_generated|ram_block1a0~porta_datain_reg0  ; CLOCK_50     ; CLOCK_50    ; 0.000        ; 0.240      ; 0.586      ;
; 0.242 ; async_fifo:pixel_capture_fifo|mem~5                         ; sdram_wr_data_reg[4]                                                                                         ; TD_CLK27     ; CLOCK_50    ; 0.000        ; 0.124      ; 0.490      ;
; 0.243 ; async_fifo:pixel_capture_fifo|mem~2                         ; sdram_wr_data_reg[1]                                                                                         ; TD_CLK27     ; CLOCK_50    ; 0.000        ; 0.124      ; 0.491      ;
; 0.244 ; sdram_de2115_controller:sdram_master|state.S_REFRESH_PRE_WT ; sdram_de2115_controller:sdram_master|state.S_REFRESH                                                         ; CLOCK_50     ; CLOCK_50    ; 0.000        ; 0.050      ; 0.378      ;
; 0.245 ; async_fifo:pixel_capture_fifo|mem~23                        ; sdram_wr_data_reg[22]                                                                                        ; TD_CLK27     ; CLOCK_50    ; 0.000        ; 0.122      ; 0.491      ;
; 0.248 ; sdram_wr_pixel_reg[15]                                      ; sdram_ctrl_wr_data_reg[15]                                                                                   ; CLOCK_50     ; CLOCK_50    ; 0.000        ; 0.041      ; 0.373      ;
; 0.248 ; sdram_wr_pixel_reg[5]                                       ; sdram_ctrl_wr_data_reg[5]                                                                                    ; CLOCK_50     ; CLOCK_50    ; 0.000        ; 0.041      ; 0.373      ;
; 0.249 ; sdram_wr_pixel_reg[24]                                      ; sdram_ctrl_wr_data_reg[8]                                                                                    ; CLOCK_50     ; CLOCK_50    ; 0.000        ; 0.041      ; 0.374      ;
; 0.250 ; sdram_rd_fifo_wr_data_reg[21]                               ; async_fifo:sdram_rd_fifo|altsyncram:mem_rtl_0|altsyncram_4mc1:auto_generated|ram_block1a20~porta_datain_reg0 ; CLOCK_50     ; CLOCK_50    ; 0.000        ; 0.246      ; 0.600      ;
; 0.250 ; async_fifo:pixel_capture_fifo|mem~11                        ; sdram_wr_data_reg[10]                                                                                        ; TD_CLK27     ; CLOCK_50    ; 0.000        ; 0.123      ; 0.497      ;
; 0.250 ; async_fifo:pixel_capture_fifo|mem~3                         ; sdram_wr_data_reg[2]                                                                                         ; TD_CLK27     ; CLOCK_50    ; 0.000        ; 0.124      ; 0.498      ;
; 0.253 ; async_fifo:sdram_wr_fifo|wr_bin[11]                         ; async_fifo:sdram_wr_fifo|wr_bin[11]                                                                          ; CLOCK_50     ; CLOCK_50    ; 0.000        ; 0.050      ; 0.387      ;
; 0.254 ; sdram_rd_fifo_wr_data_reg[16]                               ; async_fifo:sdram_rd_fifo|altsyncram:mem_rtl_0|altsyncram_4mc1:auto_generated|ram_block1a16~porta_datain_reg0 ; CLOCK_50     ; CLOCK_50    ; 0.000        ; 0.245      ; 0.603      ;
; 0.254 ; async_fifo:sdram_rd_fifo|wr_gray_sync_1[5]                  ; async_fifo:sdram_rd_fifo|wr_gray_sync_2[5]                                                                   ; CLOCK_50     ; CLOCK_50    ; 0.000        ; 0.049      ; 0.387      ;
; 0.256 ; sdram_rd_lower_reg[3]                                       ; sdram_rd_fifo_wr_data_reg[3]                                                                                 ; CLOCK_50     ; CLOCK_50    ; 0.000        ; 0.042      ; 0.382      ;
+-------+-------------------------------------------------------------+--------------------------------------------------------------------------------------------------------------+--------------+-------------+--------------+------------+------------+


+-----------------------------------------------------------------------------------------------------------------------------------------------------------------------------------------------------------------------------------------------------+
; Fast 1200mV 0C Model Hold: 'TD_CLK27'                                                                                                                                                                                                               ;
+-------+--------------------------------------------------+--------------------------------------------------------------------------------------------------------------------+--------------+-------------+--------------+------------+------------+
; Slack ; From Node                                        ; To Node                                                                                                            ; Launch Clock ; Latch Clock ; Relationship ; Clock Skew ; Data Delay ;
+-------+--------------------------------------------------+--------------------------------------------------------------------------------------------------------------------+--------------+-------------+--------------+------------+------------+
; 0.173 ; video_in:video_in_decoder|rPixel_Count[1]        ; video_in:video_in_decoder|rPixel_Count[1]                                                                          ; TD_CLK27     ; TD_CLK27    ; 0.000        ; 0.050      ; 0.307      ;
; 0.180 ; video_in:video_in_decoder|rPixel_Count[0]        ; video_in:video_in_decoder|rPixel_Count[0]                                                                          ; TD_CLK27     ; TD_CLK27    ; 0.000        ; 0.050      ; 0.314      ;
; 0.191 ; video_in:video_in_decoder|rVS_d1                 ; video_in:video_in_decoder|oV_Sync                                                                                  ; TD_CLK27     ; TD_CLK27    ; 0.000        ; 0.050      ; 0.325      ;
; 0.213 ; video_in:video_in_decoder|rHS_d2                 ; video_in:video_in_decoder|rPixel_Count[1]                                                                          ; TD_CLK27     ; TD_CLK27    ; 0.000        ; 0.050      ; 0.347      ;
; 0.215 ; video_in:video_in_decoder|rHS_d2                 ; video_in:video_in_decoder|rPixel_Count[0]                                                                          ; TD_CLK27     ; TD_CLK27    ; 0.000        ; 0.050      ; 0.349      ;
; 0.253 ; async_fifo:pixel_capture_fifo|rd_gray[4]         ; async_fifo:pixel_capture_fifo|rd_gray_sync_1[4]                                                                    ; CLOCK_50     ; TD_CLK27    ; 0.000        ; 0.000      ; 0.377      ;
; 0.254 ; async_fifo:pixel_capture_fifo|rd_gray[9]         ; async_fifo:pixel_capture_fifo|rd_gray_sync_1[9]                                                                    ; CLOCK_50     ; TD_CLK27    ; 0.000        ; 0.000      ; 0.378      ;
; 0.255 ; async_fifo:pixel_capture_fifo|rd_gray[1]         ; async_fifo:pixel_capture_fifo|rd_gray_sync_1[1]                                                                    ; CLOCK_50     ; TD_CLK27    ; 0.000        ; 0.000      ; 0.379      ;
; 0.260 ; async_fifo:pixel_capture_fifo|rd_gray[2]         ; async_fifo:pixel_capture_fifo|rd_gray_sync_1[2]                                                                    ; CLOCK_50     ; TD_CLK27    ; 0.000        ; 0.000      ; 0.384      ;
; 0.260 ; async_fifo:pixel_capture_fifo|rd_bin[11]         ; async_fifo:pixel_capture_fifo|rd_gray_sync_1[11]                                                                   ; CLOCK_50     ; TD_CLK27    ; 0.000        ; 0.000      ; 0.384      ;
; 0.260 ; async_fifo:pixel_capture_fifo|rd_gray[0]         ; async_fifo:pixel_capture_fifo|rd_gray_sync_1[0]                                                                    ; CLOCK_50     ; TD_CLK27    ; 0.000        ; 0.000      ; 0.384      ;
; 0.260 ; async_fifo:pixel_capture_fifo|rd_gray[6]         ; async_fifo:pixel_capture_fifo|rd_gray_sync_1[6]                                                                    ; CLOCK_50     ; TD_CLK27    ; 0.000        ; 0.000      ; 0.384      ;
; 0.260 ; async_fifo:pixel_capture_fifo|rd_gray[5]         ; async_fifo:pixel_capture_fifo|rd_gray_sync_1[5]                                                                    ; CLOCK_50     ; TD_CLK27    ; 0.000        ; 0.000      ; 0.384      ;
; 0.260 ; async_fifo:pixel_capture_fifo|rd_gray[3]         ; async_fifo:pixel_capture_fifo|rd_gray_sync_1[3]                                                                    ; CLOCK_50     ; TD_CLK27    ; 0.000        ; 0.000      ; 0.384      ;
; 0.261 ; async_fifo:pixel_capture_fifo|rd_gray_sync_1[4]  ; async_fifo:pixel_capture_fifo|rd_gray_sync_2[4]                                                                    ; TD_CLK27     ; TD_CLK27    ; 0.000        ; 0.042      ; 0.387      ;
; 0.261 ; async_fifo:pixel_capture_fifo|rd_gray_sync_1[0]  ; async_fifo:pixel_capture_fifo|rd_gray_sync_2[0]                                                                    ; TD_CLK27     ; TD_CLK27    ; 0.000        ; 0.042      ; 0.387      ;
; 0.262 ; async_fifo:pixel_capture_fifo|rd_gray[8]         ; async_fifo:pixel_capture_fifo|rd_gray_sync_1[8]                                                                    ; CLOCK_50     ; TD_CLK27    ; 0.000        ; 0.000      ; 0.386      ;
; 0.263 ; async_fifo:pixel_capture_fifo|rd_gray[7]         ; async_fifo:pixel_capture_fifo|rd_gray_sync_1[7]                                                                    ; CLOCK_50     ; TD_CLK27    ; 0.000        ; 0.000      ; 0.387      ;
; 0.263 ; async_fifo:pixel_capture_fifo|rd_gray_sync_1[5]  ; async_fifo:pixel_capture_fifo|rd_gray_sync_2[5]                                                                    ; TD_CLK27     ; TD_CLK27    ; 0.000        ; 0.042      ; 0.389      ;
; 0.266 ; video_in:video_in_decoder|rHS_d1                 ; video_in:video_in_decoder|rHS_d2                                                                                   ; TD_CLK27     ; TD_CLK27    ; 0.000        ; 0.050      ; 0.400      ;
; 0.270 ; video_in:video_in_decoder|oV_Sync                ; frame_buffer_controller:fb_ctrl|tv_frame_done_d                                                                    ; TD_CLK27     ; TD_CLK27    ; 0.000        ; 0.050      ; 0.404      ;
; 0.273 ; async_fifo:pixel_capture_fifo|rd_gray[10]        ; async_fifo:pixel_capture_fifo|rd_gray_sync_1[10]                                                                   ; CLOCK_50     ; TD_CLK27    ; 0.000        ; 0.000      ; 0.397      ;
; 0.290 ; async_fifo:pixel_capture_fifo|wr_bin[1]          ; async_fifo:pixel_capture_fifo|wr_bin[1]                                                                            ; TD_CLK27     ; TD_CLK27    ; 0.000        ; 0.050      ; 0.424      ;
; 0.291 ; async_fifo:pixel_capture_fifo|wr_bin[2]          ; async_fifo:pixel_capture_fifo|wr_bin[2]                                                                            ; TD_CLK27     ; TD_CLK27    ; 0.000        ; 0.050      ; 0.425      ;
; 0.292 ; source_x_count[1]                                ; source_x_count[1]                                                                                                  ; TD_CLK27     ; TD_CLK27    ; 0.000        ; 0.041      ; 0.417      ;
; 0.295 ; async_fifo:pixel_capture_fifo|wr_bin[7]          ; async_fifo:pixel_capture_fifo|wr_bin[7]                                                                            ; TD_CLK27     ; TD_CLK27    ; 0.000        ; 0.050      ; 0.429      ;
; 0.295 ; source_x_count[2]                                ; source_x_count[2]                                                                                                  ; TD_CLK27     ; TD_CLK27    ; 0.000        ; 0.041      ; 0.420      ;
; 0.295 ; video_in:video_in_decoder|rVS_d1                 ; video_in:video_in_decoder|rPixel_Count[0]                                                                          ; TD_CLK27     ; TD_CLK27    ; 0.000        ; 0.050      ; 0.429      ;
; 0.296 ; async_fifo:pixel_capture_fifo|wr_bin[10]         ; async_fifo:pixel_capture_fifo|wr_bin[10]                                                                           ; TD_CLK27     ; TD_CLK27    ; 0.000        ; 0.050      ; 0.430      ;
; 0.296 ; async_fifo:pixel_capture_fifo|wr_bin[5]          ; async_fifo:pixel_capture_fifo|wr_bin[5]                                                                            ; TD_CLK27     ; TD_CLK27    ; 0.000        ; 0.050      ; 0.430      ;
; 0.296 ; video_in:video_in_decoder|rPixel_Count[0]        ; video_in:video_in_decoder|rPixel_Count[1]                                                                          ; TD_CLK27     ; TD_CLK27    ; 0.000        ; 0.050      ; 0.430      ;
; 0.297 ; async_fifo:pixel_capture_fifo|wr_bin[6]          ; async_fifo:pixel_capture_fifo|wr_bin[6]                                                                            ; TD_CLK27     ; TD_CLK27    ; 0.000        ; 0.050      ; 0.431      ;
; 0.297 ; source_x_count[9]                                ; source_x_count[9]                                                                                                  ; TD_CLK27     ; TD_CLK27    ; 0.000        ; 0.041      ; 0.422      ;
; 0.297 ; video_in:video_in_decoder|rHS_d1                 ; video_in:video_in_decoder|rPixel_Count[0]                                                                          ; TD_CLK27     ; TD_CLK27    ; 0.000        ; 0.050      ; 0.431      ;
; 0.298 ; async_fifo:pixel_capture_fifo|wr_bin[0]          ; async_fifo:pixel_capture_fifo|wr_bin[0]                                                                            ; TD_CLK27     ; TD_CLK27    ; 0.000        ; 0.050      ; 0.432      ;
; 0.298 ; source_x_count[5]                                ; source_x_count[5]                                                                                                  ; TD_CLK27     ; TD_CLK27    ; 0.000        ; 0.041      ; 0.423      ;
; 0.298 ; source_x_count[7]                                ; source_x_count[7]                                                                                                  ; TD_CLK27     ; TD_CLK27    ; 0.000        ; 0.041      ; 0.423      ;
; 0.299 ; source_x_count[8]                                ; source_x_count[8]                                                                                                  ; TD_CLK27     ; TD_CLK27    ; 0.000        ; 0.041      ; 0.424      ;
; 0.299 ; source_x_count[3]                                ; source_x_count[3]                                                                                                  ; TD_CLK27     ; TD_CLK27    ; 0.000        ; 0.041      ; 0.424      ;
; 0.300 ; source_x_count[4]                                ; source_x_count[4]                                                                                                  ; TD_CLK27     ; TD_CLK27    ; 0.000        ; 0.041      ; 0.425      ;
; 0.306 ; source_x_count[0]                                ; source_x_count[0]                                                                                                  ; TD_CLK27     ; TD_CLK27    ; 0.000        ; 0.041      ; 0.431      ;
; 0.307 ; source_x_count[6]                                ; source_x_count[6]                                                                                                  ; TD_CLK27     ; TD_CLK27    ; 0.000        ; 0.041      ; 0.432      ;
; 0.325 ; async_fifo:pixel_capture_fifo|rd_gray_sync_1[7]  ; async_fifo:pixel_capture_fifo|rd_gray_sync_2[7]                                                                    ; TD_CLK27     ; TD_CLK27    ; 0.000        ; 0.044      ; 0.453      ;
; 0.325 ; frame_buffer_controller:fb_ctrl|tv_frame_done_d  ; frame_buffer_controller:fb_ctrl|write_select                                                                       ; TD_CLK27     ; TD_CLK27    ; 0.000        ; 0.050      ; 0.459      ;
; 0.326 ; async_fifo:pixel_capture_fifo|rd_gray_sync_1[3]  ; async_fifo:pixel_capture_fifo|rd_gray_sync_2[3]                                                                    ; TD_CLK27     ; TD_CLK27    ; 0.000        ; 0.043      ; 0.453      ;
; 0.332 ; async_fifo:pixel_capture_fifo|rd_gray_sync_1[6]  ; async_fifo:pixel_capture_fifo|rd_gray_sync_2[6]                                                                    ; TD_CLK27     ; TD_CLK27    ; 0.000        ; 0.044      ; 0.460      ;
; 0.335 ; async_fifo:pixel_capture_fifo|rd_gray_sync_1[2]  ; async_fifo:pixel_capture_fifo|rd_gray_sync_2[2]                                                                    ; TD_CLK27     ; TD_CLK27    ; 0.000        ; 0.043      ; 0.462      ;
; 0.338 ; async_fifo:pixel_capture_fifo|rd_gray_sync_1[1]  ; async_fifo:pixel_capture_fifo|rd_gray_sync_2[1]                                                                    ; TD_CLK27     ; TD_CLK27    ; 0.000        ; 0.043      ; 0.465      ;
; 0.344 ; async_fifo:pixel_capture_fifo|rd_gray_sync_1[11] ; async_fifo:pixel_capture_fifo|rd_gray_sync_2[11]                                                                   ; TD_CLK27     ; TD_CLK27    ; 0.000        ; 0.042      ; 0.470      ;
; 0.345 ; async_fifo:pixel_capture_fifo|wr_bin[9]          ; async_fifo:pixel_capture_fifo|altsyncram:mem_rtl_0|altsyncram_69d1:auto_generated|ram_block1a4~porta_address_reg0  ; TD_CLK27     ; TD_CLK27    ; 0.000        ; 0.033      ; 0.482      ;
; 0.346 ; video_in:video_in_decoder|oV_Sync                ; async_fifo:pixel_capture_fifo|altsyncram:mem_rtl_0|altsyncram_69d1:auto_generated|ram_block1a8~porta_datain_reg0   ; TD_CLK27     ; TD_CLK27    ; 0.000        ; 0.034      ; 0.484      ;
; 0.356 ; async_fifo:pixel_capture_fifo|wr_bin[4]          ; async_fifo:pixel_capture_fifo|altsyncram:mem_rtl_0|altsyncram_69d1:auto_generated|ram_block1a4~porta_address_reg0  ; TD_CLK27     ; TD_CLK27    ; 0.000        ; 0.033      ; 0.493      ;
; 0.363 ; async_fifo:pixel_capture_fifo|wr_bin[2]          ; async_fifo:pixel_capture_fifo|altsyncram:mem_rtl_0|altsyncram_69d1:auto_generated|ram_block1a4~porta_address_reg0  ; TD_CLK27     ; TD_CLK27    ; 0.000        ; 0.033      ; 0.500      ;
; 0.363 ; video_in:video_in_decoder|rVS_d1                 ; video_in:video_in_decoder|oVideo_Valid                                                                             ; TD_CLK27     ; TD_CLK27    ; 0.000        ; 0.050      ; 0.497      ;
; 0.364 ; video_in:video_in_decoder|rHS_d2                 ; async_fifo:pixel_capture_fifo|altsyncram:mem_rtl_0|altsyncram_69d1:auto_generated|ram_block1a8~porta_datain_reg0   ; TD_CLK27     ; TD_CLK27    ; 0.000        ; 0.034      ; 0.502      ;
; 0.370 ; async_fifo:pixel_capture_fifo|wr_bin[1]          ; async_fifo:pixel_capture_fifo|altsyncram:mem_rtl_0|altsyncram_69d1:auto_generated|ram_block1a4~porta_address_reg0  ; TD_CLK27     ; TD_CLK27    ; 0.000        ; 0.033      ; 0.507      ;
; 0.378 ; async_fifo:pixel_capture_fifo|wr_bin[6]          ; async_fifo:pixel_capture_fifo|altsyncram:mem_rtl_0|altsyncram_69d1:auto_generated|ram_block1a4~porta_address_reg0  ; TD_CLK27     ; TD_CLK27    ; 0.000        ; 0.033      ; 0.515      ;
; 0.425 ; video_in:video_in_decoder|rHS_d1                 ; video_in:video_in_decoder|oVideo_Valid                                                                             ; TD_CLK27     ; TD_CLK27    ; 0.000        ; 0.050      ; 0.559      ;
; 0.431 ; async_fifo:pixel_capture_fifo|rd_gray_sync_1[9]  ; async_fifo:pixel_capture_fifo|rd_gray_sync_2[9]                                                                    ; TD_CLK27     ; TD_CLK27    ; 0.000        ; 0.046      ; 0.561      ;
; 0.438 ; async_fifo:pixel_capture_fifo|rd_gray_sync_1[8]  ; async_fifo:pixel_capture_fifo|rd_gray_sync_2[8]                                                                    ; TD_CLK27     ; TD_CLK27    ; 0.000        ; 0.046      ; 0.568      ;
; 0.438 ; async_fifo:pixel_capture_fifo|rd_gray_sync_1[10] ; async_fifo:pixel_capture_fifo|rd_gray_sync_2[10]                                                                   ; TD_CLK27     ; TD_CLK27    ; 0.000        ; 0.042      ; 0.564      ;
; 0.439 ; async_fifo:pixel_capture_fifo|wr_bin[1]          ; async_fifo:pixel_capture_fifo|wr_bin[2]                                                                            ; TD_CLK27     ; TD_CLK27    ; 0.000        ; 0.050      ; 0.573      ;
; 0.441 ; source_x_count[1]                                ; source_x_count[2]                                                                                                  ; TD_CLK27     ; TD_CLK27    ; 0.000        ; 0.041      ; 0.566      ;
; 0.445 ; async_fifo:pixel_capture_fifo|wr_bin[5]          ; async_fifo:pixel_capture_fifo|wr_bin[6]                                                                            ; TD_CLK27     ; TD_CLK27    ; 0.000        ; 0.050      ; 0.579      ;
; 0.447 ; source_x_count[7]                                ; source_x_count[8]                                                                                                  ; TD_CLK27     ; TD_CLK27    ; 0.000        ; 0.041      ; 0.572      ;
; 0.447 ; source_x_count[5]                                ; source_x_count[6]                                                                                                  ; TD_CLK27     ; TD_CLK27    ; 0.000        ; 0.041      ; 0.572      ;
; 0.448 ; source_x_count[3]                                ; source_x_count[4]                                                                                                  ; TD_CLK27     ; TD_CLK27    ; 0.000        ; 0.041      ; 0.573      ;
; 0.449 ; async_fifo:pixel_capture_fifo|wr_bin[2]          ; async_fifo:pixel_capture_fifo|wr_bin[3]                                                                            ; TD_CLK27     ; TD_CLK27    ; 0.000        ; 0.050      ; 0.583      ;
; 0.451 ; async_fifo:pixel_capture_fifo|wr_bin[0]          ; async_fifo:pixel_capture_fifo|wr_bin[1]                                                                            ; TD_CLK27     ; TD_CLK27    ; 0.000        ; 0.050      ; 0.585      ;
; 0.451 ; video_in:video_in_decoder|rHS_d2                 ; h_sync_d                                                                                                           ; TD_CLK27     ; TD_CLK27    ; 0.000        ; 0.050      ; 0.585      ;
; 0.453 ; async_fifo:pixel_capture_fifo|wr_bin[8]          ; async_fifo:pixel_capture_fifo|wr_bin[9]                                                                            ; TD_CLK27     ; TD_CLK27    ; 0.000        ; 0.050      ; 0.587      ;
; 0.453 ; source_x_count[0]                                ; source_x_count[1]                                                                                                  ; TD_CLK27     ; TD_CLK27    ; 0.000        ; 0.041      ; 0.578      ;
; 0.453 ; source_x_count[2]                                ; source_x_count[3]                                                                                                  ; TD_CLK27     ; TD_CLK27    ; 0.000        ; 0.041      ; 0.578      ;
; 0.454 ; async_fifo:pixel_capture_fifo|wr_bin[0]          ; async_fifo:pixel_capture_fifo|wr_bin[2]                                                                            ; TD_CLK27     ; TD_CLK27    ; 0.000        ; 0.050      ; 0.588      ;
; 0.455 ; async_fifo:pixel_capture_fifo|wr_bin[6]          ; async_fifo:pixel_capture_fifo|wr_bin[7]                                                                            ; TD_CLK27     ; TD_CLK27    ; 0.000        ; 0.050      ; 0.589      ;
; 0.455 ; video_in:video_in_decoder|rData_d1[1]            ; video_in:video_in_decoder|U[1]                                                                                     ; TD_CLK27     ; TD_CLK27    ; 0.000        ; -0.138     ; 0.401      ;
; 0.456 ; async_fifo:pixel_capture_fifo|wr_bin[8]          ; async_fifo:pixel_capture_fifo|wr_bin[10]                                                                           ; TD_CLK27     ; TD_CLK27    ; 0.000        ; 0.050      ; 0.590      ;
; 0.456 ; video_in:video_in_decoder|oV_Sync                ; frame_buffer_controller:fb_ctrl|write_select                                                                       ; TD_CLK27     ; TD_CLK27    ; 0.000        ; 0.050      ; 0.590      ;
; 0.456 ; source_x_count[0]                                ; source_x_count[2]                                                                                                  ; TD_CLK27     ; TD_CLK27    ; 0.000        ; 0.041      ; 0.581      ;
; 0.456 ; source_x_count[2]                                ; source_x_count[4]                                                                                                  ; TD_CLK27     ; TD_CLK27    ; 0.000        ; 0.041      ; 0.581      ;
; 0.457 ; source_x_count[8]                                ; source_x_count[9]                                                                                                  ; TD_CLK27     ; TD_CLK27    ; 0.000        ; 0.041      ; 0.582      ;
; 0.458 ; source_x_count[4]                                ; source_x_count[5]                                                                                                  ; TD_CLK27     ; TD_CLK27    ; 0.000        ; 0.041      ; 0.583      ;
; 0.460 ; video_in:video_in_decoder|rVS_d1                 ; video_in:video_in_decoder|rPixel_Count[1]                                                                          ; TD_CLK27     ; TD_CLK27    ; 0.000        ; 0.050      ; 0.594      ;
; 0.461 ; async_fifo:pixel_capture_fifo|wr_bin[5]          ; async_fifo:pixel_capture_fifo|altsyncram:mem_rtl_0|altsyncram_69d1:auto_generated|ram_block1a4~porta_address_reg0  ; TD_CLK27     ; TD_CLK27    ; 0.000        ; 0.033      ; 0.598      ;
; 0.461 ; source_x_count[4]                                ; source_x_count[6]                                                                                                  ; TD_CLK27     ; TD_CLK27    ; 0.000        ; 0.041      ; 0.586      ;
; 0.465 ; async_fifo:pixel_capture_fifo|wr_bin[3]          ; async_fifo:pixel_capture_fifo|wr_bin[3]                                                                            ; TD_CLK27     ; TD_CLK27    ; 0.000        ; 0.050      ; 0.599      ;
; 0.465 ; source_x_count[6]                                ; source_x_count[7]                                                                                                  ; TD_CLK27     ; TD_CLK27    ; 0.000        ; 0.041      ; 0.590      ;
; 0.468 ; source_x_count[6]                                ; source_x_count[8]                                                                                                  ; TD_CLK27     ; TD_CLK27    ; 0.000        ; 0.041      ; 0.593      ;
; 0.492 ; async_fifo:pixel_capture_fifo|wr_bin[2]          ; async_fifo:pixel_capture_fifo|altsyncram:mem_rtl_0|altsyncram_69d1:auto_generated|ram_block1a0~porta_address_reg0  ; TD_CLK27     ; TD_CLK27    ; 0.000        ; 0.037      ; 0.633      ;
; 0.493 ; async_fifo:pixel_capture_fifo|wr_bin[9]          ; async_fifo:pixel_capture_fifo|wr_bin[9]                                                                            ; TD_CLK27     ; TD_CLK27    ; 0.000        ; 0.050      ; 0.627      ;
; 0.494 ; video_in:video_in_decoder|rData_d1[7]            ; video_in:video_in_decoder|U[7]                                                                                     ; TD_CLK27     ; TD_CLK27    ; 0.000        ; -0.138     ; 0.440      ;
; 0.497 ; async_fifo:pixel_capture_fifo|wr_bin[2]          ; async_fifo:pixel_capture_fifo|altsyncram:mem_rtl_0|altsyncram_69d1:auto_generated|ram_block1a2~porta_address_reg0  ; TD_CLK27     ; TD_CLK27    ; 0.000        ; 0.033      ; 0.634      ;
; 0.502 ; async_fifo:pixel_capture_fifo|wr_bin[1]          ; async_fifo:pixel_capture_fifo|wr_bin[3]                                                                            ; TD_CLK27     ; TD_CLK27    ; 0.000        ; 0.050      ; 0.636      ;
; 0.504 ; async_fifo:pixel_capture_fifo|wr_bin[7]          ; async_fifo:pixel_capture_fifo|altsyncram:mem_rtl_0|altsyncram_69d1:auto_generated|ram_block1a0~porta_address_reg0  ; TD_CLK27     ; TD_CLK27    ; 0.000        ; 0.037      ; 0.645      ;
; 0.504 ; source_x_count[1]                                ; source_x_count[3]                                                                                                  ; TD_CLK27     ; TD_CLK27    ; 0.000        ; 0.041      ; 0.629      ;
; 0.507 ; async_fifo:pixel_capture_fifo|wr_bin[7]          ; async_fifo:pixel_capture_fifo|wr_bin[9]                                                                            ; TD_CLK27     ; TD_CLK27    ; 0.000        ; 0.050      ; 0.641      ;
; 0.507 ; source_x_count[1]                                ; source_x_count[4]                                                                                                  ; TD_CLK27     ; TD_CLK27    ; 0.000        ; 0.041      ; 0.632      ;
; 0.508 ; async_fifo:pixel_capture_fifo|wr_bin[3]          ; async_fifo:pixel_capture_fifo|altsyncram:mem_rtl_0|altsyncram_69d1:auto_generated|ram_block1a8~porta_address_reg0  ; TD_CLK27     ; TD_CLK27    ; 0.000        ; 0.038      ; 0.650      ;
; 0.508 ; async_fifo:pixel_capture_fifo|wr_bin[5]          ; async_fifo:pixel_capture_fifo|wr_bin[7]                                                                            ; TD_CLK27     ; TD_CLK27    ; 0.000        ; 0.050      ; 0.642      ;
; 0.509 ; async_fifo:pixel_capture_fifo|wr_bin[2]          ; async_fifo:pixel_capture_fifo|altsyncram:mem_rtl_0|altsyncram_69d1:auto_generated|ram_block1a14~porta_address_reg0 ; TD_CLK27     ; TD_CLK27    ; 0.000        ; 0.033      ; 0.646      ;
+-------+--------------------------------------------------+--------------------------------------------------------------------------------------------------------------------+--------------+-------------+--------------+------------+------------+


----------------------------------------------
; Fast 1200mV 0C Model Metastability Summary ;
----------------------------------------------
Design MTBF is not calculated because the design doesn't meet its timing requirements.



+---------------------------------------------------------------------------------+
; Multicorner Timing Analysis Summary                                             ;
+------------------+-----------+-------+----------+---------+---------------------+
; Clock            ; Setup     ; Hold  ; Recovery ; Removal ; Minimum Pulse Width ;
+------------------+-----------+-------+----------+---------+---------------------+
; Worst-case Slack ; -10.464   ; 0.088 ; N/A      ; N/A     ; -3.000              ;
;  CLOCK_50        ; -6.764    ; 0.088 ; N/A      ; N/A     ; -3.000              ;
;  TD_CLK27        ; -10.464   ; 0.173 ; N/A      ; N/A     ; -3.000              ;
; Design-wide TNS  ; -3223.534 ; 0.0   ; 0.0      ; 0.0     ; -1318.83            ;
;  CLOCK_50        ; -2545.298 ; 0.000 ; N/A      ; N/A     ; -1097.367           ;
;  TD_CLK27        ; -678.236  ; 0.000 ; N/A      ; N/A     ; -221.463            ;
+------------------+-----------+-------+----------+---------+---------------------+


+------------------------------------------------------------------------------------------------------------------------------------------------------------------------------------------------------------------------------------------------------------------------------------------------------------------------------------------------------------------------------------------------------------------+
; Board Trace Model Assignments                                                                                                                                                                                                                                                                                                                                                                                    ;
+---------------+--------------+-------------------+-------------------------+-------------------------+---------------+---------------------+----------------+------------------+--------+------------------+------------------------+------------------------+--------------+---------------+-----------------+-------+---------------------+--------------------+---------------+-----------------+-------------+
; Pin           ; I/O Standard ; Near Tline Length ; Near Tline L per Length ; Near Tline C per Length ; Near Series R ; Near Differential R ; Near Pull-up R ; Near Pull-down R ; Near C ; Far Tline Length ; Far Tline L per Length ; Far Tline C per Length ; Far Series R ; Far Pull-up R ; Far Pull-down R ; Far C ; Termination Voltage ; Far Differential R ; EBD File Name ; EBD Signal Name ; EBD Far-end ;
+---------------+--------------+-------------------+-------------------------+-------------------------+---------------+---------------------+----------------+------------------+--------+------------------+------------------------+------------------------+--------------+---------------+-----------------+-------+---------------------+--------------------+---------------+-----------------+-------------+
; VGA_R[0]      ; 3.3-V LVTTL  ; 0 in              ; 0 H/in                  ; 0 F/in                  ; short         ; -                   ; open           ; open             ; open   ; 0 in             ; 0 H/in                 ; 0 F/in                 ; short        ; open          ; open            ; open  ; 0 V                 ; -                  ; n/a           ; n/a             ; n/a         ;
; VGA_R[1]      ; 3.3-V LVTTL  ; 0 in              ; 0 H/in                  ; 0 F/in                  ; short         ; -                   ; open           ; open             ; open   ; 0 in             ; 0 H/in                 ; 0 F/in                 ; short        ; open          ; open            ; open  ; 0 V                 ; -                  ; n/a           ; n/a             ; n/a         ;
; VGA_R[2]      ; 3.3-V LVTTL  ; 0 in              ; 0 H/in                  ; 0 F/in                  ; short         ; -                   ; open           ; open             ; open   ; 0 in             ; 0 H/in                 ; 0 F/in                 ; short        ; open          ; open            ; open  ; 0 V                 ; -                  ; n/a           ; n/a             ; n/a         ;
; VGA_R[3]      ; 3.3-V LVTTL  ; 0 in              ; 0 H/in                  ; 0 F/in                  ; short         ; -                   ; open           ; open             ; open   ; 0 in             ; 0 H/in                 ; 0 F/in                 ; short        ; open          ; open            ; open  ; 0 V                 ; -                  ; n/a           ; n/a             ; n/a         ;
; VGA_R[4]      ; 3.3-V LVTTL  ; 0 in              ; 0 H/in                  ; 0 F/in                  ; short         ; -                   ; open           ; open             ; open   ; 0 in             ; 0 H/in                 ; 0 F/in                 ; short        ; open          ; open            ; open  ; 0 V                 ; -                  ; n/a           ; n/a             ; n/a         ;
; VGA_R[5]      ; 3.3-V LVTTL  ; 0 in              ; 0 H/in                  ; 0 F/in                  ; short         ; -                   ; open           ; open             ; open   ; 0 in             ; 0 H/in                 ; 0 F/in                 ; short        ; open          ; open            ; open  ; 0 V                 ; -                  ; n/a           ; n/a             ; n/a         ;
; VGA_R[6]      ; 3.3-V LVTTL  ; 0 in              ; 0 H/in                  ; 0 F/in                  ; short         ; -                   ; open           ; open             ; open   ; 0 in             ; 0 H/in                 ; 0 F/in                 ; short        ; open          ; open            ; open  ; 0 V                 ; -                  ; n/a           ; n/a             ; n/a         ;
; VGA_R[7]      ; 3.3-V LVTTL  ; 0 in              ; 0 H/in                  ; 0 F/in                  ; short         ; -                   ; open           ; open             ; open   ; 0 in             ; 0 H/in                 ; 0 F/in                 ; short        ; open          ; open            ; open  ; 0 V                 ; -                  ; n/a           ; n/a             ; n/a         ;
; VGA_G[0]      ; 3.3-V LVTTL  ; 0 in              ; 0 H/in                  ; 0 F/in                  ; short         ; -                   ; open           ; open             ; open   ; 0 in             ; 0 H/in                 ; 0 F/in                 ; short        ; open          ; open            ; open  ; 0 V                 ; -                  ; n/a           ; n/a             ; n/a         ;
; VGA_G[1]      ; 3.3-V LVTTL  ; 0 in              ; 0 H/in                  ; 0 F/in                  ; short         ; -                   ; open           ; open             ; open   ; 0 in             ; 0 H/in                 ; 0 F/in                 ; short        ; open          ; open            ; open  ; 0 V                 ; -                  ; n/a           ; n/a             ; n/a         ;
; VGA_G[2]      ; 3.3-V LVTTL  ; 0 in              ; 0 H/in                  ; 0 F/in                  ; short         ; -                   ; open           ; open             ; open   ; 0 in             ; 0 H/in                 ; 0 F/in                 ; short        ; open          ; open            ; open  ; 0 V                 ; -                  ; n/a           ; n/a             ; n/a         ;
; VGA_G[3]      ; 3.3-V LVTTL  ; 0 in              ; 0 H/in                  ; 0 F/in                  ; short         ; -                   ; open           ; open             ; open   ; 0 in             ; 0 H/in                 ; 0 F/in                 ; short        ; open          ; open            ; open  ; 0 V                 ; -                  ; n/a           ; n/a             ; n/a         ;
; VGA_G[4]      ; 3.3-V LVTTL  ; 0 in              ; 0 H/in                  ; 0 F/in                  ; short         ; -                   ; open           ; open             ; open   ; 0 in             ; 0 H/in                 ; 0 F/in                 ; short        ; open          ; open            ; open  ; 0 V                 ; -                  ; n/a           ; n/a             ; n/a         ;
; VGA_G[5]      ; 3.3-V LVTTL  ; 0 in              ; 0 H/in                  ; 0 F/in                  ; short         ; -                   ; open           ; open             ; open   ; 0 in             ; 0 H/in                 ; 0 F/in                 ; short        ; open          ; open            ; open  ; 0 V                 ; -                  ; n/a           ; n/a             ; n/a         ;
; VGA_G[6]      ; 3.3-V LVTTL  ; 0 in              ; 0 H/in                  ; 0 F/in                  ; short         ; -                   ; open           ; open             ; open   ; 0 in             ; 0 H/in                 ; 0 F/in                 ; short        ; open          ; open            ; open  ; 0 V                 ; -                  ; n/a           ; n/a             ; n/a         ;
; VGA_G[7]      ; 3.3-V LVTTL  ; 0 in              ; 0 H/in                  ; 0 F/in                  ; short         ; -                   ; open           ; open             ; open   ; 0 in             ; 0 H/in                 ; 0 F/in                 ; short        ; open          ; open            ; open  ; 0 V                 ; -                  ; n/a           ; n/a             ; n/a         ;
; VGA_B[0]      ; 3.3-V LVTTL  ; 0 in              ; 0 H/in                  ; 0 F/in                  ; short         ; -                   ; open           ; open             ; open   ; 0 in             ; 0 H/in                 ; 0 F/in                 ; short        ; open          ; open            ; open  ; 0 V                 ; -                  ; n/a           ; n/a             ; n/a         ;
; VGA_B[1]      ; 3.3-V LVTTL  ; 0 in              ; 0 H/in                  ; 0 F/in                  ; short         ; -                   ; open           ; open             ; open   ; 0 in             ; 0 H/in                 ; 0 F/in                 ; short        ; open          ; open            ; open  ; 0 V                 ; -                  ; n/a           ; n/a             ; n/a         ;
; VGA_B[2]      ; 3.3-V LVTTL  ; 0 in              ; 0 H/in                  ; 0 F/in                  ; short         ; -                   ; open           ; open             ; open   ; 0 in             ; 0 H/in                 ; 0 F/in                 ; short        ; open          ; open            ; open  ; 0 V                 ; -                  ; n/a           ; n/a             ; n/a         ;
; VGA_B[3]      ; 3.3-V LVTTL  ; 0 in              ; 0 H/in                  ; 0 F/in                  ; short         ; -                   ; open           ; open             ; open   ; 0 in             ; 0 H/in                 ; 0 F/in                 ; short        ; open          ; open            ; open  ; 0 V                 ; -                  ; n/a           ; n/a             ; n/a         ;
; VGA_B[4]      ; 3.3-V LVTTL  ; 0 in              ; 0 H/in                  ; 0 F/in                  ; short         ; -                   ; open           ; open             ; open   ; 0 in             ; 0 H/in                 ; 0 F/in                 ; short        ; open          ; open            ; open  ; 0 V                 ; -                  ; n/a           ; n/a             ; n/a         ;
; VGA_B[5]      ; 3.3-V LVTTL  ; 0 in              ; 0 H/in                  ; 0 F/in                  ; short         ; -                   ; open           ; open             ; open   ; 0 in             ; 0 H/in                 ; 0 F/in                 ; short        ; open          ; open            ; open  ; 0 V                 ; -                  ; n/a           ; n/a             ; n/a         ;
; VGA_B[6]      ; 3.3-V LVTTL  ; 0 in              ; 0 H/in                  ; 0 F/in                  ; short         ; -                   ; open           ; open             ; open   ; 0 in             ; 0 H/in                 ; 0 F/in                 ; short        ; open          ; open            ; open  ; 0 V                 ; -                  ; n/a           ; n/a             ; n/a         ;
; VGA_B[7]      ; 3.3-V LVTTL  ; 0 in              ; 0 H/in                  ; 0 F/in                  ; short         ; -                   ; open           ; open             ; open   ; 0 in             ; 0 H/in                 ; 0 F/in                 ; short        ; open          ; open            ; open  ; 0 V                 ; -                  ; n/a           ; n/a             ; n/a         ;
; VGA_CLK       ; 3.3-V LVTTL  ; 0 in              ; 0 H/in                  ; 0 F/in                  ; short         ; -                   ; open           ; open             ; open   ; 0 in             ; 0 H/in                 ; 0 F/in                 ; short        ; open          ; open            ; open  ; 0 V                 ; -                  ; n/a           ; n/a             ; n/a         ;
; VGA_HS        ; 3.3-V LVTTL  ; 0 in              ; 0 H/in                  ; 0 F/in                  ; short         ; -                   ; open           ; open             ; open   ; 0 in             ; 0 H/in                 ; 0 F/in                 ; short        ; open          ; open            ; open  ; 0 V                 ; -                  ; n/a           ; n/a             ; n/a         ;
; VGA_VS        ; 3.3-V LVTTL  ; 0 in              ; 0 H/in                  ; 0 F/in                  ; short         ; -                   ; open           ; open             ; open   ; 0 in             ; 0 H/in                 ; 0 F/in                 ; short        ; open          ; open            ; open  ; 0 V                 ; -                  ; n/a           ; n/a             ; n/a         ;
; VGA_BLANK_N   ; 3.3-V LVTTL  ; 0 in              ; 0 H/in                  ; 0 F/in                  ; short         ; -                   ; open           ; open             ; open   ; 0 in             ; 0 H/in                 ; 0 F/in                 ; short        ; open          ; open            ; open  ; 0 V                 ; -                  ; n/a           ; n/a             ; n/a         ;
; VGA_SYNC_N    ; 3.3-V LVTTL  ; 0 in              ; 0 H/in                  ; 0 F/in                  ; short         ; -                   ; open           ; open             ; open   ; 0 in             ; 0 H/in                 ; 0 F/in                 ; short        ; open          ; open            ; open  ; 0 V                 ; -                  ; n/a           ; n/a             ; n/a         ;
; TD_RESET_N    ; 3.3-V LVTTL  ; 0 in              ; 0 H/in                  ; 0 F/in                  ; short         ; -                   ; open           ; open             ; open   ; 0 in             ; 0 H/in                 ; 0 F/in                 ; short        ; open          ; open            ; open  ; 0 V                 ; -                  ; n/a           ; n/a             ; n/a         ;
; LEDR[0]       ; 2.5 V        ; 0 in              ; 0 H/in                  ; 0 F/in                  ; short         ; -                   ; open           ; open             ; open   ; 0 in             ; 0 H/in                 ; 0 F/in                 ; short        ; open          ; open            ; open  ; 0 V                 ; -                  ; n/a           ; n/a             ; n/a         ;
; LEDR[1]       ; 2.5 V        ; 0 in              ; 0 H/in                  ; 0 F/in                  ; short         ; -                   ; open           ; open             ; open   ; 0 in             ; 0 H/in                 ; 0 F/in                 ; short        ; open          ; open            ; open  ; 0 V                 ; -                  ; n/a           ; n/a             ; n/a         ;
; LEDR[2]       ; 2.5 V        ; 0 in              ; 0 H/in                  ; 0 F/in                  ; short         ; -                   ; open           ; open             ; open   ; 0 in             ; 0 H/in                 ; 0 F/in                 ; short        ; open          ; open            ; open  ; 0 V                 ; -                  ; n/a           ; n/a             ; n/a         ;
; LEDR[3]       ; 2.5 V        ; 0 in              ; 0 H/in                  ; 0 F/in                  ; short         ; -                   ; open           ; open             ; open   ; 0 in             ; 0 H/in                 ; 0 F/in                 ; short        ; open          ; open            ; open  ; 0 V                 ; -                  ; n/a           ; n/a             ; n/a         ;
; LEDR[4]       ; 2.5 V        ; 0 in              ; 0 H/in                  ; 0 F/in                  ; short         ; -                   ; open           ; open             ; open   ; 0 in             ; 0 H/in                 ; 0 F/in                 ; short        ; open          ; open            ; open  ; 0 V                 ; -                  ; n/a           ; n/a             ; n/a         ;
; LEDR[5]       ; 2.5 V        ; 0 in              ; 0 H/in                  ; 0 F/in                  ; short         ; -                   ; open           ; open             ; open   ; 0 in             ; 0 H/in                 ; 0 F/in                 ; short        ; open          ; open            ; open  ; 0 V                 ; -                  ; n/a           ; n/a             ; n/a         ;
; LEDR[6]       ; 2.5 V        ; 0 in              ; 0 H/in                  ; 0 F/in                  ; short         ; -                   ; open           ; open             ; open   ; 0 in             ; 0 H/in                 ; 0 F/in                 ; short        ; open          ; open            ; open  ; 0 V                 ; -                  ; n/a           ; n/a             ; n/a         ;
; LEDR[7]       ; 2.5 V        ; 0 in              ; 0 H/in                  ; 0 F/in                  ; short         ; -                   ; open           ; open             ; open   ; 0 in             ; 0 H/in                 ; 0 F/in                 ; short        ; open          ; open            ; open  ; 0 V                 ; -                  ; n/a           ; n/a             ; n/a         ;
; LEDG[0]       ; 2.5 V        ; 0 in              ; 0 H/in                  ; 0 F/in                  ; short         ; -                   ; open           ; open             ; open   ; 0 in             ; 0 H/in                 ; 0 F/in                 ; short        ; open          ; open            ; open  ; 0 V                 ; -                  ; n/a           ; n/a             ; n/a         ;
; LEDG[1]       ; 2.5 V        ; 0 in              ; 0 H/in                  ; 0 F/in                  ; short         ; -                   ; open           ; open             ; open   ; 0 in             ; 0 H/in                 ; 0 F/in                 ; short        ; open          ; open            ; open  ; 0 V                 ; -                  ; n/a           ; n/a             ; n/a         ;
; LEDG[2]       ; 2.5 V        ; 0 in              ; 0 H/in                  ; 0 F/in                  ; short         ; -                   ; open           ; open             ; open   ; 0 in             ; 0 H/in                 ; 0 F/in                 ; short        ; open          ; open            ; open  ; 0 V                 ; -                  ; n/a           ; n/a             ; n/a         ;
; LEDG[3]       ; 2.5 V        ; 0 in              ; 0 H/in                  ; 0 F/in                  ; short         ; -                   ; open           ; open             ; open   ; 0 in             ; 0 H/in                 ; 0 F/in                 ; short        ; open          ; open            ; open  ; 0 V                 ; -                  ; n/a           ; n/a             ; n/a         ;
; LEDG[4]       ; 2.5 V        ; 0 in              ; 0 H/in                  ; 0 F/in                  ; short         ; -                   ; open           ; open             ; open   ; 0 in             ; 0 H/in                 ; 0 F/in                 ; short        ; open          ; open            ; open  ; 0 V                 ; -                  ; n/a           ; n/a             ; n/a         ;
; LEDG[5]       ; 2.5 V        ; 0 in              ; 0 H/in                  ; 0 F/in                  ; short         ; -                   ; open           ; open             ; open   ; 0 in             ; 0 H/in                 ; 0 F/in                 ; short        ; open          ; open            ; open  ; 0 V                 ; -                  ; n/a           ; n/a             ; n/a         ;
; LEDG[6]       ; 2.5 V        ; 0 in              ; 0 H/in                  ; 0 F/in                  ; short         ; -                   ; open           ; open             ; open   ; 0 in             ; 0 H/in                 ; 0 F/in                 ; short        ; open          ; open            ; open  ; 0 V                 ; -                  ; n/a           ; n/a             ; n/a         ;
; LEDG[7]       ; 2.5 V        ; 0 in              ; 0 H/in                  ; 0 F/in                  ; short         ; -                   ; open           ; open             ; open   ; 0 in             ; 0 H/in                 ; 0 F/in                 ; short        ; open          ; open            ; open  ; 0 V                 ; -                  ; n/a           ; n/a             ; n/a         ;
; LEDG[8]       ; 2.5 V        ; 0 in              ; 0 H/in                  ; 0 F/in                  ; short         ; -                   ; open           ; open             ; open   ; 0 in             ; 0 H/in                 ; 0 F/in                 ; short        ; open          ; open            ; open  ; 0 V                 ; -                  ; n/a           ; n/a             ; n/a         ;
; DRAM_CKE      ; 3.3-V LVTTL  ; 0 in              ; 0 H/in                  ; 0 F/in                  ; short         ; -                   ; open           ; open             ; open   ; 0 in             ; 0 H/in                 ; 0 F/in                 ; short        ; open          ; open            ; open  ; 0 V                 ; -                  ; n/a           ; n/a             ; n/a         ;
; DRAM_CS_N     ; 3.3-V LVTTL  ; 0 in              ; 0 H/in                  ; 0 F/in                  ; short         ; -                   ; open           ; open             ; open   ; 0 in             ; 0 H/in                 ; 0 F/in                 ; short        ; open          ; open            ; open  ; 0 V                 ; -                  ; n/a           ; n/a             ; n/a         ;
; DRAM_RAS_N    ; 3.3-V LVTTL  ; 0 in              ; 0 H/in                  ; 0 F/in                  ; short         ; -                   ; open           ; open             ; open   ; 0 in             ; 0 H/in                 ; 0 F/in                 ; short        ; open          ; open            ; open  ; 0 V                 ; -                  ; n/a           ; n/a             ; n/a         ;
; DRAM_CAS_N    ; 3.3-V LVTTL  ; 0 in              ; 0 H/in                  ; 0 F/in                  ; short         ; -                   ; open           ; open             ; open   ; 0 in             ; 0 H/in                 ; 0 F/in                 ; short        ; open          ; open            ; open  ; 0 V                 ; -                  ; n/a           ; n/a             ; n/a         ;
; DRAM_WE_N     ; 3.3-V LVTTL  ; 0 in              ; 0 H/in                  ; 0 F/in                  ; short         ; -                   ; open           ; open             ; open   ; 0 in             ; 0 H/in                 ; 0 F/in                 ; short        ; open          ; open            ; open  ; 0 V                 ; -                  ; n/a           ; n/a             ; n/a         ;
; DRAM_BA[0]    ; 3.3-V LVTTL  ; 0 in              ; 0 H/in                  ; 0 F/in                  ; short         ; -                   ; open           ; open             ; open   ; 0 in             ; 0 H/in                 ; 0 F/in                 ; short        ; open          ; open            ; open  ; 0 V                 ; -                  ; n/a           ; n/a             ; n/a         ;
; DRAM_BA[1]    ; 3.3-V LVTTL  ; 0 in              ; 0 H/in                  ; 0 F/in                  ; short         ; -                   ; open           ; open             ; open   ; 0 in             ; 0 H/in                 ; 0 F/in                 ; short        ; open          ; open            ; open  ; 0 V                 ; -                  ; n/a           ; n/a             ; n/a         ;
; DRAM_ADDR[0]  ; 3.3-V LVTTL  ; 0 in              ; 0 H/in                  ; 0 F/in                  ; short         ; -                   ; open           ; open             ; open   ; 0 in             ; 0 H/in                 ; 0 F/in                 ; short        ; open          ; open            ; open  ; 0 V                 ; -                  ; n/a           ; n/a             ; n/a         ;
; DRAM_ADDR[1]  ; 3.3-V LVTTL  ; 0 in              ; 0 H/in                  ; 0 F/in                  ; short         ; -                   ; open           ; open             ; open   ; 0 in             ; 0 H/in                 ; 0 F/in                 ; short        ; open          ; open            ; open  ; 0 V                 ; -                  ; n/a           ; n/a             ; n/a         ;
; DRAM_ADDR[2]  ; 3.3-V LVTTL  ; 0 in              ; 0 H/in                  ; 0 F/in                  ; short         ; -                   ; open           ; open             ; open   ; 0 in             ; 0 H/in                 ; 0 F/in                 ; short        ; open          ; open            ; open  ; 0 V                 ; -                  ; n/a           ; n/a             ; n/a         ;
; DRAM_ADDR[3]  ; 3.3-V LVTTL  ; 0 in              ; 0 H/in                  ; 0 F/in                  ; short         ; -                   ; open           ; open             ; open   ; 0 in             ; 0 H/in                 ; 0 F/in                 ; short        ; open          ; open            ; open  ; 0 V                 ; -                  ; n/a           ; n/a             ; n/a         ;
; DRAM_ADDR[4]  ; 3.3-V LVTTL  ; 0 in              ; 0 H/in                  ; 0 F/in                  ; short         ; -                   ; open           ; open             ; open   ; 0 in             ; 0 H/in                 ; 0 F/in                 ; short        ; open          ; open            ; open  ; 0 V                 ; -                  ; n/a           ; n/a             ; n/a         ;
; DRAM_ADDR[5]  ; 3.3-V LVTTL  ; 0 in              ; 0 H/in                  ; 0 F/in                  ; short         ; -                   ; open           ; open             ; open   ; 0 in             ; 0 H/in                 ; 0 F/in                 ; short        ; open          ; open            ; open  ; 0 V                 ; -                  ; n/a           ; n/a             ; n/a         ;
; DRAM_ADDR[6]  ; 3.3-V LVTTL  ; 0 in              ; 0 H/in                  ; 0 F/in                  ; short         ; -                   ; open           ; open             ; open   ; 0 in             ; 0 H/in                 ; 0 F/in                 ; short        ; open          ; open            ; open  ; 0 V                 ; -                  ; n/a           ; n/a             ; n/a         ;
; DRAM_ADDR[7]  ; 3.3-V LVTTL  ; 0 in              ; 0 H/in                  ; 0 F/in                  ; short         ; -                   ; open           ; open             ; open   ; 0 in             ; 0 H/in                 ; 0 F/in                 ; short        ; open          ; open            ; open  ; 0 V                 ; -                  ; n/a           ; n/a             ; n/a         ;
; DRAM_ADDR[8]  ; 3.3-V LVTTL  ; 0 in              ; 0 H/in                  ; 0 F/in                  ; short         ; -                   ; open           ; open             ; open   ; 0 in             ; 0 H/in                 ; 0 F/in                 ; short        ; open          ; open            ; open  ; 0 V                 ; -                  ; n/a           ; n/a             ; n/a         ;
; DRAM_ADDR[9]  ; 3.3-V LVTTL  ; 0 in              ; 0 H/in                  ; 0 F/in                  ; short         ; -                   ; open           ; open             ; open   ; 0 in             ; 0 H/in                 ; 0 F/in                 ; short        ; open          ; open            ; open  ; 0 V                 ; -                  ; n/a           ; n/a             ; n/a         ;
; DRAM_ADDR[10] ; 3.3-V LVTTL  ; 0 in              ; 0 H/in                  ; 0 F/in                  ; short         ; -                   ; open           ; open             ; open   ; 0 in             ; 0 H/in                 ; 0 F/in                 ; short        ; open          ; open            ; open  ; 0 V                 ; -                  ; n/a           ; n/a             ; n/a         ;
; DRAM_ADDR[11] ; 3.3-V LVTTL  ; 0 in              ; 0 H/in                  ; 0 F/in                  ; short         ; -                   ; open           ; open             ; open   ; 0 in             ; 0 H/in                 ; 0 F/in                 ; short        ; open          ; open            ; open  ; 0 V                 ; -                  ; n/a           ; n/a             ; n/a         ;
; DRAM_ADDR[12] ; 3.3-V LVTTL  ; 0 in              ; 0 H/in                  ; 0 F/in                  ; short         ; -                   ; open           ; open             ; open   ; 0 in             ; 0 H/in                 ; 0 F/in                 ; short        ; open          ; open            ; open  ; 0 V                 ; -                  ; n/a           ; n/a             ; n/a         ;
; DRAM_DQM[0]   ; 3.3-V LVTTL  ; 0 in              ; 0 H/in                  ; 0 F/in                  ; short         ; -                   ; open           ; open             ; open   ; 0 in             ; 0 H/in                 ; 0 F/in                 ; short        ; open          ; open            ; open  ; 0 V                 ; -                  ; n/a           ; n/a             ; n/a         ;
; DRAM_DQM[1]   ; 3.3-V LVTTL  ; 0 in              ; 0 H/in                  ; 0 F/in                  ; short         ; -                   ; open           ; open             ; open   ; 0 in             ; 0 H/in                 ; 0 F/in                 ; short        ; open          ; open            ; open  ; 0 V                 ; -                  ; n/a           ; n/a             ; n/a         ;
; DRAM_DQ[0]    ; 3.3-V LVTTL  ; 0 in              ; 0 H/in                  ; 0 F/in                  ; short         ; -                   ; open           ; open             ; open   ; 0 in             ; 0 H/in                 ; 0 F/in                 ; short        ; open          ; open            ; open  ; 0 V                 ; -                  ; n/a           ; n/a             ; n/a         ;
; DRAM_DQ[1]    ; 3.3-V LVTTL  ; 0 in              ; 0 H/in                  ; 0 F/in                  ; short         ; -                   ; open           ; open             ; open   ; 0 in             ; 0 H/in                 ; 0 F/in                 ; short        ; open          ; open            ; open  ; 0 V                 ; -                  ; n/a           ; n/a             ; n/a         ;
; DRAM_DQ[2]    ; 3.3-V LVTTL  ; 0 in              ; 0 H/in                  ; 0 F/in                  ; short         ; -                   ; open           ; open             ; open   ; 0 in             ; 0 H/in                 ; 0 F/in                 ; short        ; open          ; open            ; open  ; 0 V                 ; -                  ; n/a           ; n/a             ; n/a         ;
; DRAM_DQ[3]    ; 3.3-V LVTTL  ; 0 in              ; 0 H/in                  ; 0 F/in                  ; short         ; -                   ; open           ; open             ; open   ; 0 in             ; 0 H/in                 ; 0 F/in                 ; short        ; open          ; open            ; open  ; 0 V                 ; -                  ; n/a           ; n/a             ; n/a         ;
; DRAM_DQ[4]    ; 3.3-V LVTTL  ; 0 in              ; 0 H/in                  ; 0 F/in                  ; short         ; -                   ; open           ; open             ; open   ; 0 in             ; 0 H/in                 ; 0 F/in                 ; short        ; open          ; open            ; open  ; 0 V                 ; -                  ; n/a           ; n/a             ; n/a         ;
; DRAM_DQ[5]    ; 3.3-V LVTTL  ; 0 in              ; 0 H/in                  ; 0 F/in                  ; short         ; -                   ; open           ; open             ; open   ; 0 in             ; 0 H/in                 ; 0 F/in                 ; short        ; open          ; open            ; open  ; 0 V                 ; -                  ; n/a           ; n/a             ; n/a         ;
; DRAM_DQ[6]    ; 3.3-V LVTTL  ; 0 in              ; 0 H/in                  ; 0 F/in                  ; short         ; -                   ; open           ; open             ; open   ; 0 in             ; 0 H/in                 ; 0 F/in                 ; short        ; open          ; open            ; open  ; 0 V                 ; -                  ; n/a           ; n/a             ; n/a         ;
; DRAM_DQ[7]    ; 3.3-V LVTTL  ; 0 in              ; 0 H/in                  ; 0 F/in                  ; short         ; -                   ; open           ; open             ; open   ; 0 in             ; 0 H/in                 ; 0 F/in                 ; short        ; open          ; open            ; open  ; 0 V                 ; -                  ; n/a           ; n/a             ; n/a         ;
; DRAM_DQ[8]    ; 3.3-V LVTTL  ; 0 in              ; 0 H/in                  ; 0 F/in                  ; short         ; -                   ; open           ; open             ; open   ; 0 in             ; 0 H/in                 ; 0 F/in                 ; short        ; open          ; open            ; open  ; 0 V                 ; -                  ; n/a           ; n/a             ; n/a         ;
; DRAM_DQ[9]    ; 3.3-V LVTTL  ; 0 in              ; 0 H/in                  ; 0 F/in                  ; short         ; -                   ; open           ; open             ; open   ; 0 in             ; 0 H/in                 ; 0 F/in                 ; short        ; open          ; open            ; open  ; 0 V                 ; -                  ; n/a           ; n/a             ; n/a         ;
; DRAM_DQ[10]   ; 3.3-V LVTTL  ; 0 in              ; 0 H/in                  ; 0 F/in                  ; short         ; -                   ; open           ; open             ; open   ; 0 in             ; 0 H/in                 ; 0 F/in                 ; short        ; open          ; open            ; open  ; 0 V                 ; -                  ; n/a           ; n/a             ; n/a         ;
; DRAM_DQ[11]   ; 3.3-V LVTTL  ; 0 in              ; 0 H/in                  ; 0 F/in                  ; short         ; -                   ; open           ; open             ; open   ; 0 in             ; 0 H/in                 ; 0 F/in                 ; short        ; open          ; open            ; open  ; 0 V                 ; -                  ; n/a           ; n/a             ; n/a         ;
; DRAM_DQ[12]   ; 3.3-V LVTTL  ; 0 in              ; 0 H/in                  ; 0 F/in                  ; short         ; -                   ; open           ; open             ; open   ; 0 in             ; 0 H/in                 ; 0 F/in                 ; short        ; open          ; open            ; open  ; 0 V                 ; -                  ; n/a           ; n/a             ; n/a         ;
; DRAM_DQ[13]   ; 3.3-V LVTTL  ; 0 in              ; 0 H/in                  ; 0 F/in                  ; short         ; -                   ; open           ; open             ; open   ; 0 in             ; 0 H/in                 ; 0 F/in                 ; short        ; open          ; open            ; open  ; 0 V                 ; -                  ; n/a           ; n/a             ; n/a         ;
; DRAM_DQ[14]   ; 3.3-V LVTTL  ; 0 in              ; 0 H/in                  ; 0 F/in                  ; short         ; -                   ; open           ; open             ; open   ; 0 in             ; 0 H/in                 ; 0 F/in                 ; short        ; open          ; open            ; open  ; 0 V                 ; -                  ; n/a           ; n/a             ; n/a         ;
; DRAM_DQ[15]   ; 3.3-V LVTTL  ; 0 in              ; 0 H/in                  ; 0 F/in                  ; short         ; -                   ; open           ; open             ; open   ; 0 in             ; 0 H/in                 ; 0 F/in                 ; short        ; open          ; open            ; open  ; 0 V                 ; -                  ; n/a           ; n/a             ; n/a         ;
; ~ALTERA_DCLK~ ; 3.3-V LVTTL  ; 0 in              ; 0 H/in                  ; 0 F/in                  ; short         ; -                   ; open           ; open             ; open   ; 0 in             ; 0 H/in                 ; 0 F/in                 ; short        ; open          ; open            ; open  ; 0 V                 ; -                  ; n/a           ; n/a             ; n/a         ;
; ~ALTERA_nCEO~ ; 2.5 V        ; 0 in              ; 0 H/in                  ; 0 F/in                  ; short         ; -                   ; open           ; open             ; open   ; 0 in             ; 0 H/in                 ; 0 F/in                 ; short        ; open          ; open            ; open  ; 0 V                 ; -                  ; n/a           ; n/a             ; n/a         ;
+---------------+--------------+-------------------+-------------------------+-------------------------+---------------+---------------------+----------------+------------------+--------+------------------+------------------------+------------------------+--------------+---------------+-----------------+-------+---------------------+--------------------+---------------+-----------------+-------------+


+----------------------------------------------------------------------------+
; Input Transition Times                                                     ;
+-------------------------+--------------+-----------------+-----------------+
; Pin                     ; I/O Standard ; 10-90 Rise Time ; 90-10 Fall Time ;
+-------------------------+--------------+-----------------+-----------------+
; SW[1]                   ; 2.5 V        ; 2000 ps         ; 2000 ps         ;
; SW[2]                   ; 2.5 V        ; 2000 ps         ; 2000 ps         ;
; SW[3]                   ; 2.5 V        ; 2000 ps         ; 2000 ps         ;
; SW[4]                   ; 2.5 V        ; 2000 ps         ; 2000 ps         ;
; SW[5]                   ; 2.5 V        ; 2000 ps         ; 2000 ps         ;
; SW[6]                   ; 2.5 V        ; 2000 ps         ; 2000 ps         ;
; SW[7]                   ; 2.5 V        ; 2000 ps         ; 2000 ps         ;
; DRAM_DQ[0]              ; 3.3-V LVTTL  ; 2640 ps         ; 2640 ps         ;
; DRAM_DQ[1]              ; 3.3-V LVTTL  ; 2640 ps         ; 2640 ps         ;
; DRAM_DQ[2]              ; 3.3-V LVTTL  ; 2640 ps         ; 2640 ps         ;
; DRAM_DQ[3]              ; 3.3-V LVTTL  ; 2640 ps         ; 2640 ps         ;
; DRAM_DQ[4]              ; 3.3-V LVTTL  ; 2640 ps         ; 2640 ps         ;
; DRAM_DQ[5]              ; 3.3-V LVTTL  ; 2640 ps         ; 2640 ps         ;
; DRAM_DQ[6]              ; 3.3-V LVTTL  ; 2640 ps         ; 2640 ps         ;
; DRAM_DQ[7]              ; 3.3-V LVTTL  ; 2640 ps         ; 2640 ps         ;
; DRAM_DQ[8]              ; 3.3-V LVTTL  ; 2640 ps         ; 2640 ps         ;
; DRAM_DQ[9]              ; 3.3-V LVTTL  ; 2640 ps         ; 2640 ps         ;
; DRAM_DQ[10]             ; 3.3-V LVTTL  ; 2640 ps         ; 2640 ps         ;
; DRAM_DQ[11]             ; 3.3-V LVTTL  ; 2640 ps         ; 2640 ps         ;
; DRAM_DQ[12]             ; 3.3-V LVTTL  ; 2640 ps         ; 2640 ps         ;
; DRAM_DQ[13]             ; 3.3-V LVTTL  ; 2640 ps         ; 2640 ps         ;
; DRAM_DQ[14]             ; 3.3-V LVTTL  ; 2640 ps         ; 2640 ps         ;
; DRAM_DQ[15]             ; 3.3-V LVTTL  ; 2640 ps         ; 2640 ps         ;
; KEY[0]                  ; 2.5 V        ; 2000 ps         ; 2000 ps         ;
; TD_DATA[0]              ; 3.3-V LVTTL  ; 2640 ps         ; 2640 ps         ;
; TD_DATA[1]              ; 3.3-V LVTTL  ; 2640 ps         ; 2640 ps         ;
; TD_DATA[2]              ; 3.3-V LVTTL  ; 2640 ps         ; 2640 ps         ;
; TD_DATA[3]              ; 3.3-V LVTTL  ; 2640 ps         ; 2640 ps         ;
; TD_DATA[4]              ; 3.3-V LVTTL  ; 2640 ps         ; 2640 ps         ;
; TD_DATA[5]              ; 3.3-V LVTTL  ; 2640 ps         ; 2640 ps         ;
; TD_DATA[6]              ; 3.3-V LVTTL  ; 2640 ps         ; 2640 ps         ;
; TD_DATA[7]              ; 3.3-V LVTTL  ; 2640 ps         ; 2640 ps         ;
; CLOCK_50                ; 3.3-V LVTTL  ; 2640 ps         ; 2640 ps         ;
; SW[0]                   ; 2.5 V        ; 2000 ps         ; 2000 ps         ;
; TD_CLK27                ; 3.3-V LVTTL  ; 2640 ps         ; 2640 ps         ;
; TD_HS                   ; 3.3-V LVTTL  ; 2640 ps         ; 2640 ps         ;
; TD_VS                   ; 3.3-V LVTTL  ; 2640 ps         ; 2640 ps         ;
; ~ALTERA_ASDO_DATA1~     ; 3.3-V LVTTL  ; 2640 ps         ; 2640 ps         ;
; ~ALTERA_FLASH_nCE_nCSO~ ; 3.3-V LVTTL  ; 2640 ps         ; 2640 ps         ;
; ~ALTERA_DATA0~          ; 3.3-V LVTTL  ; 2640 ps         ; 2640 ps         ;
+-------------------------+--------------+-----------------+-----------------+


+--------------------------------------------------------------------------------------------------------------------------------------------------------------------------------------------------------------------------------------------------------------------------------------------------------------------------------------------------------------------------------------------------------------------------------------------------------------------------------------------------------------------------------------------------------------------------------------------------------------------------------------------------------------------------------------------+
; Signal Integrity Metrics (Slow 1200mv 0c Model)                                                                                                                                                                                                                                                                                                                                                                                                                                                                                                                                                                                                                                            ;
+---------------+--------------+---------------------+---------------------+------------------------------+------------------------------+---------------------+---------------------+--------------------------------------+--------------------------------------+-----------------------------+-----------------------------+----------------------------+----------------------------+-----------------------------+-----------------------------+--------------------+--------------------+-------------------------------------+-------------------------------------+----------------------------+----------------------------+---------------------------+---------------------------+
; Pin           ; I/O Standard ; Board Delay on Rise ; Board Delay on Fall ; Steady State Voh at FPGA Pin ; Steady State Vol at FPGA Pin ; Voh Max at FPGA Pin ; Vol Min at FPGA Pin ; Ringback Voltage on Rise at FPGA Pin ; Ringback Voltage on Fall at FPGA Pin ; 10-90 Rise Time at FPGA Pin ; 90-10 Fall Time at FPGA Pin ; Monotonic Rise at FPGA Pin ; Monotonic Fall at FPGA Pin ; Steady State Voh at Far-end ; Steady State Vol at Far-end ; Voh Max at Far-end ; Vol Min at Far-end ; Ringback Voltage on Rise at Far-end ; Ringback Voltage on Fall at Far-end ; 10-90 Rise Time at Far-end ; 90-10 Fall Time at Far-end ; Monotonic Rise at Far-end ; Monotonic Fall at Far-end ;
+---------------+--------------+---------------------+---------------------+------------------------------+------------------------------+---------------------+---------------------+--------------------------------------+--------------------------------------+-----------------------------+-----------------------------+----------------------------+----------------------------+-----------------------------+-----------------------------+--------------------+--------------------+-------------------------------------+-------------------------------------+----------------------------+----------------------------+---------------------------+---------------------------+
; VGA_R[0]      ; 3.3-V LVTTL  ; 0 s                 ; 0 s                 ; 3.08 V                       ; 1.58e-08 V                   ; 3.13 V              ; -0.117 V            ; 0.143 V                              ; 0.259 V                              ; 6.22e-10 s                  ; 4.46e-10 s                  ; No                         ; No                         ; 3.08 V                      ; 1.58e-08 V                  ; 3.13 V             ; -0.117 V           ; 0.143 V                             ; 0.259 V                             ; 6.22e-10 s                 ; 4.46e-10 s                 ; No                        ; No                        ;
; VGA_R[1]      ; 3.3-V LVTTL  ; 0 s                 ; 0 s                 ; 3.08 V                       ; 1.58e-08 V                   ; 3.13 V              ; -0.117 V            ; 0.143 V                              ; 0.259 V                              ; 6.22e-10 s                  ; 4.46e-10 s                  ; No                         ; No                         ; 3.08 V                      ; 1.58e-08 V                  ; 3.13 V             ; -0.117 V           ; 0.143 V                             ; 0.259 V                             ; 6.22e-10 s                 ; 4.46e-10 s                 ; No                        ; No                        ;
; VGA_R[2]      ; 3.3-V LVTTL  ; 0 s                 ; 0 s                 ; 3.08 V                       ; 1.58e-08 V                   ; 3.13 V              ; -0.117 V            ; 0.143 V                              ; 0.259 V                              ; 6.22e-10 s                  ; 4.46e-10 s                  ; No                         ; No                         ; 3.08 V                      ; 1.58e-08 V                  ; 3.13 V             ; -0.117 V           ; 0.143 V                             ; 0.259 V                             ; 6.22e-10 s                 ; 4.46e-10 s                 ; No                        ; No                        ;
; VGA_R[3]      ; 3.3-V LVTTL  ; 0 s                 ; 0 s                 ; 3.08 V                       ; 1.58e-08 V                   ; 3.13 V              ; -0.117 V            ; 0.143 V                              ; 0.259 V                              ; 6.22e-10 s                  ; 4.46e-10 s                  ; No                         ; No                         ; 3.08 V                      ; 1.58e-08 V                  ; 3.13 V             ; -0.117 V           ; 0.143 V                             ; 0.259 V                             ; 6.22e-10 s                 ; 4.46e-10 s                 ; No                        ; No                        ;
; VGA_R[4]      ; 3.3-V LVTTL  ; 0 s                 ; 0 s                 ; 3.08 V                       ; 1.58e-08 V                   ; 3.13 V              ; -0.117 V            ; 0.143 V                              ; 0.259 V                              ; 6.22e-10 s                  ; 4.46e-10 s                  ; No                         ; No                         ; 3.08 V                      ; 1.58e-08 V                  ; 3.13 V             ; -0.117 V           ; 0.143 V                             ; 0.259 V                             ; 6.22e-10 s                 ; 4.46e-10 s                 ; No                        ; No                        ;
; VGA_R[5]      ; 3.3-V LVTTL  ; 0 s                 ; 0 s                 ; 3.08 V                       ; 1.58e-08 V                   ; 3.13 V              ; -0.117 V            ; 0.143 V                              ; 0.259 V                              ; 6.22e-10 s                  ; 4.46e-10 s                  ; No                         ; No                         ; 3.08 V                      ; 1.58e-08 V                  ; 3.13 V             ; -0.117 V           ; 0.143 V                             ; 0.259 V                             ; 6.22e-10 s                 ; 4.46e-10 s                 ; No                        ; No                        ;
; VGA_R[6]      ; 3.3-V LVTTL  ; 0 s                 ; 0 s                 ; 3.08 V                       ; 1.58e-08 V                   ; 3.13 V              ; -0.117 V            ; 0.143 V                              ; 0.259 V                              ; 6.22e-10 s                  ; 4.46e-10 s                  ; No                         ; No                         ; 3.08 V                      ; 1.58e-08 V                  ; 3.13 V             ; -0.117 V           ; 0.143 V                             ; 0.259 V                             ; 6.22e-10 s                 ; 4.46e-10 s                 ; No                        ; No                        ;
; VGA_R[7]      ; 3.3-V LVTTL  ; 0 s                 ; 0 s                 ; 3.08 V                       ; 1.58e-08 V                   ; 3.13 V              ; -0.117 V            ; 0.143 V                              ; 0.259 V                              ; 6.22e-10 s                  ; 4.46e-10 s                  ; No                         ; No                         ; 3.08 V                      ; 1.58e-08 V                  ; 3.13 V             ; -0.117 V           ; 0.143 V                             ; 0.259 V                             ; 6.22e-10 s                 ; 4.46e-10 s                 ; No                        ; No                        ;
; VGA_G[0]      ; 3.3-V LVTTL  ; 0 s                 ; 0 s                 ; 3.08 V                       ; 1.58e-08 V                   ; 3.13 V              ; -0.117 V            ; 0.143 V                              ; 0.259 V                              ; 6.22e-10 s                  ; 4.46e-10 s                  ; No                         ; No                         ; 3.08 V                      ; 1.58e-08 V                  ; 3.13 V             ; -0.117 V           ; 0.143 V                             ; 0.259 V                             ; 6.22e-10 s                 ; 4.46e-10 s                 ; No                        ; No                        ;
; VGA_G[1]      ; 3.3-V LVTTL  ; 0 s                 ; 0 s                 ; 3.08 V                       ; 1.58e-08 V                   ; 3.13 V              ; -0.117 V            ; 0.143 V                              ; 0.259 V                              ; 6.22e-10 s                  ; 4.46e-10 s                  ; No                         ; No                         ; 3.08 V                      ; 1.58e-08 V                  ; 3.13 V             ; -0.117 V           ; 0.143 V                             ; 0.259 V                             ; 6.22e-10 s                 ; 4.46e-10 s                 ; No                        ; No                        ;
; VGA_G[2]      ; 3.3-V LVTTL  ; 0 s                 ; 0 s                 ; 3.08 V                       ; 1.58e-08 V                   ; 3.13 V              ; -0.117 V            ; 0.143 V                              ; 0.259 V                              ; 6.22e-10 s                  ; 4.46e-10 s                  ; No                         ; No                         ; 3.08 V                      ; 1.58e-08 V                  ; 3.13 V             ; -0.117 V           ; 0.143 V                             ; 0.259 V                             ; 6.22e-10 s                 ; 4.46e-10 s                 ; No                        ; No                        ;
; VGA_G[3]      ; 3.3-V LVTTL  ; 0 s                 ; 0 s                 ; 3.08 V                       ; 1.58e-08 V                   ; 3.13 V              ; -0.117 V            ; 0.143 V                              ; 0.259 V                              ; 6.22e-10 s                  ; 4.46e-10 s                  ; No                         ; No                         ; 3.08 V                      ; 1.58e-08 V                  ; 3.13 V             ; -0.117 V           ; 0.143 V                             ; 0.259 V                             ; 6.22e-10 s                 ; 4.46e-10 s                 ; No                        ; No                        ;
; VGA_G[4]      ; 3.3-V LVTTL  ; 0 s                 ; 0 s                 ; 3.08 V                       ; 1.58e-08 V                   ; 3.13 V              ; -0.117 V            ; 0.143 V                              ; 0.259 V                              ; 6.22e-10 s                  ; 4.46e-10 s                  ; No                         ; No                         ; 3.08 V                      ; 1.58e-08 V                  ; 3.13 V             ; -0.117 V           ; 0.143 V                             ; 0.259 V                             ; 6.22e-10 s                 ; 4.46e-10 s                 ; No                        ; No                        ;
; VGA_G[5]      ; 3.3-V LVTTL  ; 0 s                 ; 0 s                 ; 3.08 V                       ; 1.58e-08 V                   ; 3.13 V              ; -0.117 V            ; 0.143 V                              ; 0.259 V                              ; 6.22e-10 s                  ; 4.46e-10 s                  ; No                         ; No                         ; 3.08 V                      ; 1.58e-08 V                  ; 3.13 V             ; -0.117 V           ; 0.143 V                             ; 0.259 V                             ; 6.22e-10 s                 ; 4.46e-10 s                 ; No                        ; No                        ;
; VGA_G[6]      ; 3.3-V LVTTL  ; 0 s                 ; 0 s                 ; 3.08 V                       ; 1.58e-08 V                   ; 3.13 V              ; -0.117 V            ; 0.143 V                              ; 0.259 V                              ; 6.22e-10 s                  ; 4.46e-10 s                  ; No                         ; No                         ; 3.08 V                      ; 1.58e-08 V                  ; 3.13 V             ; -0.117 V           ; 0.143 V                             ; 0.259 V                             ; 6.22e-10 s                 ; 4.46e-10 s                 ; No                        ; No                        ;
; VGA_G[7]      ; 3.3-V LVTTL  ; 0 s                 ; 0 s                 ; 3.08 V                       ; 1.58e-08 V                   ; 3.13 V              ; -0.117 V            ; 0.143 V                              ; 0.259 V                              ; 6.22e-10 s                  ; 4.46e-10 s                  ; No                         ; No                         ; 3.08 V                      ; 1.58e-08 V                  ; 3.13 V             ; -0.117 V           ; 0.143 V                             ; 0.259 V                             ; 6.22e-10 s                 ; 4.46e-10 s                 ; No                        ; No                        ;
; VGA_B[0]      ; 3.3-V LVTTL  ; 0 s                 ; 0 s                 ; 3.08 V                       ; 1.58e-08 V                   ; 3.13 V              ; -0.117 V            ; 0.143 V                              ; 0.259 V                              ; 6.22e-10 s                  ; 4.46e-10 s                  ; No                         ; No                         ; 3.08 V                      ; 1.58e-08 V                  ; 3.13 V             ; -0.117 V           ; 0.143 V                             ; 0.259 V                             ; 6.22e-10 s                 ; 4.46e-10 s                 ; No                        ; No                        ;
; VGA_B[1]      ; 3.3-V LVTTL  ; 0 s                 ; 0 s                 ; 3.08 V                       ; 1.58e-08 V                   ; 3.13 V              ; -0.117 V            ; 0.143 V                              ; 0.259 V                              ; 6.22e-10 s                  ; 4.46e-10 s                  ; No                         ; No                         ; 3.08 V                      ; 1.58e-08 V                  ; 3.13 V             ; -0.117 V           ; 0.143 V                             ; 0.259 V                             ; 6.22e-10 s                 ; 4.46e-10 s                 ; No                        ; No                        ;
; VGA_B[2]      ; 3.3-V LVTTL  ; 0 s                 ; 0 s                 ; 3.08 V                       ; 1.58e-08 V                   ; 3.13 V              ; -0.117 V            ; 0.143 V                              ; 0.259 V                              ; 6.22e-10 s                  ; 4.46e-10 s                  ; No                         ; No                         ; 3.08 V                      ; 1.58e-08 V                  ; 3.13 V             ; -0.117 V           ; 0.143 V                             ; 0.259 V                             ; 6.22e-10 s                 ; 4.46e-10 s                 ; No                        ; No                        ;
; VGA_B[3]      ; 3.3-V LVTTL  ; 0 s                 ; 0 s                 ; 3.08 V                       ; 1.58e-08 V                   ; 3.13 V              ; -0.117 V            ; 0.143 V                              ; 0.259 V                              ; 6.22e-10 s                  ; 4.46e-10 s                  ; No                         ; No                         ; 3.08 V                      ; 1.58e-08 V                  ; 3.13 V             ; -0.117 V           ; 0.143 V                             ; 0.259 V                             ; 6.22e-10 s                 ; 4.46e-10 s                 ; No                        ; No                        ;
; VGA_B[4]      ; 3.3-V LVTTL  ; 0 s                 ; 0 s                 ; 3.08 V                       ; 1.58e-08 V                   ; 3.13 V              ; -0.117 V            ; 0.143 V                              ; 0.259 V                              ; 6.22e-10 s                  ; 4.46e-10 s                  ; No                         ; No                         ; 3.08 V                      ; 1.58e-08 V                  ; 3.13 V             ; -0.117 V           ; 0.143 V                             ; 0.259 V                             ; 6.22e-10 s                 ; 4.46e-10 s                 ; No                        ; No                        ;
; VGA_B[5]      ; 3.3-V LVTTL  ; 0 s                 ; 0 s                 ; 3.08 V                       ; 1.58e-08 V                   ; 3.13 V              ; -0.117 V            ; 0.143 V                              ; 0.259 V                              ; 6.22e-10 s                  ; 4.46e-10 s                  ; No                         ; No                         ; 3.08 V                      ; 1.58e-08 V                  ; 3.13 V             ; -0.117 V           ; 0.143 V                             ; 0.259 V                             ; 6.22e-10 s                 ; 4.46e-10 s                 ; No                        ; No                        ;
; VGA_B[6]      ; 3.3-V LVTTL  ; 0 s                 ; 0 s                 ; 3.08 V                       ; 1.58e-08 V                   ; 3.13 V              ; -0.117 V            ; 0.143 V                              ; 0.259 V                              ; 6.22e-10 s                  ; 4.46e-10 s                  ; No                         ; No                         ; 3.08 V                      ; 1.58e-08 V                  ; 3.13 V             ; -0.117 V           ; 0.143 V                             ; 0.259 V                             ; 6.22e-10 s                 ; 4.46e-10 s                 ; No                        ; No                        ;
; VGA_B[7]      ; 3.3-V LVTTL  ; 0 s                 ; 0 s                 ; 3.08 V                       ; 1.58e-08 V                   ; 3.13 V              ; -0.117 V            ; 0.143 V                              ; 0.259 V                              ; 6.22e-10 s                  ; 4.46e-10 s                  ; No                         ; No                         ; 3.08 V                      ; 1.58e-08 V                  ; 3.13 V             ; -0.117 V           ; 0.143 V                             ; 0.259 V                             ; 6.22e-10 s                 ; 4.46e-10 s                 ; No                        ; No                        ;
; VGA_CLK       ; 3.3-V LVTTL  ; 0 s                 ; 0 s                 ; 3.08 V                       ; 1.58e-08 V                   ; 3.13 V              ; -0.117 V            ; 0.143 V                              ; 0.259 V                              ; 6.22e-10 s                  ; 4.46e-10 s                  ; No                         ; No                         ; 3.08 V                      ; 1.58e-08 V                  ; 3.13 V             ; -0.117 V           ; 0.143 V                             ; 0.259 V                             ; 6.22e-10 s                 ; 4.46e-10 s                 ; No                        ; No                        ;
; VGA_HS        ; 3.3-V LVTTL  ; 0 s                 ; 0 s                 ; 3.08 V                       ; 1.58e-08 V                   ; 3.13 V              ; -0.117 V            ; 0.143 V                              ; 0.259 V                              ; 6.22e-10 s                  ; 4.46e-10 s                  ; No                         ; No                         ; 3.08 V                      ; 1.58e-08 V                  ; 3.13 V             ; -0.117 V           ; 0.143 V                             ; 0.259 V                             ; 6.22e-10 s                 ; 4.46e-10 s                 ; No                        ; No                        ;
; VGA_VS        ; 3.3-V LVTTL  ; 0 s                 ; 0 s                 ; 3.08 V                       ; 1.58e-08 V                   ; 3.13 V              ; -0.117 V            ; 0.143 V                              ; 0.259 V                              ; 6.22e-10 s                  ; 4.46e-10 s                  ; No                         ; No                         ; 3.08 V                      ; 1.58e-08 V                  ; 3.13 V             ; -0.117 V           ; 0.143 V                             ; 0.259 V                             ; 6.22e-10 s                 ; 4.46e-10 s                 ; No                        ; No                        ;
; VGA_BLANK_N   ; 3.3-V LVTTL  ; 0 s                 ; 0 s                 ; 3.08 V                       ; 1.58e-08 V                   ; 3.13 V              ; -0.117 V            ; 0.143 V                              ; 0.259 V                              ; 6.22e-10 s                  ; 4.46e-10 s                  ; No                         ; No                         ; 3.08 V                      ; 1.58e-08 V                  ; 3.13 V             ; -0.117 V           ; 0.143 V                             ; 0.259 V                             ; 6.22e-10 s                 ; 4.46e-10 s                 ; No                        ; No                        ;
; VGA_SYNC_N    ; 3.3-V LVTTL  ; 0 s                 ; 0 s                 ; 3.08 V                       ; 1.58e-08 V                   ; 3.13 V              ; -0.117 V            ; 0.143 V                              ; 0.259 V                              ; 6.22e-10 s                  ; 4.46e-10 s                  ; No                         ; No                         ; 3.08 V                      ; 1.58e-08 V                  ; 3.13 V             ; -0.117 V           ; 0.143 V                             ; 0.259 V                             ; 6.22e-10 s                 ; 4.46e-10 s                 ; No                        ; No                        ;
; TD_RESET_N    ; 3.3-V LVTTL  ; 0 s                 ; 0 s                 ; 3.08 V                       ; 1.58e-08 V                   ; 3.13 V              ; -0.117 V            ; 0.143 V                              ; 0.259 V                              ; 6.22e-10 s                  ; 4.46e-10 s                  ; No                         ; No                         ; 3.08 V                      ; 1.58e-08 V                  ; 3.13 V             ; -0.117 V           ; 0.143 V                             ; 0.259 V                             ; 6.22e-10 s                 ; 4.46e-10 s                 ; No                        ; No                        ;
; LEDR[0]       ; 2.5 V        ; 0 s                 ; 0 s                 ; 2.32 V                       ; 4.49e-09 V                   ; 2.38 V              ; -0.00552 V          ; 0.096 V                              ; 0.019 V                              ; 4.18e-10 s                  ; 3.59e-10 s                  ; No                         ; Yes                        ; 2.32 V                      ; 4.49e-09 V                  ; 2.38 V             ; -0.00552 V         ; 0.096 V                             ; 0.019 V                             ; 4.18e-10 s                 ; 3.59e-10 s                 ; No                        ; Yes                       ;
; LEDR[1]       ; 2.5 V        ; 0 s                 ; 0 s                 ; 2.32 V                       ; 4.49e-09 V                   ; 2.38 V              ; -0.00552 V          ; 0.096 V                              ; 0.019 V                              ; 4.18e-10 s                  ; 3.59e-10 s                  ; No                         ; Yes                        ; 2.32 V                      ; 4.49e-09 V                  ; 2.38 V             ; -0.00552 V         ; 0.096 V                             ; 0.019 V                             ; 4.18e-10 s                 ; 3.59e-10 s                 ; No                        ; Yes                       ;
; LEDR[2]       ; 2.5 V        ; 0 s                 ; 0 s                 ; 2.32 V                       ; 4.49e-09 V                   ; 2.38 V              ; -0.00552 V          ; 0.096 V                              ; 0.019 V                              ; 4.18e-10 s                  ; 3.59e-10 s                  ; No                         ; Yes                        ; 2.32 V                      ; 4.49e-09 V                  ; 2.38 V             ; -0.00552 V         ; 0.096 V                             ; 0.019 V                             ; 4.18e-10 s                 ; 3.59e-10 s                 ; No                        ; Yes                       ;
; LEDR[3]       ; 2.5 V        ; 0 s                 ; 0 s                 ; 2.32 V                       ; 4.49e-09 V                   ; 2.38 V              ; -0.00552 V          ; 0.096 V                              ; 0.019 V                              ; 4.18e-10 s                  ; 3.59e-10 s                  ; No                         ; Yes                        ; 2.32 V                      ; 4.49e-09 V                  ; 2.38 V             ; -0.00552 V         ; 0.096 V                             ; 0.019 V                             ; 4.18e-10 s                 ; 3.59e-10 s                 ; No                        ; Yes                       ;
; LEDR[4]       ; 2.5 V        ; 0 s                 ; 0 s                 ; 2.32 V                       ; 4.49e-09 V                   ; 2.38 V              ; -0.00552 V          ; 0.096 V                              ; 0.019 V                              ; 4.18e-10 s                  ; 3.59e-10 s                  ; No                         ; Yes                        ; 2.32 V                      ; 4.49e-09 V                  ; 2.38 V             ; -0.00552 V         ; 0.096 V                             ; 0.019 V                             ; 4.18e-10 s                 ; 3.59e-10 s                 ; No                        ; Yes                       ;
; LEDR[5]       ; 2.5 V        ; 0 s                 ; 0 s                 ; 2.32 V                       ; 4.49e-09 V                   ; 2.38 V              ; -0.00552 V          ; 0.096 V                              ; 0.019 V                              ; 4.18e-10 s                  ; 3.59e-10 s                  ; No                         ; Yes                        ; 2.32 V                      ; 4.49e-09 V                  ; 2.38 V             ; -0.00552 V         ; 0.096 V                             ; 0.019 V                             ; 4.18e-10 s                 ; 3.59e-10 s                 ; No                        ; Yes                       ;
; LEDR[6]       ; 2.5 V        ; 0 s                 ; 0 s                 ; 2.32 V                       ; 4.49e-09 V                   ; 2.38 V              ; -0.00552 V          ; 0.096 V                              ; 0.019 V                              ; 4.18e-10 s                  ; 3.59e-10 s                  ; No                         ; Yes                        ; 2.32 V                      ; 4.49e-09 V                  ; 2.38 V             ; -0.00552 V         ; 0.096 V                             ; 0.019 V                             ; 4.18e-10 s                 ; 3.59e-10 s                 ; No                        ; Yes                       ;
; LEDR[7]       ; 2.5 V        ; 0 s                 ; 0 s                 ; 2.32 V                       ; 4.49e-09 V                   ; 2.38 V              ; -0.00552 V          ; 0.096 V                              ; 0.019 V                              ; 4.18e-10 s                  ; 3.59e-10 s                  ; No                         ; Yes                        ; 2.32 V                      ; 4.49e-09 V                  ; 2.38 V             ; -0.00552 V         ; 0.096 V                             ; 0.019 V                             ; 4.18e-10 s                 ; 3.59e-10 s                 ; No                        ; Yes                       ;
; LEDG[0]       ; 2.5 V        ; 0 s                 ; 0 s                 ; 2.32 V                       ; 4.49e-09 V                   ; 2.38 V              ; -0.00552 V          ; 0.096 V                              ; 0.019 V                              ; 4.18e-10 s                  ; 3.59e-10 s                  ; No                         ; Yes                        ; 2.32 V                      ; 4.49e-09 V                  ; 2.38 V             ; -0.00552 V         ; 0.096 V                             ; 0.019 V                             ; 4.18e-10 s                 ; 3.59e-10 s                 ; No                        ; Yes                       ;
; LEDG[1]       ; 2.5 V        ; 0 s                 ; 0 s                 ; 2.32 V                       ; 4.49e-09 V                   ; 2.38 V              ; -0.00552 V          ; 0.096 V                              ; 0.019 V                              ; 4.18e-10 s                  ; 3.59e-10 s                  ; No                         ; Yes                        ; 2.32 V                      ; 4.49e-09 V                  ; 2.38 V             ; -0.00552 V         ; 0.096 V                             ; 0.019 V                             ; 4.18e-10 s                 ; 3.59e-10 s                 ; No                        ; Yes                       ;
; LEDG[2]       ; 2.5 V        ; 0 s                 ; 0 s                 ; 2.32 V                       ; 4.49e-09 V                   ; 2.38 V              ; -0.00552 V          ; 0.096 V                              ; 0.019 V                              ; 4.18e-10 s                  ; 3.59e-10 s                  ; No                         ; Yes                        ; 2.32 V                      ; 4.49e-09 V                  ; 2.38 V             ; -0.00552 V         ; 0.096 V                             ; 0.019 V                             ; 4.18e-10 s                 ; 3.59e-10 s                 ; No                        ; Yes                       ;
; LEDG[3]       ; 2.5 V        ; 0 s                 ; 0 s                 ; 2.32 V                       ; 4.49e-09 V                   ; 2.38 V              ; -0.00552 V          ; 0.096 V                              ; 0.019 V                              ; 4.18e-10 s                  ; 3.59e-10 s                  ; No                         ; Yes                        ; 2.32 V                      ; 4.49e-09 V                  ; 2.38 V             ; -0.00552 V         ; 0.096 V                             ; 0.019 V                             ; 4.18e-10 s                 ; 3.59e-10 s                 ; No                        ; Yes                       ;
; LEDG[4]       ; 2.5 V        ; 0 s                 ; 0 s                 ; 2.32 V                       ; 4.49e-09 V                   ; 2.38 V              ; -0.00552 V          ; 0.096 V                              ; 0.019 V                              ; 4.18e-10 s                  ; 3.59e-10 s                  ; No                         ; Yes                        ; 2.32 V                      ; 4.49e-09 V                  ; 2.38 V             ; -0.00552 V         ; 0.096 V                             ; 0.019 V                             ; 4.18e-10 s                 ; 3.59e-10 s                 ; No                        ; Yes                       ;
; LEDG[5]       ; 2.5 V        ; 0 s                 ; 0 s                 ; 2.32 V                       ; 4.49e-09 V                   ; 2.38 V              ; -0.00552 V          ; 0.096 V                              ; 0.019 V                              ; 4.18e-10 s                  ; 3.59e-10 s                  ; No                         ; Yes                        ; 2.32 V                      ; 4.49e-09 V                  ; 2.38 V             ; -0.00552 V         ; 0.096 V                             ; 0.019 V                             ; 4.18e-10 s                 ; 3.59e-10 s                 ; No                        ; Yes                       ;
; LEDG[6]       ; 2.5 V        ; 0 s                 ; 0 s                 ; 2.32 V                       ; 4.49e-09 V                   ; 2.38 V              ; -0.00552 V          ; 0.096 V                              ; 0.019 V                              ; 4.18e-10 s                  ; 3.59e-10 s                  ; No                         ; Yes                        ; 2.32 V                      ; 4.49e-09 V                  ; 2.38 V             ; -0.00552 V         ; 0.096 V                             ; 0.019 V                             ; 4.18e-10 s                 ; 3.59e-10 s                 ; No                        ; Yes                       ;
; LEDG[7]       ; 2.5 V        ; 0 s                 ; 0 s                 ; 2.32 V                       ; 4.49e-09 V                   ; 2.38 V              ; -0.00552 V          ; 0.096 V                              ; 0.019 V                              ; 4.18e-10 s                  ; 3.59e-10 s                  ; No                         ; Yes                        ; 2.32 V                      ; 4.49e-09 V                  ; 2.38 V             ; -0.00552 V         ; 0.096 V                             ; 0.019 V                             ; 4.18e-10 s                 ; 3.59e-10 s                 ; No                        ; Yes                       ;
; LEDG[8]       ; 2.5 V        ; 0 s                 ; 0 s                 ; 2.32 V                       ; 4.49e-09 V                   ; 2.38 V              ; -0.00552 V          ; 0.096 V                              ; 0.019 V                              ; 4.18e-10 s                  ; 3.59e-10 s                  ; No                         ; Yes                        ; 2.32 V                      ; 4.49e-09 V                  ; 2.38 V             ; -0.00552 V         ; 0.096 V                             ; 0.019 V                             ; 4.18e-10 s                 ; 3.59e-10 s                 ; No                        ; Yes                       ;
; DRAM_CKE      ; 3.3-V LVTTL  ; 0 s                 ; 0 s                 ; 3.08 V                       ; 1.11e-08 V                   ; 3.13 V              ; -0.0798 V           ; 0.192 V                              ; 0.22 V                               ; 8.68e-10 s                  ; 6.46e-10 s                  ; No                         ; No                         ; 3.08 V                      ; 1.11e-08 V                  ; 3.13 V             ; -0.0798 V          ; 0.192 V                             ; 0.22 V                              ; 8.68e-10 s                 ; 6.46e-10 s                 ; No                        ; No                        ;
; DRAM_CS_N     ; 3.3-V LVTTL  ; 0 s                 ; 0 s                 ; 3.08 V                       ; 1.11e-08 V                   ; 3.13 V              ; -0.0798 V           ; 0.192 V                              ; 0.22 V                               ; 8.68e-10 s                  ; 6.46e-10 s                  ; No                         ; No                         ; 3.08 V                      ; 1.11e-08 V                  ; 3.13 V             ; -0.0798 V          ; 0.192 V                             ; 0.22 V                              ; 8.68e-10 s                 ; 6.46e-10 s                 ; No                        ; No                        ;
; DRAM_RAS_N    ; 3.3-V LVTTL  ; 0 s                 ; 0 s                 ; 3.08 V                       ; 1.11e-08 V                   ; 3.13 V              ; -0.0798 V           ; 0.192 V                              ; 0.22 V                               ; 8.68e-10 s                  ; 6.46e-10 s                  ; No                         ; No                         ; 3.08 V                      ; 1.11e-08 V                  ; 3.13 V             ; -0.0798 V          ; 0.192 V                             ; 0.22 V                              ; 8.68e-10 s                 ; 6.46e-10 s                 ; No                        ; No                        ;
; DRAM_CAS_N    ; 3.3-V LVTTL  ; 0 s                 ; 0 s                 ; 3.08 V                       ; 1.11e-08 V                   ; 3.13 V              ; -0.0798 V           ; 0.192 V                              ; 0.22 V                               ; 8.68e-10 s                  ; 6.46e-10 s                  ; No                         ; No                         ; 3.08 V                      ; 1.11e-08 V                  ; 3.13 V             ; -0.0798 V          ; 0.192 V                             ; 0.22 V                              ; 8.68e-10 s                 ; 6.46e-10 s                 ; No                        ; No                        ;
; DRAM_WE_N     ; 3.3-V LVTTL  ; 0 s                 ; 0 s                 ; 3.08 V                       ; 1.11e-08 V                   ; 3.13 V              ; -0.0798 V           ; 0.192 V                              ; 0.22 V                               ; 8.68e-10 s                  ; 6.46e-10 s                  ; No                         ; No                         ; 3.08 V                      ; 1.11e-08 V                  ; 3.13 V             ; -0.0798 V          ; 0.192 V                             ; 0.22 V                              ; 8.68e-10 s                 ; 6.46e-10 s                 ; No                        ; No                        ;
; DRAM_BA[0]    ; 3.3-V LVTTL  ; 0 s                 ; 0 s                 ; 3.08 V                       ; 1.11e-08 V                   ; 3.14 V              ; -0.118 V            ; 0.311 V                              ; 0.245 V                              ; 5.04e-10 s                  ; 4.36e-10 s                  ; No                         ; No                         ; 3.08 V                      ; 1.11e-08 V                  ; 3.14 V             ; -0.118 V           ; 0.311 V                             ; 0.245 V                             ; 5.04e-10 s                 ; 4.36e-10 s                 ; No                        ; No                        ;
; DRAM_BA[1]    ; 3.3-V LVTTL  ; 0 s                 ; 0 s                 ; 3.08 V                       ; 1.11e-08 V                   ; 3.13 V              ; -0.0798 V           ; 0.192 V                              ; 0.22 V                               ; 8.68e-10 s                  ; 6.46e-10 s                  ; No                         ; No                         ; 3.08 V                      ; 1.11e-08 V                  ; 3.13 V             ; -0.0798 V          ; 0.192 V                             ; 0.22 V                              ; 8.68e-10 s                 ; 6.46e-10 s                 ; No                        ; No                        ;
; DRAM_ADDR[0]  ; 3.3-V LVTTL  ; 0 s                 ; 0 s                 ; 3.08 V                       ; 1.11e-08 V                   ; 3.13 V              ; -0.0798 V           ; 0.192 V                              ; 0.22 V                               ; 8.68e-10 s                  ; 6.46e-10 s                  ; No                         ; No                         ; 3.08 V                      ; 1.11e-08 V                  ; 3.13 V             ; -0.0798 V          ; 0.192 V                             ; 0.22 V                              ; 8.68e-10 s                 ; 6.46e-10 s                 ; No                        ; No                        ;
; DRAM_ADDR[1]  ; 3.3-V LVTTL  ; 0 s                 ; 0 s                 ; 3.08 V                       ; 1.11e-08 V                   ; 3.13 V              ; -0.0798 V           ; 0.192 V                              ; 0.22 V                               ; 8.68e-10 s                  ; 6.46e-10 s                  ; No                         ; No                         ; 3.08 V                      ; 1.11e-08 V                  ; 3.13 V             ; -0.0798 V          ; 0.192 V                             ; 0.22 V                              ; 8.68e-10 s                 ; 6.46e-10 s                 ; No                        ; No                        ;
; DRAM_ADDR[2]  ; 3.3-V LVTTL  ; 0 s                 ; 0 s                 ; 3.08 V                       ; 1.11e-08 V                   ; 3.14 V              ; -0.118 V            ; 0.311 V                              ; 0.245 V                              ; 5.04e-10 s                  ; 4.36e-10 s                  ; No                         ; No                         ; 3.08 V                      ; 1.11e-08 V                  ; 3.14 V             ; -0.118 V           ; 0.311 V                             ; 0.245 V                             ; 5.04e-10 s                 ; 4.36e-10 s                 ; No                        ; No                        ;
; DRAM_ADDR[3]  ; 3.3-V LVTTL  ; 0 s                 ; 0 s                 ; 3.08 V                       ; 1.11e-08 V                   ; 3.13 V              ; -0.0798 V           ; 0.192 V                              ; 0.22 V                               ; 8.68e-10 s                  ; 6.46e-10 s                  ; No                         ; No                         ; 3.08 V                      ; 1.11e-08 V                  ; 3.13 V             ; -0.0798 V          ; 0.192 V                             ; 0.22 V                              ; 8.68e-10 s                 ; 6.46e-10 s                 ; No                        ; No                        ;
; DRAM_ADDR[4]  ; 3.3-V LVTTL  ; 0 s                 ; 0 s                 ; 3.08 V                       ; 1.11e-08 V                   ; 3.13 V              ; -0.0798 V           ; 0.192 V                              ; 0.22 V                               ; 8.68e-10 s                  ; 6.46e-10 s                  ; No                         ; No                         ; 3.08 V                      ; 1.11e-08 V                  ; 3.13 V             ; -0.0798 V          ; 0.192 V                             ; 0.22 V                              ; 8.68e-10 s                 ; 6.46e-10 s                 ; No                        ; No                        ;
; DRAM_ADDR[5]  ; 3.3-V LVTTL  ; 0 s                 ; 0 s                 ; 3.08 V                       ; 1.11e-08 V                   ; 3.13 V              ; -0.0798 V           ; 0.192 V                              ; 0.22 V                               ; 8.68e-10 s                  ; 6.46e-10 s                  ; No                         ; No                         ; 3.08 V                      ; 1.11e-08 V                  ; 3.13 V             ; -0.0798 V          ; 0.192 V                             ; 0.22 V                              ; 8.68e-10 s                 ; 6.46e-10 s                 ; No                        ; No                        ;
; DRAM_ADDR[6]  ; 3.3-V LVTTL  ; 0 s                 ; 0 s                 ; 3.08 V                       ; 1.11e-08 V                   ; 3.14 V              ; -0.118 V            ; 0.311 V                              ; 0.245 V                              ; 5.04e-10 s                  ; 4.36e-10 s                  ; No                         ; No                         ; 3.08 V                      ; 1.11e-08 V                  ; 3.14 V             ; -0.118 V           ; 0.311 V                             ; 0.245 V                             ; 5.04e-10 s                 ; 4.36e-10 s                 ; No                        ; No                        ;
; DRAM_ADDR[7]  ; 3.3-V LVTTL  ; 0 s                 ; 0 s                 ; 3.08 V                       ; 1.11e-08 V                   ; 3.14 V              ; -0.118 V            ; 0.311 V                              ; 0.245 V                              ; 5.04e-10 s                  ; 4.36e-10 s                  ; No                         ; No                         ; 3.08 V                      ; 1.11e-08 V                  ; 3.14 V             ; -0.118 V           ; 0.311 V                             ; 0.245 V                             ; 5.04e-10 s                 ; 4.36e-10 s                 ; No                        ; No                        ;
; DRAM_ADDR[8]  ; 3.3-V LVTTL  ; 0 s                 ; 0 s                 ; 3.08 V                       ; 1.11e-08 V                   ; 3.13 V              ; -0.0798 V           ; 0.192 V                              ; 0.22 V                               ; 8.68e-10 s                  ; 6.46e-10 s                  ; No                         ; No                         ; 3.08 V                      ; 1.11e-08 V                  ; 3.13 V             ; -0.0798 V          ; 0.192 V                             ; 0.22 V                              ; 8.68e-10 s                 ; 6.46e-10 s                 ; No                        ; No                        ;
; DRAM_ADDR[9]  ; 3.3-V LVTTL  ; 0 s                 ; 0 s                 ; 3.08 V                       ; 1.11e-08 V                   ; 3.13 V              ; -0.0798 V           ; 0.192 V                              ; 0.22 V                               ; 8.68e-10 s                  ; 6.46e-10 s                  ; No                         ; No                         ; 3.08 V                      ; 1.11e-08 V                  ; 3.13 V             ; -0.0798 V          ; 0.192 V                             ; 0.22 V                              ; 8.68e-10 s                 ; 6.46e-10 s                 ; No                        ; No                        ;
; DRAM_ADDR[10] ; 3.3-V LVTTL  ; 0 s                 ; 0 s                 ; 3.08 V                       ; 1.11e-08 V                   ; 3.14 V              ; -0.118 V            ; 0.311 V                              ; 0.245 V                              ; 5.04e-10 s                  ; 4.36e-10 s                  ; No                         ; No                         ; 3.08 V                      ; 1.11e-08 V                  ; 3.14 V             ; -0.118 V           ; 0.311 V                             ; 0.245 V                             ; 5.04e-10 s                 ; 4.36e-10 s                 ; No                        ; No                        ;
; DRAM_ADDR[11] ; 3.3-V LVTTL  ; 0 s                 ; 0 s                 ; 3.08 V                       ; 1.11e-08 V                   ; 3.13 V              ; -0.0798 V           ; 0.192 V                              ; 0.22 V                               ; 8.68e-10 s                  ; 6.46e-10 s                  ; No                         ; No                         ; 3.08 V                      ; 1.11e-08 V                  ; 3.13 V             ; -0.0798 V          ; 0.192 V                             ; 0.22 V                              ; 8.68e-10 s                 ; 6.46e-10 s                 ; No                        ; No                        ;
; DRAM_ADDR[12] ; 3.3-V LVTTL  ; 0 s                 ; 0 s                 ; 3.08 V                       ; 1.11e-08 V                   ; 3.13 V              ; -0.0798 V           ; 0.192 V                              ; 0.22 V                               ; 8.68e-10 s                  ; 6.46e-10 s                  ; No                         ; No                         ; 3.08 V                      ; 1.11e-08 V                  ; 3.13 V             ; -0.0798 V          ; 0.192 V                             ; 0.22 V                              ; 8.68e-10 s                 ; 6.46e-10 s                 ; No                        ; No                        ;
; DRAM_DQM[0]   ; 3.3-V LVTTL  ; 0 s                 ; 0 s                 ; 3.08 V                       ; 1.11e-08 V                   ; 3.13 V              ; -0.0798 V           ; 0.192 V                              ; 0.22 V                               ; 8.68e-10 s                  ; 6.46e-10 s                  ; No                         ; No                         ; 3.08 V                      ; 1.11e-08 V                  ; 3.13 V             ; -0.0798 V          ; 0.192 V                             ; 0.22 V                              ; 8.68e-10 s                 ; 6.46e-10 s                 ; No                        ; No                        ;
; DRAM_DQM[1]   ; 3.3-V LVTTL  ; 0 s                 ; 0 s                 ; 3.08 V                       ; 1.11e-08 V                   ; 3.13 V              ; -0.0798 V           ; 0.192 V                              ; 0.22 V                               ; 8.68e-10 s                  ; 6.46e-10 s                  ; No                         ; No                         ; 3.08 V                      ; 1.11e-08 V                  ; 3.13 V             ; -0.0798 V          ; 0.192 V                             ; 0.22 V                              ; 8.68e-10 s                 ; 6.46e-10 s                 ; No                        ; No                        ;
; DRAM_DQ[0]    ; 3.3-V LVTTL  ; 0 s                 ; 0 s                 ; 3.08 V                       ; 1.11e-08 V                   ; 3.13 V              ; -0.0798 V           ; 0.192 V                              ; 0.22 V                               ; 8.68e-10 s                  ; 6.46e-10 s                  ; No                         ; No                         ; 3.08 V                      ; 1.11e-08 V                  ; 3.13 V             ; -0.0798 V          ; 0.192 V                             ; 0.22 V                              ; 8.68e-10 s                 ; 6.46e-10 s                 ; No                        ; No                        ;
; DRAM_DQ[1]    ; 3.3-V LVTTL  ; 0 s                 ; 0 s                 ; 3.08 V                       ; 1.11e-08 V                   ; 3.13 V              ; -0.0798 V           ; 0.192 V                              ; 0.22 V                               ; 8.68e-10 s                  ; 6.46e-10 s                  ; No                         ; No                         ; 3.08 V                      ; 1.11e-08 V                  ; 3.13 V             ; -0.0798 V          ; 0.192 V                             ; 0.22 V                              ; 8.68e-10 s                 ; 6.46e-10 s                 ; No                        ; No                        ;
; DRAM_DQ[2]    ; 3.3-V LVTTL  ; 0 s                 ; 0 s                 ; 3.08 V                       ; 1.11e-08 V                   ; 3.13 V              ; -0.0798 V           ; 0.192 V                              ; 0.22 V                               ; 8.68e-10 s                  ; 6.46e-10 s                  ; No                         ; No                         ; 3.08 V                      ; 1.11e-08 V                  ; 3.13 V             ; -0.0798 V          ; 0.192 V                             ; 0.22 V                              ; 8.68e-10 s                 ; 6.46e-10 s                 ; No                        ; No                        ;
; DRAM_DQ[3]    ; 3.3-V LVTTL  ; 0 s                 ; 0 s                 ; 3.08 V                       ; 1.11e-08 V                   ; 3.13 V              ; -0.0798 V           ; 0.192 V                              ; 0.22 V                               ; 8.68e-10 s                  ; 6.46e-10 s                  ; No                         ; No                         ; 3.08 V                      ; 1.11e-08 V                  ; 3.13 V             ; -0.0798 V          ; 0.192 V                             ; 0.22 V                              ; 8.68e-10 s                 ; 6.46e-10 s                 ; No                        ; No                        ;
; DRAM_DQ[4]    ; 3.3-V LVTTL  ; 0 s                 ; 0 s                 ; 3.08 V                       ; 1.11e-08 V                   ; 3.13 V              ; -0.0798 V           ; 0.192 V                              ; 0.22 V                               ; 8.68e-10 s                  ; 6.46e-10 s                  ; No                         ; No                         ; 3.08 V                      ; 1.11e-08 V                  ; 3.13 V             ; -0.0798 V          ; 0.192 V                             ; 0.22 V                              ; 8.68e-10 s                 ; 6.46e-10 s                 ; No                        ; No                        ;
; DRAM_DQ[5]    ; 3.3-V LVTTL  ; 0 s                 ; 0 s                 ; 3.08 V                       ; 1.11e-08 V                   ; 3.13 V              ; -0.0798 V           ; 0.192 V                              ; 0.22 V                               ; 8.68e-10 s                  ; 6.46e-10 s                  ; No                         ; No                         ; 3.08 V                      ; 1.11e-08 V                  ; 3.13 V             ; -0.0798 V          ; 0.192 V                             ; 0.22 V                              ; 8.68e-10 s                 ; 6.46e-10 s                 ; No                        ; No                        ;
; DRAM_DQ[6]    ; 3.3-V LVTTL  ; 0 s                 ; 0 s                 ; 3.08 V                       ; 1.11e-08 V                   ; 3.13 V              ; -0.0798 V           ; 0.192 V                              ; 0.22 V                               ; 8.68e-10 s                  ; 6.46e-10 s                  ; No                         ; No                         ; 3.08 V                      ; 1.11e-08 V                  ; 3.13 V             ; -0.0798 V          ; 0.192 V                             ; 0.22 V                              ; 8.68e-10 s                 ; 6.46e-10 s                 ; No                        ; No                        ;
; DRAM_DQ[7]    ; 3.3-V LVTTL  ; 0 s                 ; 0 s                 ; 3.08 V                       ; 1.11e-08 V                   ; 3.13 V              ; -0.0798 V           ; 0.192 V                              ; 0.22 V                               ; 8.68e-10 s                  ; 6.46e-10 s                  ; No                         ; No                         ; 3.08 V                      ; 1.11e-08 V                  ; 3.13 V             ; -0.0798 V          ; 0.192 V                             ; 0.22 V                              ; 8.68e-10 s                 ; 6.46e-10 s                 ; No                        ; No                        ;
; DRAM_DQ[8]    ; 3.3-V LVTTL  ; 0 s                 ; 0 s                 ; 3.08 V                       ; 1.11e-08 V                   ; 3.13 V              ; -0.0798 V           ; 0.192 V                              ; 0.22 V                               ; 8.68e-10 s                  ; 6.46e-10 s                  ; No                         ; No                         ; 3.08 V                      ; 1.11e-08 V                  ; 3.13 V             ; -0.0798 V          ; 0.192 V                             ; 0.22 V                              ; 8.68e-10 s                 ; 6.46e-10 s                 ; No                        ; No                        ;
; DRAM_DQ[9]    ; 3.3-V LVTTL  ; 0 s                 ; 0 s                 ; 3.08 V                       ; 1.11e-08 V                   ; 3.13 V              ; -0.0798 V           ; 0.192 V                              ; 0.22 V                               ; 8.68e-10 s                  ; 6.46e-10 s                  ; No                         ; No                         ; 3.08 V                      ; 1.11e-08 V                  ; 3.13 V             ; -0.0798 V          ; 0.192 V                             ; 0.22 V                              ; 8.68e-10 s                 ; 6.46e-10 s                 ; No                        ; No                        ;
; DRAM_DQ[10]   ; 3.3-V LVTTL  ; 0 s                 ; 0 s                 ; 3.08 V                       ; 1.11e-08 V                   ; 3.13 V              ; -0.0798 V           ; 0.192 V                              ; 0.22 V                               ; 8.68e-10 s                  ; 6.46e-10 s                  ; No                         ; No                         ; 3.08 V                      ; 1.11e-08 V                  ; 3.13 V             ; -0.0798 V          ; 0.192 V                             ; 0.22 V                              ; 8.68e-10 s                 ; 6.46e-10 s                 ; No                        ; No                        ;
; DRAM_DQ[11]   ; 3.3-V LVTTL  ; 0 s                 ; 0 s                 ; 3.08 V                       ; 1.11e-08 V                   ; 3.13 V              ; -0.0798 V           ; 0.192 V                              ; 0.22 V                               ; 8.68e-10 s                  ; 6.46e-10 s                  ; No                         ; No                         ; 3.08 V                      ; 1.11e-08 V                  ; 3.13 V             ; -0.0798 V          ; 0.192 V                             ; 0.22 V                              ; 8.68e-10 s                 ; 6.46e-10 s                 ; No                        ; No                        ;
; DRAM_DQ[12]   ; 3.3-V LVTTL  ; 0 s                 ; 0 s                 ; 3.08 V                       ; 1.11e-08 V                   ; 3.13 V              ; -0.0798 V           ; 0.192 V                              ; 0.22 V                               ; 8.68e-10 s                  ; 6.46e-10 s                  ; No                         ; No                         ; 3.08 V                      ; 1.11e-08 V                  ; 3.13 V             ; -0.0798 V          ; 0.192 V                             ; 0.22 V                              ; 8.68e-10 s                 ; 6.46e-10 s                 ; No                        ; No                        ;
; DRAM_DQ[13]   ; 3.3-V LVTTL  ; 0 s                 ; 0 s                 ; 3.08 V                       ; 1.11e-08 V                   ; 3.13 V              ; -0.0798 V           ; 0.192 V                              ; 0.22 V                               ; 8.68e-10 s                  ; 6.46e-10 s                  ; No                         ; No                         ; 3.08 V                      ; 1.11e-08 V                  ; 3.13 V             ; -0.0798 V          ; 0.192 V                             ; 0.22 V                              ; 8.68e-10 s                 ; 6.46e-10 s                 ; No                        ; No                        ;
; DRAM_DQ[14]   ; 3.3-V LVTTL  ; 0 s                 ; 0 s                 ; 3.08 V                       ; 1.11e-08 V                   ; 3.14 V              ; -0.118 V            ; 0.311 V                              ; 0.245 V                              ; 5.04e-10 s                  ; 4.36e-10 s                  ; No                         ; No                         ; 3.08 V                      ; 1.11e-08 V                  ; 3.14 V             ; -0.118 V           ; 0.311 V                             ; 0.245 V                             ; 5.04e-10 s                 ; 4.36e-10 s                 ; No                        ; No                        ;
; DRAM_DQ[15]   ; 3.3-V LVTTL  ; 0 s                 ; 0 s                 ; 3.08 V                       ; 1.11e-08 V                   ; 3.13 V              ; -0.0798 V           ; 0.192 V                              ; 0.22 V                               ; 8.68e-10 s                  ; 6.46e-10 s                  ; No                         ; No                         ; 3.08 V                      ; 1.11e-08 V                  ; 3.13 V             ; -0.0798 V          ; 0.192 V                             ; 0.22 V                              ; 8.68e-10 s                 ; 6.46e-10 s                 ; No                        ; No                        ;
; ~ALTERA_DCLK~ ; 3.3-V LVTTL  ; 0 s                 ; 0 s                 ; 3.08 V                       ; 5.73e-09 V                   ; 3.19 V              ; -0.173 V            ; 0.151 V                              ; 0.259 V                              ; 2.79e-10 s                  ; 2.42e-10 s                  ; Yes                        ; Yes                        ; 3.08 V                      ; 5.73e-09 V                  ; 3.19 V             ; -0.173 V           ; 0.151 V                             ; 0.259 V                             ; 2.79e-10 s                 ; 2.42e-10 s                 ; Yes                       ; Yes                       ;
; ~ALTERA_nCEO~ ; 2.5 V        ; 0 s                 ; 0 s                 ; 2.32 V                       ; 4.18e-09 V                   ; 2.38 V              ; -0.00483 V          ; 0.152 V                              ; 0.012 V                              ; 4.81e-10 s                  ; 6.29e-10 s                  ; Yes                        ; Yes                        ; 2.32 V                      ; 4.18e-09 V                  ; 2.38 V             ; -0.00483 V         ; 0.152 V                             ; 0.012 V                             ; 4.81e-10 s                 ; 6.29e-10 s                 ; Yes                       ; Yes                       ;
+---------------+--------------+---------------------+---------------------+------------------------------+------------------------------+---------------------+---------------------+--------------------------------------+--------------------------------------+-----------------------------+-----------------------------+----------------------------+----------------------------+-----------------------------+-----------------------------+--------------------+--------------------+-------------------------------------+-------------------------------------+----------------------------+----------------------------+---------------------------+---------------------------+


+--------------------------------------------------------------------------------------------------------------------------------------------------------------------------------------------------------------------------------------------------------------------------------------------------------------------------------------------------------------------------------------------------------------------------------------------------------------------------------------------------------------------------------------------------------------------------------------------------------------------------------------------------------------------------------------------+
; Signal Integrity Metrics (Slow 1200mv 85c Model)                                                                                                                                                                                                                                                                                                                                                                                                                                                                                                                                                                                                                                           ;
+---------------+--------------+---------------------+---------------------+------------------------------+------------------------------+---------------------+---------------------+--------------------------------------+--------------------------------------+-----------------------------+-----------------------------+----------------------------+----------------------------+-----------------------------+-----------------------------+--------------------+--------------------+-------------------------------------+-------------------------------------+----------------------------+----------------------------+---------------------------+---------------------------+
; Pin           ; I/O Standard ; Board Delay on Rise ; Board Delay on Fall ; Steady State Voh at FPGA Pin ; Steady State Vol at FPGA Pin ; Voh Max at FPGA Pin ; Vol Min at FPGA Pin ; Ringback Voltage on Rise at FPGA Pin ; Ringback Voltage on Fall at FPGA Pin ; 10-90 Rise Time at FPGA Pin ; 90-10 Fall Time at FPGA Pin ; Monotonic Rise at FPGA Pin ; Monotonic Fall at FPGA Pin ; Steady State Voh at Far-end ; Steady State Vol at Far-end ; Voh Max at Far-end ; Vol Min at Far-end ; Ringback Voltage on Rise at Far-end ; Ringback Voltage on Fall at Far-end ; 10-90 Rise Time at Far-end ; 90-10 Fall Time at Far-end ; Monotonic Rise at Far-end ; Monotonic Fall at Far-end ;
+---------------+--------------+---------------------+---------------------+------------------------------+------------------------------+---------------------+---------------------+--------------------------------------+--------------------------------------+-----------------------------+-----------------------------+----------------------------+----------------------------+-----------------------------+-----------------------------+--------------------+--------------------+-------------------------------------+-------------------------------------+----------------------------+----------------------------+---------------------------+---------------------------+
; VGA_R[0]      ; 3.3-V LVTTL  ; 0 s                 ; 0 s                 ; 3.08 V                       ; 1.9e-06 V                    ; 3.11 V              ; -0.0625 V           ; 0.224 V                              ; 0.17 V                               ; 6.86e-10 s                  ; 6.31e-10 s                  ; Yes                        ; No                         ; 3.08 V                      ; 1.9e-06 V                   ; 3.11 V             ; -0.0625 V          ; 0.224 V                             ; 0.17 V                              ; 6.86e-10 s                 ; 6.31e-10 s                 ; Yes                       ; No                        ;
; VGA_R[1]      ; 3.3-V LVTTL  ; 0 s                 ; 0 s                 ; 3.08 V                       ; 1.9e-06 V                    ; 3.11 V              ; -0.0625 V           ; 0.224 V                              ; 0.17 V                               ; 6.86e-10 s                  ; 6.31e-10 s                  ; Yes                        ; No                         ; 3.08 V                      ; 1.9e-06 V                   ; 3.11 V             ; -0.0625 V          ; 0.224 V                             ; 0.17 V                              ; 6.86e-10 s                 ; 6.31e-10 s                 ; Yes                       ; No                        ;
; VGA_R[2]      ; 3.3-V LVTTL  ; 0 s                 ; 0 s                 ; 3.08 V                       ; 1.9e-06 V                    ; 3.11 V              ; -0.0625 V           ; 0.224 V                              ; 0.17 V                               ; 6.86e-10 s                  ; 6.31e-10 s                  ; Yes                        ; No                         ; 3.08 V                      ; 1.9e-06 V                   ; 3.11 V             ; -0.0625 V          ; 0.224 V                             ; 0.17 V                              ; 6.86e-10 s                 ; 6.31e-10 s                 ; Yes                       ; No                        ;
; VGA_R[3]      ; 3.3-V LVTTL  ; 0 s                 ; 0 s                 ; 3.08 V                       ; 1.9e-06 V                    ; 3.11 V              ; -0.0625 V           ; 0.224 V                              ; 0.17 V                               ; 6.86e-10 s                  ; 6.31e-10 s                  ; Yes                        ; No                         ; 3.08 V                      ; 1.9e-06 V                   ; 3.11 V             ; -0.0625 V          ; 0.224 V                             ; 0.17 V                              ; 6.86e-10 s                 ; 6.31e-10 s                 ; Yes                       ; No                        ;
; VGA_R[4]      ; 3.3-V LVTTL  ; 0 s                 ; 0 s                 ; 3.08 V                       ; 1.9e-06 V                    ; 3.11 V              ; -0.0625 V           ; 0.224 V                              ; 0.17 V                               ; 6.86e-10 s                  ; 6.31e-10 s                  ; Yes                        ; No                         ; 3.08 V                      ; 1.9e-06 V                   ; 3.11 V             ; -0.0625 V          ; 0.224 V                             ; 0.17 V                              ; 6.86e-10 s                 ; 6.31e-10 s                 ; Yes                       ; No                        ;
; VGA_R[5]      ; 3.3-V LVTTL  ; 0 s                 ; 0 s                 ; 3.08 V                       ; 1.9e-06 V                    ; 3.11 V              ; -0.0625 V           ; 0.224 V                              ; 0.17 V                               ; 6.86e-10 s                  ; 6.31e-10 s                  ; Yes                        ; No                         ; 3.08 V                      ; 1.9e-06 V                   ; 3.11 V             ; -0.0625 V          ; 0.224 V                             ; 0.17 V                              ; 6.86e-10 s                 ; 6.31e-10 s                 ; Yes                       ; No                        ;
; VGA_R[6]      ; 3.3-V LVTTL  ; 0 s                 ; 0 s                 ; 3.08 V                       ; 1.9e-06 V                    ; 3.11 V              ; -0.0625 V           ; 0.224 V                              ; 0.17 V                               ; 6.86e-10 s                  ; 6.31e-10 s                  ; Yes                        ; No                         ; 3.08 V                      ; 1.9e-06 V                   ; 3.11 V             ; -0.0625 V          ; 0.224 V                             ; 0.17 V                              ; 6.86e-10 s                 ; 6.31e-10 s                 ; Yes                       ; No                        ;
; VGA_R[7]      ; 3.3-V LVTTL  ; 0 s                 ; 0 s                 ; 3.08 V                       ; 1.9e-06 V                    ; 3.11 V              ; -0.0625 V           ; 0.224 V                              ; 0.17 V                               ; 6.86e-10 s                  ; 6.31e-10 s                  ; Yes                        ; No                         ; 3.08 V                      ; 1.9e-06 V                   ; 3.11 V             ; -0.0625 V          ; 0.224 V                             ; 0.17 V                              ; 6.86e-10 s                 ; 6.31e-10 s                 ; Yes                       ; No                        ;
; VGA_G[0]      ; 3.3-V LVTTL  ; 0 s                 ; 0 s                 ; 3.08 V                       ; 1.9e-06 V                    ; 3.11 V              ; -0.0625 V           ; 0.224 V                              ; 0.17 V                               ; 6.86e-10 s                  ; 6.31e-10 s                  ; Yes                        ; No                         ; 3.08 V                      ; 1.9e-06 V                   ; 3.11 V             ; -0.0625 V          ; 0.224 V                             ; 0.17 V                              ; 6.86e-10 s                 ; 6.31e-10 s                 ; Yes                       ; No                        ;
; VGA_G[1]      ; 3.3-V LVTTL  ; 0 s                 ; 0 s                 ; 3.08 V                       ; 1.9e-06 V                    ; 3.11 V              ; -0.0625 V           ; 0.224 V                              ; 0.17 V                               ; 6.86e-10 s                  ; 6.31e-10 s                  ; Yes                        ; No                         ; 3.08 V                      ; 1.9e-06 V                   ; 3.11 V             ; -0.0625 V          ; 0.224 V                             ; 0.17 V                              ; 6.86e-10 s                 ; 6.31e-10 s                 ; Yes                       ; No                        ;
; VGA_G[2]      ; 3.3-V LVTTL  ; 0 s                 ; 0 s                 ; 3.08 V                       ; 1.9e-06 V                    ; 3.11 V              ; -0.0625 V           ; 0.224 V                              ; 0.17 V                               ; 6.86e-10 s                  ; 6.31e-10 s                  ; Yes                        ; No                         ; 3.08 V                      ; 1.9e-06 V                   ; 3.11 V             ; -0.0625 V          ; 0.224 V                             ; 0.17 V                              ; 6.86e-10 s                 ; 6.31e-10 s                 ; Yes                       ; No                        ;
; VGA_G[3]      ; 3.3-V LVTTL  ; 0 s                 ; 0 s                 ; 3.08 V                       ; 1.9e-06 V                    ; 3.11 V              ; -0.0625 V           ; 0.224 V                              ; 0.17 V                               ; 6.86e-10 s                  ; 6.31e-10 s                  ; Yes                        ; No                         ; 3.08 V                      ; 1.9e-06 V                   ; 3.11 V             ; -0.0625 V          ; 0.224 V                             ; 0.17 V                              ; 6.86e-10 s                 ; 6.31e-10 s                 ; Yes                       ; No                        ;
; VGA_G[4]      ; 3.3-V LVTTL  ; 0 s                 ; 0 s                 ; 3.08 V                       ; 1.9e-06 V                    ; 3.11 V              ; -0.0625 V           ; 0.224 V                              ; 0.17 V                               ; 6.86e-10 s                  ; 6.31e-10 s                  ; Yes                        ; No                         ; 3.08 V                      ; 1.9e-06 V                   ; 3.11 V             ; -0.0625 V          ; 0.224 V                             ; 0.17 V                              ; 6.86e-10 s                 ; 6.31e-10 s                 ; Yes                       ; No                        ;
; VGA_G[5]      ; 3.3-V LVTTL  ; 0 s                 ; 0 s                 ; 3.08 V                       ; 1.9e-06 V                    ; 3.11 V              ; -0.0625 V           ; 0.224 V                              ; 0.17 V                               ; 6.86e-10 s                  ; 6.31e-10 s                  ; Yes                        ; No                         ; 3.08 V                      ; 1.9e-06 V                   ; 3.11 V             ; -0.0625 V          ; 0.224 V                             ; 0.17 V                              ; 6.86e-10 s                 ; 6.31e-10 s                 ; Yes                       ; No                        ;
; VGA_G[6]      ; 3.3-V LVTTL  ; 0 s                 ; 0 s                 ; 3.08 V                       ; 1.9e-06 V                    ; 3.11 V              ; -0.0625 V           ; 0.224 V                              ; 0.17 V                               ; 6.86e-10 s                  ; 6.31e-10 s                  ; Yes                        ; No                         ; 3.08 V                      ; 1.9e-06 V                   ; 3.11 V             ; -0.0625 V          ; 0.224 V                             ; 0.17 V                              ; 6.86e-10 s                 ; 6.31e-10 s                 ; Yes                       ; No                        ;
; VGA_G[7]      ; 3.3-V LVTTL  ; 0 s                 ; 0 s                 ; 3.08 V                       ; 1.9e-06 V                    ; 3.11 V              ; -0.0625 V           ; 0.224 V                              ; 0.17 V                               ; 6.86e-10 s                  ; 6.31e-10 s                  ; Yes                        ; No                         ; 3.08 V                      ; 1.9e-06 V                   ; 3.11 V             ; -0.0625 V          ; 0.224 V                             ; 0.17 V                              ; 6.86e-10 s                 ; 6.31e-10 s                 ; Yes                       ; No                        ;
; VGA_B[0]      ; 3.3-V LVTTL  ; 0 s                 ; 0 s                 ; 3.08 V                       ; 1.9e-06 V                    ; 3.11 V              ; -0.0625 V           ; 0.224 V                              ; 0.17 V                               ; 6.86e-10 s                  ; 6.31e-10 s                  ; Yes                        ; No                         ; 3.08 V                      ; 1.9e-06 V                   ; 3.11 V             ; -0.0625 V          ; 0.224 V                             ; 0.17 V                              ; 6.86e-10 s                 ; 6.31e-10 s                 ; Yes                       ; No                        ;
; VGA_B[1]      ; 3.3-V LVTTL  ; 0 s                 ; 0 s                 ; 3.08 V                       ; 1.9e-06 V                    ; 3.11 V              ; -0.0625 V           ; 0.224 V                              ; 0.17 V                               ; 6.86e-10 s                  ; 6.31e-10 s                  ; Yes                        ; No                         ; 3.08 V                      ; 1.9e-06 V                   ; 3.11 V             ; -0.0625 V          ; 0.224 V                             ; 0.17 V                              ; 6.86e-10 s                 ; 6.31e-10 s                 ; Yes                       ; No                        ;
; VGA_B[2]      ; 3.3-V LVTTL  ; 0 s                 ; 0 s                 ; 3.08 V                       ; 1.9e-06 V                    ; 3.11 V              ; -0.0625 V           ; 0.224 V                              ; 0.17 V                               ; 6.86e-10 s                  ; 6.31e-10 s                  ; Yes                        ; No                         ; 3.08 V                      ; 1.9e-06 V                   ; 3.11 V             ; -0.0625 V          ; 0.224 V                             ; 0.17 V                              ; 6.86e-10 s                 ; 6.31e-10 s                 ; Yes                       ; No                        ;
; VGA_B[3]      ; 3.3-V LVTTL  ; 0 s                 ; 0 s                 ; 3.08 V                       ; 1.9e-06 V                    ; 3.11 V              ; -0.0625 V           ; 0.224 V                              ; 0.17 V                               ; 6.86e-10 s                  ; 6.31e-10 s                  ; Yes                        ; No                         ; 3.08 V                      ; 1.9e-06 V                   ; 3.11 V             ; -0.0625 V          ; 0.224 V                             ; 0.17 V                              ; 6.86e-10 s                 ; 6.31e-10 s                 ; Yes                       ; No                        ;
; VGA_B[4]      ; 3.3-V LVTTL  ; 0 s                 ; 0 s                 ; 3.08 V                       ; 1.9e-06 V                    ; 3.11 V              ; -0.0625 V           ; 0.224 V                              ; 0.17 V                               ; 6.86e-10 s                  ; 6.31e-10 s                  ; Yes                        ; No                         ; 3.08 V                      ; 1.9e-06 V                   ; 3.11 V             ; -0.0625 V          ; 0.224 V                             ; 0.17 V                              ; 6.86e-10 s                 ; 6.31e-10 s                 ; Yes                       ; No                        ;
; VGA_B[5]      ; 3.3-V LVTTL  ; 0 s                 ; 0 s                 ; 3.08 V                       ; 1.9e-06 V                    ; 3.11 V              ; -0.0625 V           ; 0.224 V                              ; 0.17 V                               ; 6.86e-10 s                  ; 6.31e-10 s                  ; Yes                        ; No                         ; 3.08 V                      ; 1.9e-06 V                   ; 3.11 V             ; -0.0625 V          ; 0.224 V                             ; 0.17 V                              ; 6.86e-10 s                 ; 6.31e-10 s                 ; Yes                       ; No                        ;
; VGA_B[6]      ; 3.3-V LVTTL  ; 0 s                 ; 0 s                 ; 3.08 V                       ; 1.9e-06 V                    ; 3.11 V              ; -0.0625 V           ; 0.224 V                              ; 0.17 V                               ; 6.86e-10 s                  ; 6.31e-10 s                  ; Yes                        ; No                         ; 3.08 V                      ; 1.9e-06 V                   ; 3.11 V             ; -0.0625 V          ; 0.224 V                             ; 0.17 V                              ; 6.86e-10 s                 ; 6.31e-10 s                 ; Yes                       ; No                        ;
; VGA_B[7]      ; 3.3-V LVTTL  ; 0 s                 ; 0 s                 ; 3.08 V                       ; 1.9e-06 V                    ; 3.11 V              ; -0.0625 V           ; 0.224 V                              ; 0.17 V                               ; 6.86e-10 s                  ; 6.31e-10 s                  ; Yes                        ; No                         ; 3.08 V                      ; 1.9e-06 V                   ; 3.11 V             ; -0.0625 V          ; 0.224 V                             ; 0.17 V                              ; 6.86e-10 s                 ; 6.31e-10 s                 ; Yes                       ; No                        ;
; VGA_CLK       ; 3.3-V LVTTL  ; 0 s                 ; 0 s                 ; 3.08 V                       ; 1.9e-06 V                    ; 3.11 V              ; -0.0625 V           ; 0.224 V                              ; 0.17 V                               ; 6.86e-10 s                  ; 6.31e-10 s                  ; Yes                        ; No                         ; 3.08 V                      ; 1.9e-06 V                   ; 3.11 V             ; -0.0625 V          ; 0.224 V                             ; 0.17 V                              ; 6.86e-10 s                 ; 6.31e-10 s                 ; Yes                       ; No                        ;
; VGA_HS        ; 3.3-V LVTTL  ; 0 s                 ; 0 s                 ; 3.08 V                       ; 1.9e-06 V                    ; 3.11 V              ; -0.0625 V           ; 0.224 V                              ; 0.17 V                               ; 6.86e-10 s                  ; 6.31e-10 s                  ; Yes                        ; No                         ; 3.08 V                      ; 1.9e-06 V                   ; 3.11 V             ; -0.0625 V          ; 0.224 V                             ; 0.17 V                              ; 6.86e-10 s                 ; 6.31e-10 s                 ; Yes                       ; No                        ;
; VGA_VS        ; 3.3-V LVTTL  ; 0 s                 ; 0 s                 ; 3.08 V                       ; 1.9e-06 V                    ; 3.11 V              ; -0.0625 V           ; 0.224 V                              ; 0.17 V                               ; 6.86e-10 s                  ; 6.31e-10 s                  ; Yes                        ; No                         ; 3.08 V                      ; 1.9e-06 V                   ; 3.11 V             ; -0.0625 V          ; 0.224 V                             ; 0.17 V                              ; 6.86e-10 s                 ; 6.31e-10 s                 ; Yes                       ; No                        ;
; VGA_BLANK_N   ; 3.3-V LVTTL  ; 0 s                 ; 0 s                 ; 3.08 V                       ; 1.9e-06 V                    ; 3.11 V              ; -0.0625 V           ; 0.224 V                              ; 0.17 V                               ; 6.86e-10 s                  ; 6.31e-10 s                  ; Yes                        ; No                         ; 3.08 V                      ; 1.9e-06 V                   ; 3.11 V             ; -0.0625 V          ; 0.224 V                             ; 0.17 V                              ; 6.86e-10 s                 ; 6.31e-10 s                 ; Yes                       ; No                        ;
; VGA_SYNC_N    ; 3.3-V LVTTL  ; 0 s                 ; 0 s                 ; 3.08 V                       ; 1.9e-06 V                    ; 3.11 V              ; -0.0625 V           ; 0.224 V                              ; 0.17 V                               ; 6.86e-10 s                  ; 6.31e-10 s                  ; Yes                        ; No                         ; 3.08 V                      ; 1.9e-06 V                   ; 3.11 V             ; -0.0625 V          ; 0.224 V                             ; 0.17 V                              ; 6.86e-10 s                 ; 6.31e-10 s                 ; Yes                       ; No                        ;
; TD_RESET_N    ; 3.3-V LVTTL  ; 0 s                 ; 0 s                 ; 3.08 V                       ; 1.9e-06 V                    ; 3.11 V              ; -0.0625 V           ; 0.224 V                              ; 0.17 V                               ; 6.86e-10 s                  ; 6.31e-10 s                  ; Yes                        ; No                         ; 3.08 V                      ; 1.9e-06 V                   ; 3.11 V             ; -0.0625 V          ; 0.224 V                             ; 0.17 V                              ; 6.86e-10 s                 ; 6.31e-10 s                 ; Yes                       ; No                        ;
; LEDR[0]       ; 2.5 V        ; 0 s                 ; 0 s                 ; 2.32 V                       ; 6.92e-07 V                   ; 2.35 V              ; -0.00996 V          ; 0.121 V                              ; 0.03 V                               ; 4.64e-10 s                  ; 4.47e-10 s                  ; Yes                        ; Yes                        ; 2.32 V                      ; 6.92e-07 V                  ; 2.35 V             ; -0.00996 V         ; 0.121 V                             ; 0.03 V                              ; 4.64e-10 s                 ; 4.47e-10 s                 ; Yes                       ; Yes                       ;
; LEDR[1]       ; 2.5 V        ; 0 s                 ; 0 s                 ; 2.32 V                       ; 6.92e-07 V                   ; 2.35 V              ; -0.00996 V          ; 0.121 V                              ; 0.03 V                               ; 4.64e-10 s                  ; 4.47e-10 s                  ; Yes                        ; Yes                        ; 2.32 V                      ; 6.92e-07 V                  ; 2.35 V             ; -0.00996 V         ; 0.121 V                             ; 0.03 V                              ; 4.64e-10 s                 ; 4.47e-10 s                 ; Yes                       ; Yes                       ;
; LEDR[2]       ; 2.5 V        ; 0 s                 ; 0 s                 ; 2.32 V                       ; 6.92e-07 V                   ; 2.35 V              ; -0.00996 V          ; 0.121 V                              ; 0.03 V                               ; 4.64e-10 s                  ; 4.47e-10 s                  ; Yes                        ; Yes                        ; 2.32 V                      ; 6.92e-07 V                  ; 2.35 V             ; -0.00996 V         ; 0.121 V                             ; 0.03 V                              ; 4.64e-10 s                 ; 4.47e-10 s                 ; Yes                       ; Yes                       ;
; LEDR[3]       ; 2.5 V        ; 0 s                 ; 0 s                 ; 2.32 V                       ; 6.92e-07 V                   ; 2.35 V              ; -0.00996 V          ; 0.121 V                              ; 0.03 V                               ; 4.64e-10 s                  ; 4.47e-10 s                  ; Yes                        ; Yes                        ; 2.32 V                      ; 6.92e-07 V                  ; 2.35 V             ; -0.00996 V         ; 0.121 V                             ; 0.03 V                              ; 4.64e-10 s                 ; 4.47e-10 s                 ; Yes                       ; Yes                       ;
; LEDR[4]       ; 2.5 V        ; 0 s                 ; 0 s                 ; 2.32 V                       ; 6.92e-07 V                   ; 2.35 V              ; -0.00996 V          ; 0.121 V                              ; 0.03 V                               ; 4.64e-10 s                  ; 4.47e-10 s                  ; Yes                        ; Yes                        ; 2.32 V                      ; 6.92e-07 V                  ; 2.35 V             ; -0.00996 V         ; 0.121 V                             ; 0.03 V                              ; 4.64e-10 s                 ; 4.47e-10 s                 ; Yes                       ; Yes                       ;
; LEDR[5]       ; 2.5 V        ; 0 s                 ; 0 s                 ; 2.32 V                       ; 6.92e-07 V                   ; 2.35 V              ; -0.00996 V          ; 0.121 V                              ; 0.03 V                               ; 4.64e-10 s                  ; 4.47e-10 s                  ; Yes                        ; Yes                        ; 2.32 V                      ; 6.92e-07 V                  ; 2.35 V             ; -0.00996 V         ; 0.121 V                             ; 0.03 V                              ; 4.64e-10 s                 ; 4.47e-10 s                 ; Yes                       ; Yes                       ;
; LEDR[6]       ; 2.5 V        ; 0 s                 ; 0 s                 ; 2.32 V                       ; 6.92e-07 V                   ; 2.35 V              ; -0.00996 V          ; 0.121 V                              ; 0.03 V                               ; 4.64e-10 s                  ; 4.47e-10 s                  ; Yes                        ; Yes                        ; 2.32 V                      ; 6.92e-07 V                  ; 2.35 V             ; -0.00996 V         ; 0.121 V                             ; 0.03 V                              ; 4.64e-10 s                 ; 4.47e-10 s                 ; Yes                       ; Yes                       ;
; LEDR[7]       ; 2.5 V        ; 0 s                 ; 0 s                 ; 2.32 V                       ; 6.92e-07 V                   ; 2.35 V              ; -0.00996 V          ; 0.121 V                              ; 0.03 V                               ; 4.64e-10 s                  ; 4.47e-10 s                  ; Yes                        ; Yes                        ; 2.32 V                      ; 6.92e-07 V                  ; 2.35 V             ; -0.00996 V         ; 0.121 V                             ; 0.03 V                              ; 4.64e-10 s                 ; 4.47e-10 s                 ; Yes                       ; Yes                       ;
; LEDG[0]       ; 2.5 V        ; 0 s                 ; 0 s                 ; 2.32 V                       ; 6.92e-07 V                   ; 2.35 V              ; -0.00996 V          ; 0.121 V                              ; 0.03 V                               ; 4.64e-10 s                  ; 4.47e-10 s                  ; Yes                        ; Yes                        ; 2.32 V                      ; 6.92e-07 V                  ; 2.35 V             ; -0.00996 V         ; 0.121 V                             ; 0.03 V                              ; 4.64e-10 s                 ; 4.47e-10 s                 ; Yes                       ; Yes                       ;
; LEDG[1]       ; 2.5 V        ; 0 s                 ; 0 s                 ; 2.32 V                       ; 6.92e-07 V                   ; 2.35 V              ; -0.00996 V          ; 0.121 V                              ; 0.03 V                               ; 4.64e-10 s                  ; 4.47e-10 s                  ; Yes                        ; Yes                        ; 2.32 V                      ; 6.92e-07 V                  ; 2.35 V             ; -0.00996 V         ; 0.121 V                             ; 0.03 V                              ; 4.64e-10 s                 ; 4.47e-10 s                 ; Yes                       ; Yes                       ;
; LEDG[2]       ; 2.5 V        ; 0 s                 ; 0 s                 ; 2.32 V                       ; 6.92e-07 V                   ; 2.35 V              ; -0.00996 V          ; 0.121 V                              ; 0.03 V                               ; 4.64e-10 s                  ; 4.47e-10 s                  ; Yes                        ; Yes                        ; 2.32 V                      ; 6.92e-07 V                  ; 2.35 V             ; -0.00996 V         ; 0.121 V                             ; 0.03 V                              ; 4.64e-10 s                 ; 4.47e-10 s                 ; Yes                       ; Yes                       ;
; LEDG[3]       ; 2.5 V        ; 0 s                 ; 0 s                 ; 2.32 V                       ; 6.92e-07 V                   ; 2.35 V              ; -0.00996 V          ; 0.121 V                              ; 0.03 V                               ; 4.64e-10 s                  ; 4.47e-10 s                  ; Yes                        ; Yes                        ; 2.32 V                      ; 6.92e-07 V                  ; 2.35 V             ; -0.00996 V         ; 0.121 V                             ; 0.03 V                              ; 4.64e-10 s                 ; 4.47e-10 s                 ; Yes                       ; Yes                       ;
; LEDG[4]       ; 2.5 V        ; 0 s                 ; 0 s                 ; 2.32 V                       ; 6.92e-07 V                   ; 2.35 V              ; -0.00996 V          ; 0.121 V                              ; 0.03 V                               ; 4.64e-10 s                  ; 4.47e-10 s                  ; Yes                        ; Yes                        ; 2.32 V                      ; 6.92e-07 V                  ; 2.35 V             ; -0.00996 V         ; 0.121 V                             ; 0.03 V                              ; 4.64e-10 s                 ; 4.47e-10 s                 ; Yes                       ; Yes                       ;
; LEDG[5]       ; 2.5 V        ; 0 s                 ; 0 s                 ; 2.32 V                       ; 6.92e-07 V                   ; 2.35 V              ; -0.00996 V          ; 0.121 V                              ; 0.03 V                               ; 4.64e-10 s                  ; 4.47e-10 s                  ; Yes                        ; Yes                        ; 2.32 V                      ; 6.92e-07 V                  ; 2.35 V             ; -0.00996 V         ; 0.121 V                             ; 0.03 V                              ; 4.64e-10 s                 ; 4.47e-10 s                 ; Yes                       ; Yes                       ;
; LEDG[6]       ; 2.5 V        ; 0 s                 ; 0 s                 ; 2.32 V                       ; 6.92e-07 V                   ; 2.35 V              ; -0.00996 V          ; 0.121 V                              ; 0.03 V                               ; 4.64e-10 s                  ; 4.47e-10 s                  ; Yes                        ; Yes                        ; 2.32 V                      ; 6.92e-07 V                  ; 2.35 V             ; -0.00996 V         ; 0.121 V                             ; 0.03 V                              ; 4.64e-10 s                 ; 4.47e-10 s                 ; Yes                       ; Yes                       ;
; LEDG[7]       ; 2.5 V        ; 0 s                 ; 0 s                 ; 2.32 V                       ; 6.92e-07 V                   ; 2.35 V              ; -0.00996 V          ; 0.121 V                              ; 0.03 V                               ; 4.64e-10 s                  ; 4.47e-10 s                  ; Yes                        ; Yes                        ; 2.32 V                      ; 6.92e-07 V                  ; 2.35 V             ; -0.00996 V         ; 0.121 V                             ; 0.03 V                              ; 4.64e-10 s                 ; 4.47e-10 s                 ; Yes                       ; Yes                       ;
; LEDG[8]       ; 2.5 V        ; 0 s                 ; 0 s                 ; 2.32 V                       ; 6.92e-07 V                   ; 2.35 V              ; -0.00996 V          ; 0.121 V                              ; 0.03 V                               ; 4.64e-10 s                  ; 4.47e-10 s                  ; Yes                        ; Yes                        ; 2.32 V                      ; 6.92e-07 V                  ; 2.35 V             ; -0.00996 V         ; 0.121 V                             ; 0.03 V                              ; 4.64e-10 s                 ; 4.47e-10 s                 ; Yes                       ; Yes                       ;
; DRAM_CKE      ; 3.3-V LVTTL  ; 0 s                 ; 0 s                 ; 3.08 V                       ; 1.28e-06 V                   ; 3.11 V              ; -0.0528 V           ; 0.302 V                              ; 0.199 V                              ; 9.51e-10 s                  ; 8.47e-10 s                  ; Yes                        ; No                         ; 3.08 V                      ; 1.28e-06 V                  ; 3.11 V             ; -0.0528 V          ; 0.302 V                             ; 0.199 V                             ; 9.51e-10 s                 ; 8.47e-10 s                 ; Yes                       ; No                        ;
; DRAM_CS_N     ; 3.3-V LVTTL  ; 0 s                 ; 0 s                 ; 3.08 V                       ; 1.28e-06 V                   ; 3.11 V              ; -0.0528 V           ; 0.302 V                              ; 0.199 V                              ; 9.51e-10 s                  ; 8.47e-10 s                  ; Yes                        ; No                         ; 3.08 V                      ; 1.28e-06 V                  ; 3.11 V             ; -0.0528 V          ; 0.302 V                             ; 0.199 V                             ; 9.51e-10 s                 ; 8.47e-10 s                 ; Yes                       ; No                        ;
; DRAM_RAS_N    ; 3.3-V LVTTL  ; 0 s                 ; 0 s                 ; 3.08 V                       ; 1.28e-06 V                   ; 3.11 V              ; -0.0528 V           ; 0.302 V                              ; 0.199 V                              ; 9.51e-10 s                  ; 8.47e-10 s                  ; Yes                        ; No                         ; 3.08 V                      ; 1.28e-06 V                  ; 3.11 V             ; -0.0528 V          ; 0.302 V                             ; 0.199 V                             ; 9.51e-10 s                 ; 8.47e-10 s                 ; Yes                       ; No                        ;
; DRAM_CAS_N    ; 3.3-V LVTTL  ; 0 s                 ; 0 s                 ; 3.08 V                       ; 1.28e-06 V                   ; 3.11 V              ; -0.0528 V           ; 0.302 V                              ; 0.199 V                              ; 9.51e-10 s                  ; 8.47e-10 s                  ; Yes                        ; No                         ; 3.08 V                      ; 1.28e-06 V                  ; 3.11 V             ; -0.0528 V          ; 0.302 V                             ; 0.199 V                             ; 9.51e-10 s                 ; 8.47e-10 s                 ; Yes                       ; No                        ;
; DRAM_WE_N     ; 3.3-V LVTTL  ; 0 s                 ; 0 s                 ; 3.08 V                       ; 1.28e-06 V                   ; 3.11 V              ; -0.0528 V           ; 0.302 V                              ; 0.199 V                              ; 9.51e-10 s                  ; 8.47e-10 s                  ; Yes                        ; No                         ; 3.08 V                      ; 1.28e-06 V                  ; 3.11 V             ; -0.0528 V          ; 0.302 V                             ; 0.199 V                             ; 9.51e-10 s                 ; 8.47e-10 s                 ; Yes                       ; No                        ;
; DRAM_BA[0]    ; 3.3-V LVTTL  ; 0 s                 ; 0 s                 ; 3.08 V                       ; 1.28e-06 V                   ; 3.12 V              ; -0.0722 V           ; 0.214 V                              ; 0.171 V                              ; 6.67e-10 s                  ; 6.2e-10 s                   ; Yes                        ; No                         ; 3.08 V                      ; 1.28e-06 V                  ; 3.12 V             ; -0.0722 V          ; 0.214 V                             ; 0.171 V                             ; 6.67e-10 s                 ; 6.2e-10 s                  ; Yes                       ; No                        ;
; DRAM_BA[1]    ; 3.3-V LVTTL  ; 0 s                 ; 0 s                 ; 3.08 V                       ; 1.28e-06 V                   ; 3.11 V              ; -0.0528 V           ; 0.302 V                              ; 0.199 V                              ; 9.51e-10 s                  ; 8.47e-10 s                  ; Yes                        ; No                         ; 3.08 V                      ; 1.28e-06 V                  ; 3.11 V             ; -0.0528 V          ; 0.302 V                             ; 0.199 V                             ; 9.51e-10 s                 ; 8.47e-10 s                 ; Yes                       ; No                        ;
; DRAM_ADDR[0]  ; 3.3-V LVTTL  ; 0 s                 ; 0 s                 ; 3.08 V                       ; 1.28e-06 V                   ; 3.11 V              ; -0.0528 V           ; 0.302 V                              ; 0.199 V                              ; 9.51e-10 s                  ; 8.47e-10 s                  ; Yes                        ; No                         ; 3.08 V                      ; 1.28e-06 V                  ; 3.11 V             ; -0.0528 V          ; 0.302 V                             ; 0.199 V                             ; 9.51e-10 s                 ; 8.47e-10 s                 ; Yes                       ; No                        ;
; DRAM_ADDR[1]  ; 3.3-V LVTTL  ; 0 s                 ; 0 s                 ; 3.08 V                       ; 1.28e-06 V                   ; 3.11 V              ; -0.0528 V           ; 0.302 V                              ; 0.199 V                              ; 9.51e-10 s                  ; 8.47e-10 s                  ; Yes                        ; No                         ; 3.08 V                      ; 1.28e-06 V                  ; 3.11 V             ; -0.0528 V          ; 0.302 V                             ; 0.199 V                             ; 9.51e-10 s                 ; 8.47e-10 s                 ; Yes                       ; No                        ;
; DRAM_ADDR[2]  ; 3.3-V LVTTL  ; 0 s                 ; 0 s                 ; 3.08 V                       ; 1.28e-06 V                   ; 3.12 V              ; -0.0722 V           ; 0.214 V                              ; 0.171 V                              ; 6.67e-10 s                  ; 6.2e-10 s                   ; Yes                        ; No                         ; 3.08 V                      ; 1.28e-06 V                  ; 3.12 V             ; -0.0722 V          ; 0.214 V                             ; 0.171 V                             ; 6.67e-10 s                 ; 6.2e-10 s                  ; Yes                       ; No                        ;
; DRAM_ADDR[3]  ; 3.3-V LVTTL  ; 0 s                 ; 0 s                 ; 3.08 V                       ; 1.28e-06 V                   ; 3.11 V              ; -0.0528 V           ; 0.302 V                              ; 0.199 V                              ; 9.51e-10 s                  ; 8.47e-10 s                  ; Yes                        ; No                         ; 3.08 V                      ; 1.28e-06 V                  ; 3.11 V             ; -0.0528 V          ; 0.302 V                             ; 0.199 V                             ; 9.51e-10 s                 ; 8.47e-10 s                 ; Yes                       ; No                        ;
; DRAM_ADDR[4]  ; 3.3-V LVTTL  ; 0 s                 ; 0 s                 ; 3.08 V                       ; 1.28e-06 V                   ; 3.11 V              ; -0.0528 V           ; 0.302 V                              ; 0.199 V                              ; 9.51e-10 s                  ; 8.47e-10 s                  ; Yes                        ; No                         ; 3.08 V                      ; 1.28e-06 V                  ; 3.11 V             ; -0.0528 V          ; 0.302 V                             ; 0.199 V                             ; 9.51e-10 s                 ; 8.47e-10 s                 ; Yes                       ; No                        ;
; DRAM_ADDR[5]  ; 3.3-V LVTTL  ; 0 s                 ; 0 s                 ; 3.08 V                       ; 1.28e-06 V                   ; 3.11 V              ; -0.0528 V           ; 0.302 V                              ; 0.199 V                              ; 9.51e-10 s                  ; 8.47e-10 s                  ; Yes                        ; No                         ; 3.08 V                      ; 1.28e-06 V                  ; 3.11 V             ; -0.0528 V          ; 0.302 V                             ; 0.199 V                             ; 9.51e-10 s                 ; 8.47e-10 s                 ; Yes                       ; No                        ;
; DRAM_ADDR[6]  ; 3.3-V LVTTL  ; 0 s                 ; 0 s                 ; 3.08 V                       ; 1.28e-06 V                   ; 3.12 V              ; -0.0722 V           ; 0.214 V                              ; 0.171 V                              ; 6.67e-10 s                  ; 6.2e-10 s                   ; Yes                        ; No                         ; 3.08 V                      ; 1.28e-06 V                  ; 3.12 V             ; -0.0722 V          ; 0.214 V                             ; 0.171 V                             ; 6.67e-10 s                 ; 6.2e-10 s                  ; Yes                       ; No                        ;
; DRAM_ADDR[7]  ; 3.3-V LVTTL  ; 0 s                 ; 0 s                 ; 3.08 V                       ; 1.28e-06 V                   ; 3.12 V              ; -0.0722 V           ; 0.214 V                              ; 0.171 V                              ; 6.67e-10 s                  ; 6.2e-10 s                   ; Yes                        ; No                         ; 3.08 V                      ; 1.28e-06 V                  ; 3.12 V             ; -0.0722 V          ; 0.214 V                             ; 0.171 V                             ; 6.67e-10 s                 ; 6.2e-10 s                  ; Yes                       ; No                        ;
; DRAM_ADDR[8]  ; 3.3-V LVTTL  ; 0 s                 ; 0 s                 ; 3.08 V                       ; 1.28e-06 V                   ; 3.11 V              ; -0.0528 V           ; 0.302 V                              ; 0.199 V                              ; 9.51e-10 s                  ; 8.47e-10 s                  ; Yes                        ; No                         ; 3.08 V                      ; 1.28e-06 V                  ; 3.11 V             ; -0.0528 V          ; 0.302 V                             ; 0.199 V                             ; 9.51e-10 s                 ; 8.47e-10 s                 ; Yes                       ; No                        ;
; DRAM_ADDR[9]  ; 3.3-V LVTTL  ; 0 s                 ; 0 s                 ; 3.08 V                       ; 1.28e-06 V                   ; 3.11 V              ; -0.0528 V           ; 0.302 V                              ; 0.199 V                              ; 9.51e-10 s                  ; 8.47e-10 s                  ; Yes                        ; No                         ; 3.08 V                      ; 1.28e-06 V                  ; 3.11 V             ; -0.0528 V          ; 0.302 V                             ; 0.199 V                             ; 9.51e-10 s                 ; 8.47e-10 s                 ; Yes                       ; No                        ;
; DRAM_ADDR[10] ; 3.3-V LVTTL  ; 0 s                 ; 0 s                 ; 3.08 V                       ; 1.28e-06 V                   ; 3.12 V              ; -0.0722 V           ; 0.214 V                              ; 0.171 V                              ; 6.67e-10 s                  ; 6.2e-10 s                   ; Yes                        ; No                         ; 3.08 V                      ; 1.28e-06 V                  ; 3.12 V             ; -0.0722 V          ; 0.214 V                             ; 0.171 V                             ; 6.67e-10 s                 ; 6.2e-10 s                  ; Yes                       ; No                        ;
; DRAM_ADDR[11] ; 3.3-V LVTTL  ; 0 s                 ; 0 s                 ; 3.08 V                       ; 1.28e-06 V                   ; 3.11 V              ; -0.0528 V           ; 0.302 V                              ; 0.199 V                              ; 9.51e-10 s                  ; 8.47e-10 s                  ; Yes                        ; No                         ; 3.08 V                      ; 1.28e-06 V                  ; 3.11 V             ; -0.0528 V          ; 0.302 V                             ; 0.199 V                             ; 9.51e-10 s                 ; 8.47e-10 s                 ; Yes                       ; No                        ;
; DRAM_ADDR[12] ; 3.3-V LVTTL  ; 0 s                 ; 0 s                 ; 3.08 V                       ; 1.28e-06 V                   ; 3.11 V              ; -0.0528 V           ; 0.302 V                              ; 0.199 V                              ; 9.51e-10 s                  ; 8.47e-10 s                  ; Yes                        ; No                         ; 3.08 V                      ; 1.28e-06 V                  ; 3.11 V             ; -0.0528 V          ; 0.302 V                             ; 0.199 V                             ; 9.51e-10 s                 ; 8.47e-10 s                 ; Yes                       ; No                        ;
; DRAM_DQM[0]   ; 3.3-V LVTTL  ; 0 s                 ; 0 s                 ; 3.08 V                       ; 1.28e-06 V                   ; 3.11 V              ; -0.0528 V           ; 0.302 V                              ; 0.199 V                              ; 9.51e-10 s                  ; 8.47e-10 s                  ; Yes                        ; No                         ; 3.08 V                      ; 1.28e-06 V                  ; 3.11 V             ; -0.0528 V          ; 0.302 V                             ; 0.199 V                             ; 9.51e-10 s                 ; 8.47e-10 s                 ; Yes                       ; No                        ;
; DRAM_DQM[1]   ; 3.3-V LVTTL  ; 0 s                 ; 0 s                 ; 3.08 V                       ; 1.28e-06 V                   ; 3.11 V              ; -0.0528 V           ; 0.302 V                              ; 0.199 V                              ; 9.51e-10 s                  ; 8.47e-10 s                  ; Yes                        ; No                         ; 3.08 V                      ; 1.28e-06 V                  ; 3.11 V             ; -0.0528 V          ; 0.302 V                             ; 0.199 V                             ; 9.51e-10 s                 ; 8.47e-10 s                 ; Yes                       ; No                        ;
; DRAM_DQ[0]    ; 3.3-V LVTTL  ; 0 s                 ; 0 s                 ; 3.08 V                       ; 1.28e-06 V                   ; 3.11 V              ; -0.0528 V           ; 0.302 V                              ; 0.199 V                              ; 9.51e-10 s                  ; 8.47e-10 s                  ; Yes                        ; No                         ; 3.08 V                      ; 1.28e-06 V                  ; 3.11 V             ; -0.0528 V          ; 0.302 V                             ; 0.199 V                             ; 9.51e-10 s                 ; 8.47e-10 s                 ; Yes                       ; No                        ;
; DRAM_DQ[1]    ; 3.3-V LVTTL  ; 0 s                 ; 0 s                 ; 3.08 V                       ; 1.28e-06 V                   ; 3.11 V              ; -0.0528 V           ; 0.302 V                              ; 0.199 V                              ; 9.51e-10 s                  ; 8.47e-10 s                  ; Yes                        ; No                         ; 3.08 V                      ; 1.28e-06 V                  ; 3.11 V             ; -0.0528 V          ; 0.302 V                             ; 0.199 V                             ; 9.51e-10 s                 ; 8.47e-10 s                 ; Yes                       ; No                        ;
; DRAM_DQ[2]    ; 3.3-V LVTTL  ; 0 s                 ; 0 s                 ; 3.08 V                       ; 1.28e-06 V                   ; 3.11 V              ; -0.0528 V           ; 0.302 V                              ; 0.199 V                              ; 9.51e-10 s                  ; 8.47e-10 s                  ; Yes                        ; No                         ; 3.08 V                      ; 1.28e-06 V                  ; 3.11 V             ; -0.0528 V          ; 0.302 V                             ; 0.199 V                             ; 9.51e-10 s                 ; 8.47e-10 s                 ; Yes                       ; No                        ;
; DRAM_DQ[3]    ; 3.3-V LVTTL  ; 0 s                 ; 0 s                 ; 3.08 V                       ; 1.28e-06 V                   ; 3.11 V              ; -0.0528 V           ; 0.302 V                              ; 0.199 V                              ; 9.51e-10 s                  ; 8.47e-10 s                  ; Yes                        ; No                         ; 3.08 V                      ; 1.28e-06 V                  ; 3.11 V             ; -0.0528 V          ; 0.302 V                             ; 0.199 V                             ; 9.51e-10 s                 ; 8.47e-10 s                 ; Yes                       ; No                        ;
; DRAM_DQ[4]    ; 3.3-V LVTTL  ; 0 s                 ; 0 s                 ; 3.08 V                       ; 1.28e-06 V                   ; 3.11 V              ; -0.0528 V           ; 0.302 V                              ; 0.199 V                              ; 9.51e-10 s                  ; 8.47e-10 s                  ; Yes                        ; No                         ; 3.08 V                      ; 1.28e-06 V                  ; 3.11 V             ; -0.0528 V          ; 0.302 V                             ; 0.199 V                             ; 9.51e-10 s                 ; 8.47e-10 s                 ; Yes                       ; No                        ;
; DRAM_DQ[5]    ; 3.3-V LVTTL  ; 0 s                 ; 0 s                 ; 3.08 V                       ; 1.28e-06 V                   ; 3.11 V              ; -0.0528 V           ; 0.302 V                              ; 0.199 V                              ; 9.51e-10 s                  ; 8.47e-10 s                  ; Yes                        ; No                         ; 3.08 V                      ; 1.28e-06 V                  ; 3.11 V             ; -0.0528 V          ; 0.302 V                             ; 0.199 V                             ; 9.51e-10 s                 ; 8.47e-10 s                 ; Yes                       ; No                        ;
; DRAM_DQ[6]    ; 3.3-V LVTTL  ; 0 s                 ; 0 s                 ; 3.08 V                       ; 1.28e-06 V                   ; 3.11 V              ; -0.0528 V           ; 0.302 V                              ; 0.199 V                              ; 9.51e-10 s                  ; 8.47e-10 s                  ; Yes                        ; No                         ; 3.08 V                      ; 1.28e-06 V                  ; 3.11 V             ; -0.0528 V          ; 0.302 V                             ; 0.199 V                             ; 9.51e-10 s                 ; 8.47e-10 s                 ; Yes                       ; No                        ;
; DRAM_DQ[7]    ; 3.3-V LVTTL  ; 0 s                 ; 0 s                 ; 3.08 V                       ; 1.28e-06 V                   ; 3.11 V              ; -0.0528 V           ; 0.302 V                              ; 0.199 V                              ; 9.51e-10 s                  ; 8.47e-10 s                  ; Yes                        ; No                         ; 3.08 V                      ; 1.28e-06 V                  ; 3.11 V             ; -0.0528 V          ; 0.302 V                             ; 0.199 V                             ; 9.51e-10 s                 ; 8.47e-10 s                 ; Yes                       ; No                        ;
; DRAM_DQ[8]    ; 3.3-V LVTTL  ; 0 s                 ; 0 s                 ; 3.08 V                       ; 1.28e-06 V                   ; 3.11 V              ; -0.0528 V           ; 0.302 V                              ; 0.199 V                              ; 9.51e-10 s                  ; 8.47e-10 s                  ; Yes                        ; No                         ; 3.08 V                      ; 1.28e-06 V                  ; 3.11 V             ; -0.0528 V          ; 0.302 V                             ; 0.199 V                             ; 9.51e-10 s                 ; 8.47e-10 s                 ; Yes                       ; No                        ;
; DRAM_DQ[9]    ; 3.3-V LVTTL  ; 0 s                 ; 0 s                 ; 3.08 V                       ; 1.28e-06 V                   ; 3.11 V              ; -0.0528 V           ; 0.302 V                              ; 0.199 V                              ; 9.51e-10 s                  ; 8.47e-10 s                  ; Yes                        ; No                         ; 3.08 V                      ; 1.28e-06 V                  ; 3.11 V             ; -0.0528 V          ; 0.302 V                             ; 0.199 V                             ; 9.51e-10 s                 ; 8.47e-10 s                 ; Yes                       ; No                        ;
; DRAM_DQ[10]   ; 3.3-V LVTTL  ; 0 s                 ; 0 s                 ; 3.08 V                       ; 1.28e-06 V                   ; 3.11 V              ; -0.0528 V           ; 0.302 V                              ; 0.199 V                              ; 9.51e-10 s                  ; 8.47e-10 s                  ; Yes                        ; No                         ; 3.08 V                      ; 1.28e-06 V                  ; 3.11 V             ; -0.0528 V          ; 0.302 V                             ; 0.199 V                             ; 9.51e-10 s                 ; 8.47e-10 s                 ; Yes                       ; No                        ;
; DRAM_DQ[11]   ; 3.3-V LVTTL  ; 0 s                 ; 0 s                 ; 3.08 V                       ; 1.28e-06 V                   ; 3.11 V              ; -0.0528 V           ; 0.302 V                              ; 0.199 V                              ; 9.51e-10 s                  ; 8.47e-10 s                  ; Yes                        ; No                         ; 3.08 V                      ; 1.28e-06 V                  ; 3.11 V             ; -0.0528 V          ; 0.302 V                             ; 0.199 V                             ; 9.51e-10 s                 ; 8.47e-10 s                 ; Yes                       ; No                        ;
; DRAM_DQ[12]   ; 3.3-V LVTTL  ; 0 s                 ; 0 s                 ; 3.08 V                       ; 1.28e-06 V                   ; 3.11 V              ; -0.0528 V           ; 0.302 V                              ; 0.199 V                              ; 9.51e-10 s                  ; 8.47e-10 s                  ; Yes                        ; No                         ; 3.08 V                      ; 1.28e-06 V                  ; 3.11 V             ; -0.0528 V          ; 0.302 V                             ; 0.199 V                             ; 9.51e-10 s                 ; 8.47e-10 s                 ; Yes                       ; No                        ;
; DRAM_DQ[13]   ; 3.3-V LVTTL  ; 0 s                 ; 0 s                 ; 3.08 V                       ; 1.28e-06 V                   ; 3.11 V              ; -0.0528 V           ; 0.302 V                              ; 0.199 V                              ; 9.51e-10 s                  ; 8.47e-10 s                  ; Yes                        ; No                         ; 3.08 V                      ; 1.28e-06 V                  ; 3.11 V             ; -0.0528 V          ; 0.302 V                             ; 0.199 V                             ; 9.51e-10 s                 ; 8.47e-10 s                 ; Yes                       ; No                        ;
; DRAM_DQ[14]   ; 3.3-V LVTTL  ; 0 s                 ; 0 s                 ; 3.08 V                       ; 1.28e-06 V                   ; 3.12 V              ; -0.0722 V           ; 0.214 V                              ; 0.171 V                              ; 6.67e-10 s                  ; 6.2e-10 s                   ; Yes                        ; No                         ; 3.08 V                      ; 1.28e-06 V                  ; 3.12 V             ; -0.0722 V          ; 0.214 V                             ; 0.171 V                             ; 6.67e-10 s                 ; 6.2e-10 s                  ; Yes                       ; No                        ;
; DRAM_DQ[15]   ; 3.3-V LVTTL  ; 0 s                 ; 0 s                 ; 3.08 V                       ; 1.28e-06 V                   ; 3.11 V              ; -0.0528 V           ; 0.302 V                              ; 0.199 V                              ; 9.51e-10 s                  ; 8.47e-10 s                  ; Yes                        ; No                         ; 3.08 V                      ; 1.28e-06 V                  ; 3.11 V             ; -0.0528 V          ; 0.302 V                             ; 0.199 V                             ; 9.51e-10 s                 ; 8.47e-10 s                 ; Yes                       ; No                        ;
; ~ALTERA_DCLK~ ; 3.3-V LVTTL  ; 0 s                 ; 0 s                 ; 3.08 V                       ; 6.54e-07 V                   ; 3.14 V              ; -0.115 V            ; 0.146 V                              ; 0.141 V                              ; 3.07e-10 s                  ; 3.96e-10 s                  ; Yes                        ; No                         ; 3.08 V                      ; 6.54e-07 V                  ; 3.14 V             ; -0.115 V           ; 0.146 V                             ; 0.141 V                             ; 3.07e-10 s                 ; 3.96e-10 s                 ; Yes                       ; No                        ;
; ~ALTERA_nCEO~ ; 2.5 V        ; 0 s                 ; 0 s                 ; 2.32 V                       ; 6.15e-07 V                   ; 2.35 V              ; -0.00712 V          ; 0.093 V                              ; 0.02 V                               ; 6.21e-10 s                  ; 7.9e-10 s                   ; Yes                        ; Yes                        ; 2.32 V                      ; 6.15e-07 V                  ; 2.35 V             ; -0.00712 V         ; 0.093 V                             ; 0.02 V                              ; 6.21e-10 s                 ; 7.9e-10 s                  ; Yes                       ; Yes                       ;
+---------------+--------------+---------------------+---------------------+------------------------------+------------------------------+---------------------+---------------------+--------------------------------------+--------------------------------------+-----------------------------+-----------------------------+----------------------------+----------------------------+-----------------------------+-----------------------------+--------------------+--------------------+-------------------------------------+-------------------------------------+----------------------------+----------------------------+---------------------------+---------------------------+


+--------------------------------------------------------------------------------------------------------------------------------------------------------------------------------------------------------------------------------------------------------------------------------------------------------------------------------------------------------------------------------------------------------------------------------------------------------------------------------------------------------------------------------------------------------------------------------------------------------------------------------------------------------------------------------------------+
; Signal Integrity Metrics (Fast 1200mv 0c Model)                                                                                                                                                                                                                                                                                                                                                                                                                                                                                                                                                                                                                                            ;
+---------------+--------------+---------------------+---------------------+------------------------------+------------------------------+---------------------+---------------------+--------------------------------------+--------------------------------------+-----------------------------+-----------------------------+----------------------------+----------------------------+-----------------------------+-----------------------------+--------------------+--------------------+-------------------------------------+-------------------------------------+----------------------------+----------------------------+---------------------------+---------------------------+
; Pin           ; I/O Standard ; Board Delay on Rise ; Board Delay on Fall ; Steady State Voh at FPGA Pin ; Steady State Vol at FPGA Pin ; Voh Max at FPGA Pin ; Vol Min at FPGA Pin ; Ringback Voltage on Rise at FPGA Pin ; Ringback Voltage on Fall at FPGA Pin ; 10-90 Rise Time at FPGA Pin ; 90-10 Fall Time at FPGA Pin ; Monotonic Rise at FPGA Pin ; Monotonic Fall at FPGA Pin ; Steady State Voh at Far-end ; Steady State Vol at Far-end ; Voh Max at Far-end ; Vol Min at Far-end ; Ringback Voltage on Rise at Far-end ; Ringback Voltage on Fall at Far-end ; 10-90 Rise Time at Far-end ; 90-10 Fall Time at Far-end ; Monotonic Rise at Far-end ; Monotonic Fall at Far-end ;
+---------------+--------------+---------------------+---------------------+------------------------------+------------------------------+---------------------+---------------------+--------------------------------------+--------------------------------------+-----------------------------+-----------------------------+----------------------------+----------------------------+-----------------------------+-----------------------------+--------------------+--------------------+-------------------------------------+-------------------------------------+----------------------------+----------------------------+---------------------------+---------------------------+
; VGA_R[0]      ; 3.3-V LVTTL  ; 0 s                 ; 0 s                 ; 3.46 V                       ; 1.85e-07 V                   ; 3.57 V              ; -0.141 V            ; 0.301 V                              ; 0.239 V                              ; 4.61e-10 s                  ; 4.2e-10 s                   ; No                         ; No                         ; 3.46 V                      ; 1.85e-07 V                  ; 3.57 V             ; -0.141 V           ; 0.301 V                             ; 0.239 V                             ; 4.61e-10 s                 ; 4.2e-10 s                  ; No                        ; No                        ;
; VGA_R[1]      ; 3.3-V LVTTL  ; 0 s                 ; 0 s                 ; 3.46 V                       ; 1.85e-07 V                   ; 3.57 V              ; -0.141 V            ; 0.301 V                              ; 0.239 V                              ; 4.61e-10 s                  ; 4.2e-10 s                   ; No                         ; No                         ; 3.46 V                      ; 1.85e-07 V                  ; 3.57 V             ; -0.141 V           ; 0.301 V                             ; 0.239 V                             ; 4.61e-10 s                 ; 4.2e-10 s                  ; No                        ; No                        ;
; VGA_R[2]      ; 3.3-V LVTTL  ; 0 s                 ; 0 s                 ; 3.46 V                       ; 1.85e-07 V                   ; 3.57 V              ; -0.141 V            ; 0.301 V                              ; 0.239 V                              ; 4.61e-10 s                  ; 4.2e-10 s                   ; No                         ; No                         ; 3.46 V                      ; 1.85e-07 V                  ; 3.57 V             ; -0.141 V           ; 0.301 V                             ; 0.239 V                             ; 4.61e-10 s                 ; 4.2e-10 s                  ; No                        ; No                        ;
; VGA_R[3]      ; 3.3-V LVTTL  ; 0 s                 ; 0 s                 ; 3.46 V                       ; 1.85e-07 V                   ; 3.57 V              ; -0.141 V            ; 0.301 V                              ; 0.239 V                              ; 4.61e-10 s                  ; 4.2e-10 s                   ; No                         ; No                         ; 3.46 V                      ; 1.85e-07 V                  ; 3.57 V             ; -0.141 V           ; 0.301 V                             ; 0.239 V                             ; 4.61e-10 s                 ; 4.2e-10 s                  ; No                        ; No                        ;
; VGA_R[4]      ; 3.3-V LVTTL  ; 0 s                 ; 0 s                 ; 3.46 V                       ; 1.85e-07 V                   ; 3.57 V              ; -0.141 V            ; 0.301 V                              ; 0.239 V                              ; 4.61e-10 s                  ; 4.2e-10 s                   ; No                         ; No                         ; 3.46 V                      ; 1.85e-07 V                  ; 3.57 V             ; -0.141 V           ; 0.301 V                             ; 0.239 V                             ; 4.61e-10 s                 ; 4.2e-10 s                  ; No                        ; No                        ;
; VGA_R[5]      ; 3.3-V LVTTL  ; 0 s                 ; 0 s                 ; 3.46 V                       ; 1.85e-07 V                   ; 3.57 V              ; -0.141 V            ; 0.301 V                              ; 0.239 V                              ; 4.61e-10 s                  ; 4.2e-10 s                   ; No                         ; No                         ; 3.46 V                      ; 1.85e-07 V                  ; 3.57 V             ; -0.141 V           ; 0.301 V                             ; 0.239 V                             ; 4.61e-10 s                 ; 4.2e-10 s                  ; No                        ; No                        ;
; VGA_R[6]      ; 3.3-V LVTTL  ; 0 s                 ; 0 s                 ; 3.46 V                       ; 1.85e-07 V                   ; 3.57 V              ; -0.141 V            ; 0.301 V                              ; 0.239 V                              ; 4.61e-10 s                  ; 4.2e-10 s                   ; No                         ; No                         ; 3.46 V                      ; 1.85e-07 V                  ; 3.57 V             ; -0.141 V           ; 0.301 V                             ; 0.239 V                             ; 4.61e-10 s                 ; 4.2e-10 s                  ; No                        ; No                        ;
; VGA_R[7]      ; 3.3-V LVTTL  ; 0 s                 ; 0 s                 ; 3.46 V                       ; 1.85e-07 V                   ; 3.57 V              ; -0.141 V            ; 0.301 V                              ; 0.239 V                              ; 4.61e-10 s                  ; 4.2e-10 s                   ; No                         ; No                         ; 3.46 V                      ; 1.85e-07 V                  ; 3.57 V             ; -0.141 V           ; 0.301 V                             ; 0.239 V                             ; 4.61e-10 s                 ; 4.2e-10 s                  ; No                        ; No                        ;
; VGA_G[0]      ; 3.3-V LVTTL  ; 0 s                 ; 0 s                 ; 3.46 V                       ; 1.85e-07 V                   ; 3.57 V              ; -0.141 V            ; 0.301 V                              ; 0.239 V                              ; 4.61e-10 s                  ; 4.2e-10 s                   ; No                         ; No                         ; 3.46 V                      ; 1.85e-07 V                  ; 3.57 V             ; -0.141 V           ; 0.301 V                             ; 0.239 V                             ; 4.61e-10 s                 ; 4.2e-10 s                  ; No                        ; No                        ;
; VGA_G[1]      ; 3.3-V LVTTL  ; 0 s                 ; 0 s                 ; 3.46 V                       ; 1.85e-07 V                   ; 3.57 V              ; -0.141 V            ; 0.301 V                              ; 0.239 V                              ; 4.61e-10 s                  ; 4.2e-10 s                   ; No                         ; No                         ; 3.46 V                      ; 1.85e-07 V                  ; 3.57 V             ; -0.141 V           ; 0.301 V                             ; 0.239 V                             ; 4.61e-10 s                 ; 4.2e-10 s                  ; No                        ; No                        ;
; VGA_G[2]      ; 3.3-V LVTTL  ; 0 s                 ; 0 s                 ; 3.46 V                       ; 1.85e-07 V                   ; 3.57 V              ; -0.141 V            ; 0.301 V                              ; 0.239 V                              ; 4.61e-10 s                  ; 4.2e-10 s                   ; No                         ; No                         ; 3.46 V                      ; 1.85e-07 V                  ; 3.57 V             ; -0.141 V           ; 0.301 V                             ; 0.239 V                             ; 4.61e-10 s                 ; 4.2e-10 s                  ; No                        ; No                        ;
; VGA_G[3]      ; 3.3-V LVTTL  ; 0 s                 ; 0 s                 ; 3.46 V                       ; 1.85e-07 V                   ; 3.57 V              ; -0.141 V            ; 0.301 V                              ; 0.239 V                              ; 4.61e-10 s                  ; 4.2e-10 s                   ; No                         ; No                         ; 3.46 V                      ; 1.85e-07 V                  ; 3.57 V             ; -0.141 V           ; 0.301 V                             ; 0.239 V                             ; 4.61e-10 s                 ; 4.2e-10 s                  ; No                        ; No                        ;
; VGA_G[4]      ; 3.3-V LVTTL  ; 0 s                 ; 0 s                 ; 3.46 V                       ; 1.85e-07 V                   ; 3.57 V              ; -0.141 V            ; 0.301 V                              ; 0.239 V                              ; 4.61e-10 s                  ; 4.2e-10 s                   ; No                         ; No                         ; 3.46 V                      ; 1.85e-07 V                  ; 3.57 V             ; -0.141 V           ; 0.301 V                             ; 0.239 V                             ; 4.61e-10 s                 ; 4.2e-10 s                  ; No                        ; No                        ;
; VGA_G[5]      ; 3.3-V LVTTL  ; 0 s                 ; 0 s                 ; 3.46 V                       ; 1.85e-07 V                   ; 3.57 V              ; -0.141 V            ; 0.301 V                              ; 0.239 V                              ; 4.61e-10 s                  ; 4.2e-10 s                   ; No                         ; No                         ; 3.46 V                      ; 1.85e-07 V                  ; 3.57 V             ; -0.141 V           ; 0.301 V                             ; 0.239 V                             ; 4.61e-10 s                 ; 4.2e-10 s                  ; No                        ; No                        ;
; VGA_G[6]      ; 3.3-V LVTTL  ; 0 s                 ; 0 s                 ; 3.46 V                       ; 1.85e-07 V                   ; 3.57 V              ; -0.141 V            ; 0.301 V                              ; 0.239 V                              ; 4.61e-10 s                  ; 4.2e-10 s                   ; No                         ; No                         ; 3.46 V                      ; 1.85e-07 V                  ; 3.57 V             ; -0.141 V           ; 0.301 V                             ; 0.239 V                             ; 4.61e-10 s                 ; 4.2e-10 s                  ; No                        ; No                        ;
; VGA_G[7]      ; 3.3-V LVTTL  ; 0 s                 ; 0 s                 ; 3.46 V                       ; 1.85e-07 V                   ; 3.57 V              ; -0.141 V            ; 0.301 V                              ; 0.239 V                              ; 4.61e-10 s                  ; 4.2e-10 s                   ; No                         ; No                         ; 3.46 V                      ; 1.85e-07 V                  ; 3.57 V             ; -0.141 V           ; 0.301 V                             ; 0.239 V                             ; 4.61e-10 s                 ; 4.2e-10 s                  ; No                        ; No                        ;
; VGA_B[0]      ; 3.3-V LVTTL  ; 0 s                 ; 0 s                 ; 3.46 V                       ; 1.85e-07 V                   ; 3.57 V              ; -0.141 V            ; 0.301 V                              ; 0.239 V                              ; 4.61e-10 s                  ; 4.2e-10 s                   ; No                         ; No                         ; 3.46 V                      ; 1.85e-07 V                  ; 3.57 V             ; -0.141 V           ; 0.301 V                             ; 0.239 V                             ; 4.61e-10 s                 ; 4.2e-10 s                  ; No                        ; No                        ;
; VGA_B[1]      ; 3.3-V LVTTL  ; 0 s                 ; 0 s                 ; 3.46 V                       ; 1.85e-07 V                   ; 3.57 V              ; -0.141 V            ; 0.301 V                              ; 0.239 V                              ; 4.61e-10 s                  ; 4.2e-10 s                   ; No                         ; No                         ; 3.46 V                      ; 1.85e-07 V                  ; 3.57 V             ; -0.141 V           ; 0.301 V                             ; 0.239 V                             ; 4.61e-10 s                 ; 4.2e-10 s                  ; No                        ; No                        ;
; VGA_B[2]      ; 3.3-V LVTTL  ; 0 s                 ; 0 s                 ; 3.46 V                       ; 1.85e-07 V                   ; 3.57 V              ; -0.141 V            ; 0.301 V                              ; 0.239 V                              ; 4.61e-10 s                  ; 4.2e-10 s                   ; No                         ; No                         ; 3.46 V                      ; 1.85e-07 V                  ; 3.57 V             ; -0.141 V           ; 0.301 V                             ; 0.239 V                             ; 4.61e-10 s                 ; 4.2e-10 s                  ; No                        ; No                        ;
; VGA_B[3]      ; 3.3-V LVTTL  ; 0 s                 ; 0 s                 ; 3.46 V                       ; 1.85e-07 V                   ; 3.57 V              ; -0.141 V            ; 0.301 V                              ; 0.239 V                              ; 4.61e-10 s                  ; 4.2e-10 s                   ; No                         ; No                         ; 3.46 V                      ; 1.85e-07 V                  ; 3.57 V             ; -0.141 V           ; 0.301 V                             ; 0.239 V                             ; 4.61e-10 s                 ; 4.2e-10 s                  ; No                        ; No                        ;
; VGA_B[4]      ; 3.3-V LVTTL  ; 0 s                 ; 0 s                 ; 3.46 V                       ; 1.85e-07 V                   ; 3.57 V              ; -0.141 V            ; 0.301 V                              ; 0.239 V                              ; 4.61e-10 s                  ; 4.2e-10 s                   ; No                         ; No                         ; 3.46 V                      ; 1.85e-07 V                  ; 3.57 V             ; -0.141 V           ; 0.301 V                             ; 0.239 V                             ; 4.61e-10 s                 ; 4.2e-10 s                  ; No                        ; No                        ;
; VGA_B[5]      ; 3.3-V LVTTL  ; 0 s                 ; 0 s                 ; 3.46 V                       ; 1.85e-07 V                   ; 3.57 V              ; -0.141 V            ; 0.301 V                              ; 0.239 V                              ; 4.61e-10 s                  ; 4.2e-10 s                   ; No                         ; No                         ; 3.46 V                      ; 1.85e-07 V                  ; 3.57 V             ; -0.141 V           ; 0.301 V                             ; 0.239 V                             ; 4.61e-10 s                 ; 4.2e-10 s                  ; No                        ; No                        ;
; VGA_B[6]      ; 3.3-V LVTTL  ; 0 s                 ; 0 s                 ; 3.46 V                       ; 1.85e-07 V                   ; 3.57 V              ; -0.141 V            ; 0.301 V                              ; 0.239 V                              ; 4.61e-10 s                  ; 4.2e-10 s                   ; No                         ; No                         ; 3.46 V                      ; 1.85e-07 V                  ; 3.57 V             ; -0.141 V           ; 0.301 V                             ; 0.239 V                             ; 4.61e-10 s                 ; 4.2e-10 s                  ; No                        ; No                        ;
; VGA_B[7]      ; 3.3-V LVTTL  ; 0 s                 ; 0 s                 ; 3.46 V                       ; 1.85e-07 V                   ; 3.57 V              ; -0.141 V            ; 0.301 V                              ; 0.239 V                              ; 4.61e-10 s                  ; 4.2e-10 s                   ; No                         ; No                         ; 3.46 V                      ; 1.85e-07 V                  ; 3.57 V             ; -0.141 V           ; 0.301 V                             ; 0.239 V                             ; 4.61e-10 s                 ; 4.2e-10 s                  ; No                        ; No                        ;
; VGA_CLK       ; 3.3-V LVTTL  ; 0 s                 ; 0 s                 ; 3.46 V                       ; 1.85e-07 V                   ; 3.57 V              ; -0.141 V            ; 0.301 V                              ; 0.239 V                              ; 4.61e-10 s                  ; 4.2e-10 s                   ; No                         ; No                         ; 3.46 V                      ; 1.85e-07 V                  ; 3.57 V             ; -0.141 V           ; 0.301 V                             ; 0.239 V                             ; 4.61e-10 s                 ; 4.2e-10 s                  ; No                        ; No                        ;
; VGA_HS        ; 3.3-V LVTTL  ; 0 s                 ; 0 s                 ; 3.46 V                       ; 1.85e-07 V                   ; 3.57 V              ; -0.141 V            ; 0.301 V                              ; 0.239 V                              ; 4.61e-10 s                  ; 4.2e-10 s                   ; No                         ; No                         ; 3.46 V                      ; 1.85e-07 V                  ; 3.57 V             ; -0.141 V           ; 0.301 V                             ; 0.239 V                             ; 4.61e-10 s                 ; 4.2e-10 s                  ; No                        ; No                        ;
; VGA_VS        ; 3.3-V LVTTL  ; 0 s                 ; 0 s                 ; 3.46 V                       ; 1.85e-07 V                   ; 3.57 V              ; -0.141 V            ; 0.301 V                              ; 0.239 V                              ; 4.61e-10 s                  ; 4.2e-10 s                   ; No                         ; No                         ; 3.46 V                      ; 1.85e-07 V                  ; 3.57 V             ; -0.141 V           ; 0.301 V                             ; 0.239 V                             ; 4.61e-10 s                 ; 4.2e-10 s                  ; No                        ; No                        ;
; VGA_BLANK_N   ; 3.3-V LVTTL  ; 0 s                 ; 0 s                 ; 3.46 V                       ; 1.85e-07 V                   ; 3.57 V              ; -0.141 V            ; 0.301 V                              ; 0.239 V                              ; 4.61e-10 s                  ; 4.2e-10 s                   ; No                         ; No                         ; 3.46 V                      ; 1.85e-07 V                  ; 3.57 V             ; -0.141 V           ; 0.301 V                             ; 0.239 V                             ; 4.61e-10 s                 ; 4.2e-10 s                  ; No                        ; No                        ;
; VGA_SYNC_N    ; 3.3-V LVTTL  ; 0 s                 ; 0 s                 ; 3.46 V                       ; 1.85e-07 V                   ; 3.57 V              ; -0.141 V            ; 0.301 V                              ; 0.239 V                              ; 4.61e-10 s                  ; 4.2e-10 s                   ; No                         ; No                         ; 3.46 V                      ; 1.85e-07 V                  ; 3.57 V             ; -0.141 V           ; 0.301 V                             ; 0.239 V                             ; 4.61e-10 s                 ; 4.2e-10 s                  ; No                        ; No                        ;
; TD_RESET_N    ; 3.3-V LVTTL  ; 0 s                 ; 0 s                 ; 3.46 V                       ; 1.85e-07 V                   ; 3.57 V              ; -0.141 V            ; 0.301 V                              ; 0.239 V                              ; 4.61e-10 s                  ; 4.2e-10 s                   ; No                         ; No                         ; 3.46 V                      ; 1.85e-07 V                  ; 3.57 V             ; -0.141 V           ; 0.301 V                             ; 0.239 V                             ; 4.61e-10 s                 ; 4.2e-10 s                  ; No                        ; No                        ;
; LEDR[0]       ; 2.5 V        ; 0 s                 ; 0 s                 ; 2.62 V                       ; 4.05e-08 V                   ; 2.72 V              ; -0.0349 V           ; 0.173 V                              ; 0.1 V                                ; 2.72e-10 s                  ; 2.69e-10 s                  ; Yes                        ; Yes                        ; 2.62 V                      ; 4.05e-08 V                  ; 2.72 V             ; -0.0349 V          ; 0.173 V                             ; 0.1 V                               ; 2.72e-10 s                 ; 2.69e-10 s                 ; Yes                       ; Yes                       ;
; LEDR[1]       ; 2.5 V        ; 0 s                 ; 0 s                 ; 2.62 V                       ; 4.05e-08 V                   ; 2.72 V              ; -0.0349 V           ; 0.173 V                              ; 0.1 V                                ; 2.72e-10 s                  ; 2.69e-10 s                  ; Yes                        ; Yes                        ; 2.62 V                      ; 4.05e-08 V                  ; 2.72 V             ; -0.0349 V          ; 0.173 V                             ; 0.1 V                               ; 2.72e-10 s                 ; 2.69e-10 s                 ; Yes                       ; Yes                       ;
; LEDR[2]       ; 2.5 V        ; 0 s                 ; 0 s                 ; 2.62 V                       ; 4.05e-08 V                   ; 2.72 V              ; -0.0349 V           ; 0.173 V                              ; 0.1 V                                ; 2.72e-10 s                  ; 2.69e-10 s                  ; Yes                        ; Yes                        ; 2.62 V                      ; 4.05e-08 V                  ; 2.72 V             ; -0.0349 V          ; 0.173 V                             ; 0.1 V                               ; 2.72e-10 s                 ; 2.69e-10 s                 ; Yes                       ; Yes                       ;
; LEDR[3]       ; 2.5 V        ; 0 s                 ; 0 s                 ; 2.62 V                       ; 4.05e-08 V                   ; 2.72 V              ; -0.0349 V           ; 0.173 V                              ; 0.1 V                                ; 2.72e-10 s                  ; 2.69e-10 s                  ; Yes                        ; Yes                        ; 2.62 V                      ; 4.05e-08 V                  ; 2.72 V             ; -0.0349 V          ; 0.173 V                             ; 0.1 V                               ; 2.72e-10 s                 ; 2.69e-10 s                 ; Yes                       ; Yes                       ;
; LEDR[4]       ; 2.5 V        ; 0 s                 ; 0 s                 ; 2.62 V                       ; 4.05e-08 V                   ; 2.72 V              ; -0.0349 V           ; 0.173 V                              ; 0.1 V                                ; 2.72e-10 s                  ; 2.69e-10 s                  ; Yes                        ; Yes                        ; 2.62 V                      ; 4.05e-08 V                  ; 2.72 V             ; -0.0349 V          ; 0.173 V                             ; 0.1 V                               ; 2.72e-10 s                 ; 2.69e-10 s                 ; Yes                       ; Yes                       ;
; LEDR[5]       ; 2.5 V        ; 0 s                 ; 0 s                 ; 2.62 V                       ; 4.05e-08 V                   ; 2.72 V              ; -0.0349 V           ; 0.173 V                              ; 0.1 V                                ; 2.72e-10 s                  ; 2.69e-10 s                  ; Yes                        ; Yes                        ; 2.62 V                      ; 4.05e-08 V                  ; 2.72 V             ; -0.0349 V          ; 0.173 V                             ; 0.1 V                               ; 2.72e-10 s                 ; 2.69e-10 s                 ; Yes                       ; Yes                       ;
; LEDR[6]       ; 2.5 V        ; 0 s                 ; 0 s                 ; 2.62 V                       ; 4.05e-08 V                   ; 2.72 V              ; -0.0349 V           ; 0.173 V                              ; 0.1 V                                ; 2.72e-10 s                  ; 2.69e-10 s                  ; Yes                        ; Yes                        ; 2.62 V                      ; 4.05e-08 V                  ; 2.72 V             ; -0.0349 V          ; 0.173 V                             ; 0.1 V                               ; 2.72e-10 s                 ; 2.69e-10 s                 ; Yes                       ; Yes                       ;
; LEDR[7]       ; 2.5 V        ; 0 s                 ; 0 s                 ; 2.62 V                       ; 4.05e-08 V                   ; 2.72 V              ; -0.0349 V           ; 0.173 V                              ; 0.1 V                                ; 2.72e-10 s                  ; 2.69e-10 s                  ; Yes                        ; Yes                        ; 2.62 V                      ; 4.05e-08 V                  ; 2.72 V             ; -0.0349 V          ; 0.173 V                             ; 0.1 V                               ; 2.72e-10 s                 ; 2.69e-10 s                 ; Yes                       ; Yes                       ;
; LEDG[0]       ; 2.5 V        ; 0 s                 ; 0 s                 ; 2.62 V                       ; 4.05e-08 V                   ; 2.72 V              ; -0.0349 V           ; 0.173 V                              ; 0.1 V                                ; 2.72e-10 s                  ; 2.69e-10 s                  ; Yes                        ; Yes                        ; 2.62 V                      ; 4.05e-08 V                  ; 2.72 V             ; -0.0349 V          ; 0.173 V                             ; 0.1 V                               ; 2.72e-10 s                 ; 2.69e-10 s                 ; Yes                       ; Yes                       ;
; LEDG[1]       ; 2.5 V        ; 0 s                 ; 0 s                 ; 2.62 V                       ; 4.05e-08 V                   ; 2.72 V              ; -0.0349 V           ; 0.173 V                              ; 0.1 V                                ; 2.72e-10 s                  ; 2.69e-10 s                  ; Yes                        ; Yes                        ; 2.62 V                      ; 4.05e-08 V                  ; 2.72 V             ; -0.0349 V          ; 0.173 V                             ; 0.1 V                               ; 2.72e-10 s                 ; 2.69e-10 s                 ; Yes                       ; Yes                       ;
; LEDG[2]       ; 2.5 V        ; 0 s                 ; 0 s                 ; 2.62 V                       ; 4.05e-08 V                   ; 2.72 V              ; -0.0349 V           ; 0.173 V                              ; 0.1 V                                ; 2.72e-10 s                  ; 2.69e-10 s                  ; Yes                        ; Yes                        ; 2.62 V                      ; 4.05e-08 V                  ; 2.72 V             ; -0.0349 V          ; 0.173 V                             ; 0.1 V                               ; 2.72e-10 s                 ; 2.69e-10 s                 ; Yes                       ; Yes                       ;
; LEDG[3]       ; 2.5 V        ; 0 s                 ; 0 s                 ; 2.62 V                       ; 4.05e-08 V                   ; 2.72 V              ; -0.0349 V           ; 0.173 V                              ; 0.1 V                                ; 2.72e-10 s                  ; 2.69e-10 s                  ; Yes                        ; Yes                        ; 2.62 V                      ; 4.05e-08 V                  ; 2.72 V             ; -0.0349 V          ; 0.173 V                             ; 0.1 V                               ; 2.72e-10 s                 ; 2.69e-10 s                 ; Yes                       ; Yes                       ;
; LEDG[4]       ; 2.5 V        ; 0 s                 ; 0 s                 ; 2.62 V                       ; 4.05e-08 V                   ; 2.72 V              ; -0.0349 V           ; 0.173 V                              ; 0.1 V                                ; 2.72e-10 s                  ; 2.69e-10 s                  ; Yes                        ; Yes                        ; 2.62 V                      ; 4.05e-08 V                  ; 2.72 V             ; -0.0349 V          ; 0.173 V                             ; 0.1 V                               ; 2.72e-10 s                 ; 2.69e-10 s                 ; Yes                       ; Yes                       ;
; LEDG[5]       ; 2.5 V        ; 0 s                 ; 0 s                 ; 2.62 V                       ; 4.05e-08 V                   ; 2.72 V              ; -0.0349 V           ; 0.173 V                              ; 0.1 V                                ; 2.72e-10 s                  ; 2.69e-10 s                  ; Yes                        ; Yes                        ; 2.62 V                      ; 4.05e-08 V                  ; 2.72 V             ; -0.0349 V          ; 0.173 V                             ; 0.1 V                               ; 2.72e-10 s                 ; 2.69e-10 s                 ; Yes                       ; Yes                       ;
; LEDG[6]       ; 2.5 V        ; 0 s                 ; 0 s                 ; 2.62 V                       ; 4.05e-08 V                   ; 2.72 V              ; -0.0349 V           ; 0.173 V                              ; 0.1 V                                ; 2.72e-10 s                  ; 2.69e-10 s                  ; Yes                        ; Yes                        ; 2.62 V                      ; 4.05e-08 V                  ; 2.72 V             ; -0.0349 V          ; 0.173 V                             ; 0.1 V                               ; 2.72e-10 s                 ; 2.69e-10 s                 ; Yes                       ; Yes                       ;
; LEDG[7]       ; 2.5 V        ; 0 s                 ; 0 s                 ; 2.62 V                       ; 4.05e-08 V                   ; 2.72 V              ; -0.0349 V           ; 0.173 V                              ; 0.1 V                                ; 2.72e-10 s                  ; 2.69e-10 s                  ; Yes                        ; Yes                        ; 2.62 V                      ; 4.05e-08 V                  ; 2.72 V             ; -0.0349 V          ; 0.173 V                             ; 0.1 V                               ; 2.72e-10 s                 ; 2.69e-10 s                 ; Yes                       ; Yes                       ;
; LEDG[8]       ; 2.5 V        ; 0 s                 ; 0 s                 ; 2.62 V                       ; 4.05e-08 V                   ; 2.72 V              ; -0.0349 V           ; 0.173 V                              ; 0.1 V                                ; 2.72e-10 s                  ; 2.69e-10 s                  ; Yes                        ; Yes                        ; 2.62 V                      ; 4.05e-08 V                  ; 2.72 V             ; -0.0349 V          ; 0.173 V                             ; 0.1 V                               ; 2.72e-10 s                 ; 2.69e-10 s                 ; Yes                       ; Yes                       ;
; DRAM_CKE      ; 3.3-V LVTTL  ; 0 s                 ; 0 s                 ; 3.46 V                       ; 1.25e-07 V                   ; 3.57 V              ; -0.0855 V           ; 0.315 V                              ; 0.175 V                              ; 6.79e-10 s                  ; 6.15e-10 s                  ; No                         ; No                         ; 3.46 V                      ; 1.25e-07 V                  ; 3.57 V             ; -0.0855 V          ; 0.315 V                             ; 0.175 V                             ; 6.79e-10 s                 ; 6.15e-10 s                 ; No                        ; No                        ;
; DRAM_CS_N     ; 3.3-V LVTTL  ; 0 s                 ; 0 s                 ; 3.46 V                       ; 1.25e-07 V                   ; 3.57 V              ; -0.0855 V           ; 0.315 V                              ; 0.175 V                              ; 6.79e-10 s                  ; 6.15e-10 s                  ; No                         ; No                         ; 3.46 V                      ; 1.25e-07 V                  ; 3.57 V             ; -0.0855 V          ; 0.315 V                             ; 0.175 V                             ; 6.79e-10 s                 ; 6.15e-10 s                 ; No                        ; No                        ;
; DRAM_RAS_N    ; 3.3-V LVTTL  ; 0 s                 ; 0 s                 ; 3.46 V                       ; 1.25e-07 V                   ; 3.57 V              ; -0.0855 V           ; 0.315 V                              ; 0.175 V                              ; 6.79e-10 s                  ; 6.15e-10 s                  ; No                         ; No                         ; 3.46 V                      ; 1.25e-07 V                  ; 3.57 V             ; -0.0855 V          ; 0.315 V                             ; 0.175 V                             ; 6.79e-10 s                 ; 6.15e-10 s                 ; No                        ; No                        ;
; DRAM_CAS_N    ; 3.3-V LVTTL  ; 0 s                 ; 0 s                 ; 3.46 V                       ; 1.25e-07 V                   ; 3.57 V              ; -0.0855 V           ; 0.315 V                              ; 0.175 V                              ; 6.79e-10 s                  ; 6.15e-10 s                  ; No                         ; No                         ; 3.46 V                      ; 1.25e-07 V                  ; 3.57 V             ; -0.0855 V          ; 0.315 V                             ; 0.175 V                             ; 6.79e-10 s                 ; 6.15e-10 s                 ; No                        ; No                        ;
; DRAM_WE_N     ; 3.3-V LVTTL  ; 0 s                 ; 0 s                 ; 3.46 V                       ; 1.25e-07 V                   ; 3.57 V              ; -0.0855 V           ; 0.315 V                              ; 0.175 V                              ; 6.79e-10 s                  ; 6.15e-10 s                  ; No                         ; No                         ; 3.46 V                      ; 1.25e-07 V                  ; 3.57 V             ; -0.0855 V          ; 0.315 V                             ; 0.175 V                             ; 6.79e-10 s                 ; 6.15e-10 s                 ; No                        ; No                        ;
; DRAM_BA[0]    ; 3.3-V LVTTL  ; 0 s                 ; 0 s                 ; 3.46 V                       ; 1.25e-07 V                   ; 3.6 V               ; -0.127 V            ; 0.302 V                              ; 0.21 V                               ; 4.55e-10 s                  ; 4.11e-10 s                  ; No                         ; No                         ; 3.46 V                      ; 1.25e-07 V                  ; 3.6 V              ; -0.127 V           ; 0.302 V                             ; 0.21 V                              ; 4.55e-10 s                 ; 4.11e-10 s                 ; No                        ; No                        ;
; DRAM_BA[1]    ; 3.3-V LVTTL  ; 0 s                 ; 0 s                 ; 3.46 V                       ; 1.25e-07 V                   ; 3.57 V              ; -0.0855 V           ; 0.315 V                              ; 0.175 V                              ; 6.79e-10 s                  ; 6.15e-10 s                  ; No                         ; No                         ; 3.46 V                      ; 1.25e-07 V                  ; 3.57 V             ; -0.0855 V          ; 0.315 V                             ; 0.175 V                             ; 6.79e-10 s                 ; 6.15e-10 s                 ; No                        ; No                        ;
; DRAM_ADDR[0]  ; 3.3-V LVTTL  ; 0 s                 ; 0 s                 ; 3.46 V                       ; 1.25e-07 V                   ; 3.57 V              ; -0.0855 V           ; 0.315 V                              ; 0.175 V                              ; 6.79e-10 s                  ; 6.15e-10 s                  ; No                         ; No                         ; 3.46 V                      ; 1.25e-07 V                  ; 3.57 V             ; -0.0855 V          ; 0.315 V                             ; 0.175 V                             ; 6.79e-10 s                 ; 6.15e-10 s                 ; No                        ; No                        ;
; DRAM_ADDR[1]  ; 3.3-V LVTTL  ; 0 s                 ; 0 s                 ; 3.46 V                       ; 1.25e-07 V                   ; 3.57 V              ; -0.0855 V           ; 0.315 V                              ; 0.175 V                              ; 6.79e-10 s                  ; 6.15e-10 s                  ; No                         ; No                         ; 3.46 V                      ; 1.25e-07 V                  ; 3.57 V             ; -0.0855 V          ; 0.315 V                             ; 0.175 V                             ; 6.79e-10 s                 ; 6.15e-10 s                 ; No                        ; No                        ;
; DRAM_ADDR[2]  ; 3.3-V LVTTL  ; 0 s                 ; 0 s                 ; 3.46 V                       ; 1.25e-07 V                   ; 3.6 V               ; -0.127 V            ; 0.302 V                              ; 0.21 V                               ; 4.55e-10 s                  ; 4.11e-10 s                  ; No                         ; No                         ; 3.46 V                      ; 1.25e-07 V                  ; 3.6 V              ; -0.127 V           ; 0.302 V                             ; 0.21 V                              ; 4.55e-10 s                 ; 4.11e-10 s                 ; No                        ; No                        ;
; DRAM_ADDR[3]  ; 3.3-V LVTTL  ; 0 s                 ; 0 s                 ; 3.46 V                       ; 1.25e-07 V                   ; 3.57 V              ; -0.0855 V           ; 0.315 V                              ; 0.175 V                              ; 6.79e-10 s                  ; 6.15e-10 s                  ; No                         ; No                         ; 3.46 V                      ; 1.25e-07 V                  ; 3.57 V             ; -0.0855 V          ; 0.315 V                             ; 0.175 V                             ; 6.79e-10 s                 ; 6.15e-10 s                 ; No                        ; No                        ;
; DRAM_ADDR[4]  ; 3.3-V LVTTL  ; 0 s                 ; 0 s                 ; 3.46 V                       ; 1.25e-07 V                   ; 3.57 V              ; -0.0855 V           ; 0.315 V                              ; 0.175 V                              ; 6.79e-10 s                  ; 6.15e-10 s                  ; No                         ; No                         ; 3.46 V                      ; 1.25e-07 V                  ; 3.57 V             ; -0.0855 V          ; 0.315 V                             ; 0.175 V                             ; 6.79e-10 s                 ; 6.15e-10 s                 ; No                        ; No                        ;
; DRAM_ADDR[5]  ; 3.3-V LVTTL  ; 0 s                 ; 0 s                 ; 3.46 V                       ; 1.25e-07 V                   ; 3.57 V              ; -0.0855 V           ; 0.315 V                              ; 0.175 V                              ; 6.79e-10 s                  ; 6.15e-10 s                  ; No                         ; No                         ; 3.46 V                      ; 1.25e-07 V                  ; 3.57 V             ; -0.0855 V          ; 0.315 V                             ; 0.175 V                             ; 6.79e-10 s                 ; 6.15e-10 s                 ; No                        ; No                        ;
; DRAM_ADDR[6]  ; 3.3-V LVTTL  ; 0 s                 ; 0 s                 ; 3.46 V                       ; 1.25e-07 V                   ; 3.6 V               ; -0.127 V            ; 0.302 V                              ; 0.21 V                               ; 4.55e-10 s                  ; 4.11e-10 s                  ; No                         ; No                         ; 3.46 V                      ; 1.25e-07 V                  ; 3.6 V              ; -0.127 V           ; 0.302 V                             ; 0.21 V                              ; 4.55e-10 s                 ; 4.11e-10 s                 ; No                        ; No                        ;
; DRAM_ADDR[7]  ; 3.3-V LVTTL  ; 0 s                 ; 0 s                 ; 3.46 V                       ; 1.25e-07 V                   ; 3.6 V               ; -0.127 V            ; 0.302 V                              ; 0.21 V                               ; 4.55e-10 s                  ; 4.11e-10 s                  ; No                         ; No                         ; 3.46 V                      ; 1.25e-07 V                  ; 3.6 V              ; -0.127 V           ; 0.302 V                             ; 0.21 V                              ; 4.55e-10 s                 ; 4.11e-10 s                 ; No                        ; No                        ;
; DRAM_ADDR[8]  ; 3.3-V LVTTL  ; 0 s                 ; 0 s                 ; 3.46 V                       ; 1.25e-07 V                   ; 3.57 V              ; -0.0855 V           ; 0.315 V                              ; 0.175 V                              ; 6.79e-10 s                  ; 6.15e-10 s                  ; No                         ; No                         ; 3.46 V                      ; 1.25e-07 V                  ; 3.57 V             ; -0.0855 V          ; 0.315 V                             ; 0.175 V                             ; 6.79e-10 s                 ; 6.15e-10 s                 ; No                        ; No                        ;
; DRAM_ADDR[9]  ; 3.3-V LVTTL  ; 0 s                 ; 0 s                 ; 3.46 V                       ; 1.25e-07 V                   ; 3.57 V              ; -0.0855 V           ; 0.315 V                              ; 0.175 V                              ; 6.79e-10 s                  ; 6.15e-10 s                  ; No                         ; No                         ; 3.46 V                      ; 1.25e-07 V                  ; 3.57 V             ; -0.0855 V          ; 0.315 V                             ; 0.175 V                             ; 6.79e-10 s                 ; 6.15e-10 s                 ; No                        ; No                        ;
; DRAM_ADDR[10] ; 3.3-V LVTTL  ; 0 s                 ; 0 s                 ; 3.46 V                       ; 1.25e-07 V                   ; 3.6 V               ; -0.127 V            ; 0.302 V                              ; 0.21 V                               ; 4.55e-10 s                  ; 4.11e-10 s                  ; No                         ; No                         ; 3.46 V                      ; 1.25e-07 V                  ; 3.6 V              ; -0.127 V           ; 0.302 V                             ; 0.21 V                              ; 4.55e-10 s                 ; 4.11e-10 s                 ; No                        ; No                        ;
; DRAM_ADDR[11] ; 3.3-V LVTTL  ; 0 s                 ; 0 s                 ; 3.46 V                       ; 1.25e-07 V                   ; 3.57 V              ; -0.0855 V           ; 0.315 V                              ; 0.175 V                              ; 6.79e-10 s                  ; 6.15e-10 s                  ; No                         ; No                         ; 3.46 V                      ; 1.25e-07 V                  ; 3.57 V             ; -0.0855 V          ; 0.315 V                             ; 0.175 V                             ; 6.79e-10 s                 ; 6.15e-10 s                 ; No                        ; No                        ;
; DRAM_ADDR[12] ; 3.3-V LVTTL  ; 0 s                 ; 0 s                 ; 3.46 V                       ; 1.25e-07 V                   ; 3.57 V              ; -0.0855 V           ; 0.315 V                              ; 0.175 V                              ; 6.79e-10 s                  ; 6.15e-10 s                  ; No                         ; No                         ; 3.46 V                      ; 1.25e-07 V                  ; 3.57 V             ; -0.0855 V          ; 0.315 V                             ; 0.175 V                             ; 6.79e-10 s                 ; 6.15e-10 s                 ; No                        ; No                        ;
; DRAM_DQM[0]   ; 3.3-V LVTTL  ; 0 s                 ; 0 s                 ; 3.46 V                       ; 1.25e-07 V                   ; 3.57 V              ; -0.0855 V           ; 0.315 V                              ; 0.175 V                              ; 6.79e-10 s                  ; 6.15e-10 s                  ; No                         ; No                         ; 3.46 V                      ; 1.25e-07 V                  ; 3.57 V             ; -0.0855 V          ; 0.315 V                             ; 0.175 V                             ; 6.79e-10 s                 ; 6.15e-10 s                 ; No                        ; No                        ;
; DRAM_DQM[1]   ; 3.3-V LVTTL  ; 0 s                 ; 0 s                 ; 3.46 V                       ; 1.25e-07 V                   ; 3.57 V              ; -0.0855 V           ; 0.315 V                              ; 0.175 V                              ; 6.79e-10 s                  ; 6.15e-10 s                  ; No                         ; No                         ; 3.46 V                      ; 1.25e-07 V                  ; 3.57 V             ; -0.0855 V          ; 0.315 V                             ; 0.175 V                             ; 6.79e-10 s                 ; 6.15e-10 s                 ; No                        ; No                        ;
; DRAM_DQ[0]    ; 3.3-V LVTTL  ; 0 s                 ; 0 s                 ; 3.46 V                       ; 1.25e-07 V                   ; 3.57 V              ; -0.0855 V           ; 0.315 V                              ; 0.175 V                              ; 6.79e-10 s                  ; 6.15e-10 s                  ; No                         ; No                         ; 3.46 V                      ; 1.25e-07 V                  ; 3.57 V             ; -0.0855 V          ; 0.315 V                             ; 0.175 V                             ; 6.79e-10 s                 ; 6.15e-10 s                 ; No                        ; No                        ;
; DRAM_DQ[1]    ; 3.3-V LVTTL  ; 0 s                 ; 0 s                 ; 3.46 V                       ; 1.25e-07 V                   ; 3.57 V              ; -0.0855 V           ; 0.315 V                              ; 0.175 V                              ; 6.79e-10 s                  ; 6.15e-10 s                  ; No                         ; No                         ; 3.46 V                      ; 1.25e-07 V                  ; 3.57 V             ; -0.0855 V          ; 0.315 V                             ; 0.175 V                             ; 6.79e-10 s                 ; 6.15e-10 s                 ; No                        ; No                        ;
; DRAM_DQ[2]    ; 3.3-V LVTTL  ; 0 s                 ; 0 s                 ; 3.46 V                       ; 1.25e-07 V                   ; 3.57 V              ; -0.0855 V           ; 0.315 V                              ; 0.175 V                              ; 6.79e-10 s                  ; 6.15e-10 s                  ; No                         ; No                         ; 3.46 V                      ; 1.25e-07 V                  ; 3.57 V             ; -0.0855 V          ; 0.315 V                             ; 0.175 V                             ; 6.79e-10 s                 ; 6.15e-10 s                 ; No                        ; No                        ;
; DRAM_DQ[3]    ; 3.3-V LVTTL  ; 0 s                 ; 0 s                 ; 3.46 V                       ; 1.25e-07 V                   ; 3.57 V              ; -0.0855 V           ; 0.315 V                              ; 0.175 V                              ; 6.79e-10 s                  ; 6.15e-10 s                  ; No                         ; No                         ; 3.46 V                      ; 1.25e-07 V                  ; 3.57 V             ; -0.0855 V          ; 0.315 V                             ; 0.175 V                             ; 6.79e-10 s                 ; 6.15e-10 s                 ; No                        ; No                        ;
; DRAM_DQ[4]    ; 3.3-V LVTTL  ; 0 s                 ; 0 s                 ; 3.46 V                       ; 1.25e-07 V                   ; 3.57 V              ; -0.0855 V           ; 0.315 V                              ; 0.175 V                              ; 6.79e-10 s                  ; 6.15e-10 s                  ; No                         ; No                         ; 3.46 V                      ; 1.25e-07 V                  ; 3.57 V             ; -0.0855 V          ; 0.315 V                             ; 0.175 V                             ; 6.79e-10 s                 ; 6.15e-10 s                 ; No                        ; No                        ;
; DRAM_DQ[5]    ; 3.3-V LVTTL  ; 0 s                 ; 0 s                 ; 3.46 V                       ; 1.25e-07 V                   ; 3.57 V              ; -0.0855 V           ; 0.315 V                              ; 0.175 V                              ; 6.79e-10 s                  ; 6.15e-10 s                  ; No                         ; No                         ; 3.46 V                      ; 1.25e-07 V                  ; 3.57 V             ; -0.0855 V          ; 0.315 V                             ; 0.175 V                             ; 6.79e-10 s                 ; 6.15e-10 s                 ; No                        ; No                        ;
; DRAM_DQ[6]    ; 3.3-V LVTTL  ; 0 s                 ; 0 s                 ; 3.46 V                       ; 1.25e-07 V                   ; 3.57 V              ; -0.0855 V           ; 0.315 V                              ; 0.175 V                              ; 6.79e-10 s                  ; 6.15e-10 s                  ; No                         ; No                         ; 3.46 V                      ; 1.25e-07 V                  ; 3.57 V             ; -0.0855 V          ; 0.315 V                             ; 0.175 V                             ; 6.79e-10 s                 ; 6.15e-10 s                 ; No                        ; No                        ;
; DRAM_DQ[7]    ; 3.3-V LVTTL  ; 0 s                 ; 0 s                 ; 3.46 V                       ; 1.25e-07 V                   ; 3.57 V              ; -0.0855 V           ; 0.315 V                              ; 0.175 V                              ; 6.79e-10 s                  ; 6.15e-10 s                  ; No                         ; No                         ; 3.46 V                      ; 1.25e-07 V                  ; 3.57 V             ; -0.0855 V          ; 0.315 V                             ; 0.175 V                             ; 6.79e-10 s                 ; 6.15e-10 s                 ; No                        ; No                        ;
; DRAM_DQ[8]    ; 3.3-V LVTTL  ; 0 s                 ; 0 s                 ; 3.46 V                       ; 1.25e-07 V                   ; 3.57 V              ; -0.0855 V           ; 0.315 V                              ; 0.175 V                              ; 6.79e-10 s                  ; 6.15e-10 s                  ; No                         ; No                         ; 3.46 V                      ; 1.25e-07 V                  ; 3.57 V             ; -0.0855 V          ; 0.315 V                             ; 0.175 V                             ; 6.79e-10 s                 ; 6.15e-10 s                 ; No                        ; No                        ;
; DRAM_DQ[9]    ; 3.3-V LVTTL  ; 0 s                 ; 0 s                 ; 3.46 V                       ; 1.25e-07 V                   ; 3.57 V              ; -0.0855 V           ; 0.315 V                              ; 0.175 V                              ; 6.79e-10 s                  ; 6.15e-10 s                  ; No                         ; No                         ; 3.46 V                      ; 1.25e-07 V                  ; 3.57 V             ; -0.0855 V          ; 0.315 V                             ; 0.175 V                             ; 6.79e-10 s                 ; 6.15e-10 s                 ; No                        ; No                        ;
; DRAM_DQ[10]   ; 3.3-V LVTTL  ; 0 s                 ; 0 s                 ; 3.46 V                       ; 1.25e-07 V                   ; 3.57 V              ; -0.0855 V           ; 0.315 V                              ; 0.175 V                              ; 6.79e-10 s                  ; 6.15e-10 s                  ; No                         ; No                         ; 3.46 V                      ; 1.25e-07 V                  ; 3.57 V             ; -0.0855 V          ; 0.315 V                             ; 0.175 V                             ; 6.79e-10 s                 ; 6.15e-10 s                 ; No                        ; No                        ;
; DRAM_DQ[11]   ; 3.3-V LVTTL  ; 0 s                 ; 0 s                 ; 3.46 V                       ; 1.25e-07 V                   ; 3.57 V              ; -0.0855 V           ; 0.315 V                              ; 0.175 V                              ; 6.79e-10 s                  ; 6.15e-10 s                  ; No                         ; No                         ; 3.46 V                      ; 1.25e-07 V                  ; 3.57 V             ; -0.0855 V          ; 0.315 V                             ; 0.175 V                             ; 6.79e-10 s                 ; 6.15e-10 s                 ; No                        ; No                        ;
; DRAM_DQ[12]   ; 3.3-V LVTTL  ; 0 s                 ; 0 s                 ; 3.46 V                       ; 1.25e-07 V                   ; 3.57 V              ; -0.0855 V           ; 0.315 V                              ; 0.175 V                              ; 6.79e-10 s                  ; 6.15e-10 s                  ; No                         ; No                         ; 3.46 V                      ; 1.25e-07 V                  ; 3.57 V             ; -0.0855 V          ; 0.315 V                             ; 0.175 V                             ; 6.79e-10 s                 ; 6.15e-10 s                 ; No                        ; No                        ;
; DRAM_DQ[13]   ; 3.3-V LVTTL  ; 0 s                 ; 0 s                 ; 3.46 V                       ; 1.25e-07 V                   ; 3.57 V              ; -0.0855 V           ; 0.315 V                              ; 0.175 V                              ; 6.79e-10 s                  ; 6.15e-10 s                  ; No                         ; No                         ; 3.46 V                      ; 1.25e-07 V                  ; 3.57 V             ; -0.0855 V          ; 0.315 V                             ; 0.175 V                             ; 6.79e-10 s                 ; 6.15e-10 s                 ; No                        ; No                        ;
; DRAM_DQ[14]   ; 3.3-V LVTTL  ; 0 s                 ; 0 s                 ; 3.46 V                       ; 1.25e-07 V                   ; 3.6 V               ; -0.127 V            ; 0.302 V                              ; 0.21 V                               ; 4.55e-10 s                  ; 4.11e-10 s                  ; No                         ; No                         ; 3.46 V                      ; 1.25e-07 V                  ; 3.6 V              ; -0.127 V           ; 0.302 V                             ; 0.21 V                              ; 4.55e-10 s                 ; 4.11e-10 s                 ; No                        ; No                        ;
; DRAM_DQ[15]   ; 3.3-V LVTTL  ; 0 s                 ; 0 s                 ; 3.46 V                       ; 1.25e-07 V                   ; 3.57 V              ; -0.0855 V           ; 0.315 V                              ; 0.175 V                              ; 6.79e-10 s                  ; 6.15e-10 s                  ; No                         ; No                         ; 3.46 V                      ; 1.25e-07 V                  ; 3.57 V             ; -0.0855 V          ; 0.315 V                             ; 0.175 V                             ; 6.79e-10 s                 ; 6.15e-10 s                 ; No                        ; No                        ;
; ~ALTERA_DCLK~ ; 3.3-V LVTTL  ; 0 s                 ; 0 s                 ; 3.46 V                       ; 6.54e-08 V                   ; 3.66 V              ; -0.26 V             ; 0.41 V                               ; 0.32 V                               ; 1.57e-10 s                  ; 2.15e-10 s                  ; No                         ; Yes                        ; 3.46 V                      ; 6.54e-08 V                  ; 3.66 V             ; -0.26 V            ; 0.41 V                              ; 0.32 V                              ; 1.57e-10 s                 ; 2.15e-10 s                 ; No                        ; Yes                       ;
; ~ALTERA_nCEO~ ; 2.5 V        ; 0 s                 ; 0 s                 ; 2.62 V                       ; 3.54e-08 V                   ; 2.7 V               ; -0.00943 V          ; 0.276 V                              ; 0.035 V                              ; 3.19e-10 s                  ; 4.99e-10 s                  ; No                         ; Yes                        ; 2.62 V                      ; 3.54e-08 V                  ; 2.7 V              ; -0.00943 V         ; 0.276 V                             ; 0.035 V                             ; 3.19e-10 s                 ; 4.99e-10 s                 ; No                        ; Yes                       ;
+---------------+--------------+---------------------+---------------------+------------------------------+------------------------------+---------------------+---------------------+--------------------------------------+--------------------------------------+-----------------------------+-----------------------------+----------------------------+----------------------------+-----------------------------+-----------------------------+--------------------+--------------------+-------------------------------------+-------------------------------------+----------------------------+----------------------------+---------------------------+---------------------------+


+-------------------------------------------------------------------+
; Setup Transfers                                                   ;
+------------+----------+----------+----------+----------+----------+
; From Clock ; To Clock ; RR Paths ; FR Paths ; RF Paths ; FF Paths ;
+------------+----------+----------+----------+----------+----------+
; CLOCK_50   ; CLOCK_50 ; 61325    ; 0        ; 0        ; 0        ;
; TD_CLK27   ; CLOCK_50 ; 1364     ; 0        ; 0        ; 0        ;
; CLOCK_50   ; TD_CLK27 ; 12       ; 0        ; 0        ; 0        ;
; TD_CLK27   ; TD_CLK27 ; 8911396  ; 0        ; 0        ; 0        ;
+------------+----------+----------+----------+----------+----------+
Entries labeled "false path" only account for clock-to-clock false paths and not path-based false paths. As a result, actual path counts may be lower than reported.


+-------------------------------------------------------------------+
; Hold Transfers                                                    ;
+------------+----------+----------+----------+----------+----------+
; From Clock ; To Clock ; RR Paths ; FR Paths ; RF Paths ; FF Paths ;
+------------+----------+----------+----------+----------+----------+
; CLOCK_50   ; CLOCK_50 ; 61325    ; 0        ; 0        ; 0        ;
; TD_CLK27   ; CLOCK_50 ; 1364     ; 0        ; 0        ; 0        ;
; CLOCK_50   ; TD_CLK27 ; 12       ; 0        ; 0        ; 0        ;
; TD_CLK27   ; TD_CLK27 ; 8911396  ; 0        ; 0        ; 0        ;
+------------+----------+----------+----------+----------+----------+
Entries labeled "false path" only account for clock-to-clock false paths and not path-based false paths. As a result, actual path counts may be lower than reported.


---------------
; Report TCCS ;
---------------
No dedicated SERDES Transmitter circuitry present in device or used in design


---------------
; Report RSKM ;
---------------
No non-DPA dedicated SERDES Receiver circuitry present in device or used in design


+------------------------------------------------+
; Unconstrained Paths Summary                    ;
+---------------------------------+-------+------+
; Property                        ; Setup ; Hold ;
+---------------------------------+-------+------+
; Illegal Clocks                  ; 0     ; 0    ;
; Unconstrained Clocks            ; 0     ; 0    ;
; Unconstrained Input Ports       ; 28    ; 28   ;
; Unconstrained Input Port Paths  ; 1276  ; 1276 ;
; Unconstrained Output Ports      ; 80    ; 80   ;
; Unconstrained Output Port Paths ; 173   ; 173  ;
+---------------------------------+-------+------+


+------------------------------------------+
; Clock Status Summary                     ;
+----------+----------+------+-------------+
; Target   ; Clock    ; Type ; Status      ;
+----------+----------+------+-------------+
; CLOCK_50 ; CLOCK_50 ; Base ; Constrained ;
; TD_CLK27 ; TD_CLK27 ; Base ; Constrained ;
+----------+----------+------+-------------+


+----------------------------------------------------------------------------------------------------+
; Unconstrained Input Ports                                                                          ;
+-------------+--------------------------------------------------------------------------------------+
; Input Port  ; Comment                                                                              ;
+-------------+--------------------------------------------------------------------------------------+
; DRAM_DQ[0]  ; No input delay, min/max delays, false-path exceptions, or max skew assignments found ;
; DRAM_DQ[1]  ; No input delay, min/max delays, false-path exceptions, or max skew assignments found ;
; DRAM_DQ[2]  ; No input delay, min/max delays, false-path exceptions, or max skew assignments found ;
; DRAM_DQ[3]  ; No input delay, min/max delays, false-path exceptions, or max skew assignments found ;
; DRAM_DQ[4]  ; No input delay, min/max delays, false-path exceptions, or max skew assignments found ;
; DRAM_DQ[5]  ; No input delay, min/max delays, false-path exceptions, or max skew assignments found ;
; DRAM_DQ[6]  ; No input delay, min/max delays, false-path exceptions, or max skew assignments found ;
; DRAM_DQ[7]  ; No input delay, min/max delays, false-path exceptions, or max skew assignments found ;
; DRAM_DQ[8]  ; No input delay, min/max delays, false-path exceptions, or max skew assignments found ;
; DRAM_DQ[9]  ; No input delay, min/max delays, false-path exceptions, or max skew assignments found ;
; DRAM_DQ[10] ; No input delay, min/max delays, false-path exceptions, or max skew assignments found ;
; DRAM_DQ[11] ; No input delay, min/max delays, false-path exceptions, or max skew assignments found ;
; DRAM_DQ[12] ; No input delay, min/max delays, false-path exceptions, or max skew assignments found ;
; DRAM_DQ[13] ; No input delay, min/max delays, false-path exceptions, or max skew assignments found ;
; DRAM_DQ[14] ; No input delay, min/max delays, false-path exceptions, or max skew assignments found ;
; DRAM_DQ[15] ; No input delay, min/max delays, false-path exceptions, or max skew assignments found ;
; KEY[0]      ; No input delay, min/max delays, false-path exceptions, or max skew assignments found ;
; SW[0]       ; No input delay, min/max delays, false-path exceptions, or max skew assignments found ;
; TD_DATA[0]  ; No input delay, min/max delays, false-path exceptions, or max skew assignments found ;
; TD_DATA[1]  ; No input delay, min/max delays, false-path exceptions, or max skew assignments found ;
; TD_DATA[2]  ; No input delay, min/max delays, false-path exceptions, or max skew assignments found ;
; TD_DATA[3]  ; No input delay, min/max delays, false-path exceptions, or max skew assignments found ;
; TD_DATA[4]  ; No input delay, min/max delays, false-path exceptions, or max skew assignments found ;
; TD_DATA[5]  ; No input delay, min/max delays, false-path exceptions, or max skew assignments found ;
; TD_DATA[6]  ; No input delay, min/max delays, false-path exceptions, or max skew assignments found ;
; TD_DATA[7]  ; No input delay, min/max delays, false-path exceptions, or max skew assignments found ;
; TD_HS       ; No input delay, min/max delays, false-path exceptions, or max skew assignments found ;
; TD_VS       ; No input delay, min/max delays, false-path exceptions, or max skew assignments found ;
+-------------+--------------------------------------------------------------------------------------+


+-------------------------------------------------------------------------------------------------------+
; Unconstrained Output Ports                                                                            ;
+---------------+---------------------------------------------------------------------------------------+
; Output Port   ; Comment                                                                               ;
+---------------+---------------------------------------------------------------------------------------+
; DRAM_ADDR[0]  ; No output delay, min/max delays, false-path exceptions, or max skew assignments found ;
; DRAM_ADDR[1]  ; No output delay, min/max delays, false-path exceptions, or max skew assignments found ;
; DRAM_ADDR[2]  ; No output delay, min/max delays, false-path exceptions, or max skew assignments found ;
; DRAM_ADDR[3]  ; No output delay, min/max delays, false-path exceptions, or max skew assignments found ;
; DRAM_ADDR[4]  ; No output delay, min/max delays, false-path exceptions, or max skew assignments found ;
; DRAM_ADDR[5]  ; No output delay, min/max delays, false-path exceptions, or max skew assignments found ;
; DRAM_ADDR[6]  ; No output delay, min/max delays, false-path exceptions, or max skew assignments found ;
; DRAM_ADDR[7]  ; No output delay, min/max delays, false-path exceptions, or max skew assignments found ;
; DRAM_ADDR[8]  ; No output delay, min/max delays, false-path exceptions, or max skew assignments found ;
; DRAM_ADDR[9]  ; No output delay, min/max delays, false-path exceptions, or max skew assignments found ;
; DRAM_ADDR[10] ; No output delay, min/max delays, false-path exceptions, or max skew assignments found ;
; DRAM_ADDR[11] ; No output delay, min/max delays, false-path exceptions, or max skew assignments found ;
; DRAM_ADDR[12] ; No output delay, min/max delays, false-path exceptions, or max skew assignments found ;
; DRAM_BA[0]    ; No output delay, min/max delays, false-path exceptions, or max skew assignments found ;
; DRAM_BA[1]    ; No output delay, min/max delays, false-path exceptions, or max skew assignments found ;
; DRAM_CAS_N    ; No output delay, min/max delays, false-path exceptions, or max skew assignments found ;
; DRAM_CKE      ; No output delay, min/max delays, false-path exceptions, or max skew assignments found ;
; DRAM_CS_N     ; No output delay, min/max delays, false-path exceptions, or max skew assignments found ;
; DRAM_DQM[0]   ; No output delay, min/max delays, false-path exceptions, or max skew assignments found ;
; DRAM_DQM[1]   ; No output delay, min/max delays, false-path exceptions, or max skew assignments found ;
; DRAM_DQ[0]    ; No output delay, min/max delays, false-path exceptions, or max skew assignments found ;
; DRAM_DQ[1]    ; No output delay, min/max delays, false-path exceptions, or max skew assignments found ;
; DRAM_DQ[2]    ; No output delay, min/max delays, false-path exceptions, or max skew assignments found ;
; DRAM_DQ[3]    ; No output delay, min/max delays, false-path exceptions, or max skew assignments found ;
; DRAM_DQ[4]    ; No output delay, min/max delays, false-path exceptions, or max skew assignments found ;
; DRAM_DQ[5]    ; No output delay, min/max delays, false-path exceptions, or max skew assignments found ;
; DRAM_DQ[6]    ; No output delay, min/max delays, false-path exceptions, or max skew assignments found ;
; DRAM_DQ[7]    ; No output delay, min/max delays, false-path exceptions, or max skew assignments found ;
; DRAM_DQ[8]    ; No output delay, min/max delays, false-path exceptions, or max skew assignments found ;
; DRAM_DQ[9]    ; No output delay, min/max delays, false-path exceptions, or max skew assignments found ;
; DRAM_DQ[10]   ; No output delay, min/max delays, false-path exceptions, or max skew assignments found ;
; DRAM_DQ[11]   ; No output delay, min/max delays, false-path exceptions, or max skew assignments found ;
; DRAM_DQ[12]   ; No output delay, min/max delays, false-path exceptions, or max skew assignments found ;
; DRAM_DQ[13]   ; No output delay, min/max delays, false-path exceptions, or max skew assignments found ;
; DRAM_DQ[14]   ; No output delay, min/max delays, false-path exceptions, or max skew assignments found ;
; DRAM_DQ[15]   ; No output delay, min/max delays, false-path exceptions, or max skew assignments found ;
; DRAM_RAS_N    ; No output delay, min/max delays, false-path exceptions, or max skew assignments found ;
; DRAM_WE_N     ; No output delay, min/max delays, false-path exceptions, or max skew assignments found ;
; LEDG[0]       ; No output delay, min/max delays, false-path exceptions, or max skew assignments found ;
; LEDG[1]       ; No output delay, min/max delays, false-path exceptions, or max skew assignments found ;
; LEDG[2]       ; No output delay, min/max delays, false-path exceptions, or max skew assignments found ;
; LEDG[3]       ; No output delay, min/max delays, false-path exceptions, or max skew assignments found ;
; LEDG[4]       ; No output delay, min/max delays, false-path exceptions, or max skew assignments found ;
; LEDG[5]       ; No output delay, min/max delays, false-path exceptions, or max skew assignments found ;
; LEDG[6]       ; No output delay, min/max delays, false-path exceptions, or max skew assignments found ;
; LEDG[7]       ; No output delay, min/max delays, false-path exceptions, or max skew assignments found ;
; LEDR[3]       ; No output delay, min/max delays, false-path exceptions, or max skew assignments found ;
; LEDR[4]       ; No output delay, min/max delays, false-path exceptions, or max skew assignments found ;
; LEDR[5]       ; No output delay, min/max delays, false-path exceptions, or max skew assignments found ;
; LEDR[6]       ; No output delay, min/max delays, false-path exceptions, or max skew assignments found ;
; LEDR[7]       ; No output delay, min/max delays, false-path exceptions, or max skew assignments found ;
; TD_RESET_N    ; No output delay, min/max delays, false-path exceptions, or max skew assignments found ;
; VGA_BLANK_N   ; No output delay, min/max delays, false-path exceptions, or max skew assignments found ;
; VGA_B[0]      ; No output delay, min/max delays, false-path exceptions, or max skew assignments found ;
; VGA_B[1]      ; No output delay, min/max delays, false-path exceptions, or max skew assignments found ;
; VGA_B[2]      ; No output delay, min/max delays, false-path exceptions, or max skew assignments found ;
; VGA_B[3]      ; No output delay, min/max delays, false-path exceptions, or max skew assignments found ;
; VGA_B[4]      ; No output delay, min/max delays, false-path exceptions, or max skew assignments found ;
; VGA_B[5]      ; No output delay, min/max delays, false-path exceptions, or max skew assignments found ;
; VGA_B[6]      ; No output delay, min/max delays, false-path exceptions, or max skew assignments found ;
; VGA_B[7]      ; No output delay, min/max delays, false-path exceptions, or max skew assignments found ;
; VGA_CLK       ; No output delay, min/max delays, false-path exceptions, or max skew assignments found ;
; VGA_G[0]      ; No output delay, min/max delays, false-path exceptions, or max skew assignments found ;
; VGA_G[1]      ; No output delay, min/max delays, false-path exceptions, or max skew assignments found ;
; VGA_G[2]      ; No output delay, min/max delays, false-path exceptions, or max skew assignments found ;
; VGA_G[3]      ; No output delay, min/max delays, false-path exceptions, or max skew assignments found ;
; VGA_G[4]      ; No output delay, min/max delays, false-path exceptions, or max skew assignments found ;
; VGA_G[5]      ; No output delay, min/max delays, false-path exceptions, or max skew assignments found ;
; VGA_G[6]      ; No output delay, min/max delays, false-path exceptions, or max skew assignments found ;
; VGA_G[7]      ; No output delay, min/max delays, false-path exceptions, or max skew assignments found ;
; VGA_HS        ; No output delay, min/max delays, false-path exceptions, or max skew assignments found ;
; VGA_R[0]      ; No output delay, min/max delays, false-path exceptions, or max skew assignments found ;
; VGA_R[1]      ; No output delay, min/max delays, false-path exceptions, or max skew assignments found ;
; VGA_R[2]      ; No output delay, min/max delays, false-path exceptions, or max skew assignments found ;
; VGA_R[3]      ; No output delay, min/max delays, false-path exceptions, or max skew assignments found ;
; VGA_R[4]      ; No output delay, min/max delays, false-path exceptions, or max skew assignments found ;
; VGA_R[5]      ; No output delay, min/max delays, false-path exceptions, or max skew assignments found ;
; VGA_R[6]      ; No output delay, min/max delays, false-path exceptions, or max skew assignments found ;
; VGA_R[7]      ; No output delay, min/max delays, false-path exceptions, or max skew assignments found ;
; VGA_VS        ; No output delay, min/max delays, false-path exceptions, or max skew assignments found ;
+---------------+---------------------------------------------------------------------------------------+


+----------------------------------------------------------------------------------------------------+
; Unconstrained Input Ports                                                                          ;
+-------------+--------------------------------------------------------------------------------------+
; Input Port  ; Comment                                                                              ;
+-------------+--------------------------------------------------------------------------------------+
; DRAM_DQ[0]  ; No input delay, min/max delays, false-path exceptions, or max skew assignments found ;
; DRAM_DQ[1]  ; No input delay, min/max delays, false-path exceptions, or max skew assignments found ;
; DRAM_DQ[2]  ; No input delay, min/max delays, false-path exceptions, or max skew assignments found ;
; DRAM_DQ[3]  ; No input delay, min/max delays, false-path exceptions, or max skew assignments found ;
; DRAM_DQ[4]  ; No input delay, min/max delays, false-path exceptions, or max skew assignments found ;
; DRAM_DQ[5]  ; No input delay, min/max delays, false-path exceptions, or max skew assignments found ;
; DRAM_DQ[6]  ; No input delay, min/max delays, false-path exceptions, or max skew assignments found ;
; DRAM_DQ[7]  ; No input delay, min/max delays, false-path exceptions, or max skew assignments found ;
; DRAM_DQ[8]  ; No input delay, min/max delays, false-path exceptions, or max skew assignments found ;
; DRAM_DQ[9]  ; No input delay, min/max delays, false-path exceptions, or max skew assignments found ;
; DRAM_DQ[10] ; No input delay, min/max delays, false-path exceptions, or max skew assignments found ;
; DRAM_DQ[11] ; No input delay, min/max delays, false-path exceptions, or max skew assignments found ;
; DRAM_DQ[12] ; No input delay, min/max delays, false-path exceptions, or max skew assignments found ;
; DRAM_DQ[13] ; No input delay, min/max delays, false-path exceptions, or max skew assignments found ;
; DRAM_DQ[14] ; No input delay, min/max delays, false-path exceptions, or max skew assignments found ;
; DRAM_DQ[15] ; No input delay, min/max delays, false-path exceptions, or max skew assignments found ;
; KEY[0]      ; No input delay, min/max delays, false-path exceptions, or max skew assignments found ;
; SW[0]       ; No input delay, min/max delays, false-path exceptions, or max skew assignments found ;
; TD_DATA[0]  ; No input delay, min/max delays, false-path exceptions, or max skew assignments found ;
; TD_DATA[1]  ; No input delay, min/max delays, false-path exceptions, or max skew assignments found ;
; TD_DATA[2]  ; No input delay, min/max delays, false-path exceptions, or max skew assignments found ;
; TD_DATA[3]  ; No input delay, min/max delays, false-path exceptions, or max skew assignments found ;
; TD_DATA[4]  ; No input delay, min/max delays, false-path exceptions, or max skew assignments found ;
; TD_DATA[5]  ; No input delay, min/max delays, false-path exceptions, or max skew assignments found ;
; TD_DATA[6]  ; No input delay, min/max delays, false-path exceptions, or max skew assignments found ;
; TD_DATA[7]  ; No input delay, min/max delays, false-path exceptions, or max skew assignments found ;
; TD_HS       ; No input delay, min/max delays, false-path exceptions, or max skew assignments found ;
; TD_VS       ; No input delay, min/max delays, false-path exceptions, or max skew assignments found ;
+-------------+--------------------------------------------------------------------------------------+


+-------------------------------------------------------------------------------------------------------+
; Unconstrained Output Ports                                                                            ;
+---------------+---------------------------------------------------------------------------------------+
; Output Port   ; Comment                                                                               ;
+---------------+---------------------------------------------------------------------------------------+
; DRAM_ADDR[0]  ; No output delay, min/max delays, false-path exceptions, or max skew assignments found ;
; DRAM_ADDR[1]  ; No output delay, min/max delays, false-path exceptions, or max skew assignments found ;
; DRAM_ADDR[2]  ; No output delay, min/max delays, false-path exceptions, or max skew assignments found ;
; DRAM_ADDR[3]  ; No output delay, min/max delays, false-path exceptions, or max skew assignments found ;
; DRAM_ADDR[4]  ; No output delay, min/max delays, false-path exceptions, or max skew assignments found ;
; DRAM_ADDR[5]  ; No output delay, min/max delays, false-path exceptions, or max skew assignments found ;
; DRAM_ADDR[6]  ; No output delay, min/max delays, false-path exceptions, or max skew assignments found ;
; DRAM_ADDR[7]  ; No output delay, min/max delays, false-path exceptions, or max skew assignments found ;
; DRAM_ADDR[8]  ; No output delay, min/max delays, false-path exceptions, or max skew assignments found ;
; DRAM_ADDR[9]  ; No output delay, min/max delays, false-path exceptions, or max skew assignments found ;
; DRAM_ADDR[10] ; No output delay, min/max delays, false-path exceptions, or max skew assignments found ;
; DRAM_ADDR[11] ; No output delay, min/max delays, false-path exceptions, or max skew assignments found ;
; DRAM_ADDR[12] ; No output delay, min/max delays, false-path exceptions, or max skew assignments found ;
; DRAM_BA[0]    ; No output delay, min/max delays, false-path exceptions, or max skew assignments found ;
; DRAM_BA[1]    ; No output delay, min/max delays, false-path exceptions, or max skew assignments found ;
; DRAM_CAS_N    ; No output delay, min/max delays, false-path exceptions, or max skew assignments found ;
; DRAM_CKE      ; No output delay, min/max delays, false-path exceptions, or max skew assignments found ;
; DRAM_CS_N     ; No output delay, min/max delays, false-path exceptions, or max skew assignments found ;
; DRAM_DQM[0]   ; No output delay, min/max delays, false-path exceptions, or max skew assignments found ;
; DRAM_DQM[1]   ; No output delay, min/max delays, false-path exceptions, or max skew assignments found ;
; DRAM_DQ[0]    ; No output delay, min/max delays, false-path exceptions, or max skew assignments found ;
; DRAM_DQ[1]    ; No output delay, min/max delays, false-path exceptions, or max skew assignments found ;
; DRAM_DQ[2]    ; No output delay, min/max delays, false-path exceptions, or max skew assignments found ;
; DRAM_DQ[3]    ; No output delay, min/max delays, false-path exceptions, or max skew assignments found ;
; DRAM_DQ[4]    ; No output delay, min/max delays, false-path exceptions, or max skew assignments found ;
; DRAM_DQ[5]    ; No output delay, min/max delays, false-path exceptions, or max skew assignments found ;
; DRAM_DQ[6]    ; No output delay, min/max delays, false-path exceptions, or max skew assignments found ;
; DRAM_DQ[7]    ; No output delay, min/max delays, false-path exceptions, or max skew assignments found ;
; DRAM_DQ[8]    ; No output delay, min/max delays, false-path exceptions, or max skew assignments found ;
; DRAM_DQ[9]    ; No output delay, min/max delays, false-path exceptions, or max skew assignments found ;
; DRAM_DQ[10]   ; No output delay, min/max delays, false-path exceptions, or max skew assignments found ;
; DRAM_DQ[11]   ; No output delay, min/max delays, false-path exceptions, or max skew assignments found ;
; DRAM_DQ[12]   ; No output delay, min/max delays, false-path exceptions, or max skew assignments found ;
; DRAM_DQ[13]   ; No output delay, min/max delays, false-path exceptions, or max skew assignments found ;
; DRAM_DQ[14]   ; No output delay, min/max delays, false-path exceptions, or max skew assignments found ;
; DRAM_DQ[15]   ; No output delay, min/max delays, false-path exceptions, or max skew assignments found ;
; DRAM_RAS_N    ; No output delay, min/max delays, false-path exceptions, or max skew assignments found ;
; DRAM_WE_N     ; No output delay, min/max delays, false-path exceptions, or max skew assignments found ;
; LEDG[0]       ; No output delay, min/max delays, false-path exceptions, or max skew assignments found ;
; LEDG[1]       ; No output delay, min/max delays, false-path exceptions, or max skew assignments found ;
; LEDG[2]       ; No output delay, min/max delays, false-path exceptions, or max skew assignments found ;
; LEDG[3]       ; No output delay, min/max delays, false-path exceptions, or max skew assignments found ;
; LEDG[4]       ; No output delay, min/max delays, false-path exceptions, or max skew assignments found ;
; LEDG[5]       ; No output delay, min/max delays, false-path exceptions, or max skew assignments found ;
; LEDG[6]       ; No output delay, min/max delays, false-path exceptions, or max skew assignments found ;
; LEDG[7]       ; No output delay, min/max delays, false-path exceptions, or max skew assignments found ;
; LEDR[3]       ; No output delay, min/max delays, false-path exceptions, or max skew assignments found ;
; LEDR[4]       ; No output delay, min/max delays, false-path exceptions, or max skew assignments found ;
; LEDR[5]       ; No output delay, min/max delays, false-path exceptions, or max skew assignments found ;
; LEDR[6]       ; No output delay, min/max delays, false-path exceptions, or max skew assignments found ;
; LEDR[7]       ; No output delay, min/max delays, false-path exceptions, or max skew assignments found ;
; TD_RESET_N    ; No output delay, min/max delays, false-path exceptions, or max skew assignments found ;
; VGA_BLANK_N   ; No output delay, min/max delays, false-path exceptions, or max skew assignments found ;
; VGA_B[0]      ; No output delay, min/max delays, false-path exceptions, or max skew assignments found ;
; VGA_B[1]      ; No output delay, min/max delays, false-path exceptions, or max skew assignments found ;
; VGA_B[2]      ; No output delay, min/max delays, false-path exceptions, or max skew assignments found ;
; VGA_B[3]      ; No output delay, min/max delays, false-path exceptions, or max skew assignments found ;
; VGA_B[4]      ; No output delay, min/max delays, false-path exceptions, or max skew assignments found ;
; VGA_B[5]      ; No output delay, min/max delays, false-path exceptions, or max skew assignments found ;
; VGA_B[6]      ; No output delay, min/max delays, false-path exceptions, or max skew assignments found ;
; VGA_B[7]      ; No output delay, min/max delays, false-path exceptions, or max skew assignments found ;
; VGA_CLK       ; No output delay, min/max delays, false-path exceptions, or max skew assignments found ;
; VGA_G[0]      ; No output delay, min/max delays, false-path exceptions, or max skew assignments found ;
; VGA_G[1]      ; No output delay, min/max delays, false-path exceptions, or max skew assignments found ;
; VGA_G[2]      ; No output delay, min/max delays, false-path exceptions, or max skew assignments found ;
; VGA_G[3]      ; No output delay, min/max delays, false-path exceptions, or max skew assignments found ;
; VGA_G[4]      ; No output delay, min/max delays, false-path exceptions, or max skew assignments found ;
; VGA_G[5]      ; No output delay, min/max delays, false-path exceptions, or max skew assignments found ;
; VGA_G[6]      ; No output delay, min/max delays, false-path exceptions, or max skew assignments found ;
; VGA_G[7]      ; No output delay, min/max delays, false-path exceptions, or max skew assignments found ;
; VGA_HS        ; No output delay, min/max delays, false-path exceptions, or max skew assignments found ;
; VGA_R[0]      ; No output delay, min/max delays, false-path exceptions, or max skew assignments found ;
; VGA_R[1]      ; No output delay, min/max delays, false-path exceptions, or max skew assignments found ;
; VGA_R[2]      ; No output delay, min/max delays, false-path exceptions, or max skew assignments found ;
; VGA_R[3]      ; No output delay, min/max delays, false-path exceptions, or max skew assignments found ;
; VGA_R[4]      ; No output delay, min/max delays, false-path exceptions, or max skew assignments found ;
; VGA_R[5]      ; No output delay, min/max delays, false-path exceptions, or max skew assignments found ;
; VGA_R[6]      ; No output delay, min/max delays, false-path exceptions, or max skew assignments found ;
; VGA_R[7]      ; No output delay, min/max delays, false-path exceptions, or max skew assignments found ;
; VGA_VS        ; No output delay, min/max delays, false-path exceptions, or max skew assignments found ;
+---------------+---------------------------------------------------------------------------------------+


+--------------------------+
; Timing Analyzer Messages ;
+--------------------------+
Info: *******************************************************************
Info: Running Quartus Prime Timing Analyzer
    Info: Version 25.1std.0 Build 1129 10/21/2025 SC Lite Edition
    Info: Processing started: Wed Aug 12 02:06:32 2026
Info: Command: quartus_sta top_acc -c top
Info: qsta_default_script.tcl version: #1
Warning (18236): Number of processors has not been specified which may cause overloading on shared machines.  Set the global assignment NUM_PARALLEL_PROCESSORS in your QSF to an appropriate value for best performance.
Info (20030): Parallel compilation is enabled and will use 4 of the 4 processors detected
Info (21077): Low junction temperature is 0 degrees C
Info (21077): High junction temperature is 85 degrees C
Critical Warning (332012): Synopsys Design Constraints File file not found: 'top.sdc'. A Synopsys Design Constraints File is required by the Timing Analyzer to get proper timing constraints. Without it, the Compiler will not properly optimize the design.
Info (332142): No user constrained base clocks found in the design. Calling "derive_clocks -period 1.0"
Info (332105): Deriving Clocks
    Info (332105): create_clock -period 1.000 -name CLOCK_50 CLOCK_50
    Info (332105): create_clock -period 1.000 -name TD_CLK27 TD_CLK27
Info (332143): No user constrained clock uncertainty found in the design. Calling "derive_clock_uncertainty"
Info (332123): Deriving Clock Uncertainty. Please refer to report_sdc in the Timing Analyzer to see clock uncertainties.
Info: Found TIMING_ANALYZER_REPORT_SCRIPT_INCLUDE_DEFAULT_ANALYSIS = ON
Info: Analyzing Slow 1200mV 85C Model
Critical Warning (332148): Timing requirements not met
    Info (11105): For recommendations on closing timing, run Report Timing Closure Recommendations in the Timing Analyzer.
Info (332146): Worst-case setup slack is -10.464
    Info (332119):     Slack       End Point TNS Clock 
    Info (332119): ========= =================== =====================
    Info (332119):   -10.464            -678.236 TD_CLK27 
    Info (332119):    -6.764           -2545.298 CLOCK_50 
Info (332146): Worst-case hold slack is 0.283
    Info (332119):     Slack       End Point TNS Clock 
    Info (332119): ========= =================== =====================
    Info (332119):     0.283               0.000 CLOCK_50 
    Info (332119):     0.385               0.000 TD_CLK27 
Info (332140): No Recovery paths to report
Info (332140): No Removal paths to report
Info (332146): Worst-case minimum pulse width slack is -3.000
    Info (332119):     Slack       End Point TNS Clock 
    Info (332119): ========= =================== =====================
    Info (332119):    -3.000           -1097.367 CLOCK_50 
    Info (332119):    -3.000            -221.463 TD_CLK27 
Info (332114): Report Metastability: Found 33 synchronizer chains.
    Info (332114): Design MTBF is not calculated because the design doesn't meet its timing requirements.
Info: Analyzing Slow 1200mV 0C Model
Info (334003): Started post-fitting delay annotation
Info (334004): Delay annotation completed successfully
Info (332123): Deriving Clock Uncertainty. Please refer to report_sdc in the Timing Analyzer to see clock uncertainties.
Critical Warning (332148): Timing requirements not met
    Info (11105): For recommendations on closing timing, run Report Timing Closure Recommendations in the Timing Analyzer.
Info (332146): Worst-case setup slack is -9.450
    Info (332119):     Slack       End Point TNS Clock 
    Info (332119): ========= =================== =====================
    Info (332119):    -9.450            -602.669 TD_CLK27 
    Info (332119):    -6.124           -2259.115 CLOCK_50 
Info (332146): Worst-case hold slack is 0.278
    Info (332119):     Slack       End Point TNS Clock 
    Info (332119): ========= =================== =====================
    Info (332119):     0.278               0.000 CLOCK_50 
    Info (332119):     0.339               0.000 TD_CLK27 
Info (332140): No Recovery paths to report
Info (332140): No Removal paths to report
Info (332146): Worst-case minimum pulse width slack is -3.000
    Info (332119):     Slack       End Point TNS Clock 
    Info (332119): ========= =================== =====================
    Info (332119):    -3.000           -1094.771 CLOCK_50 
    Info (332119):    -3.000            -220.539 TD_CLK27 
Info (332114): Report Metastability: Found 33 synchronizer chains.
    Info (332114): Design MTBF is not calculated because the design doesn't meet its timing requirements.
Info: Analyzing Fast 1200mV 0C Model
Info (332123): Deriving Clock Uncertainty. Please refer to report_sdc in the Timing Analyzer to see clock uncertainties.
Critical Warning (332148): Timing requirements not met
    Info (11105): For recommendations on closing timing, run Report Timing Closure Recommendations in the Timing Analyzer.
Info (332146): Worst-case setup slack is -4.657
    Info (332119):     Slack       End Point TNS Clock 
    Info (332119): ========= =================== =====================
    Info (332119):    -4.657            -276.542 TD_CLK27 
    Info (332119):    -2.810            -902.122 CLOCK_50 
Info (332146): Worst-case hold slack is 0.088
    Info (332119):     Slack       End Point TNS Clock 
    Info (332119): ========= =================== =====================
    Info (332119):     0.088               0.000 CLOCK_50 
    Info (332119):     0.173               0.000 TD_CLK27 
Info (332140): No Recovery paths to report
Info (332140): No Removal paths to report
Info (332146): Worst-case minimum pulse width slack is -3.000
    Info (332119):     Slack       End Point TNS Clock 
    Info (332119): ========= =================== =====================
    Info (332119):    -3.000           -1023.892 CLOCK_50 
    Info (332119):    -3.000            -192.585 TD_CLK27 
Info (332114): Report Metastability: Found 33 synchronizer chains.
    Info (332114): Design MTBF is not calculated because the design doesn't meet its timing requirements.
Info (332102): Design is not fully constrained for setup requirements
Info (332102): Design is not fully constrained for hold requirements
Info: Quartus Prime Timing Analyzer was successful. 0 errors, 5 warnings
    Info: Peak virtual memory: 563 megabytes
    Info: Processing ended: Wed Aug 12 02:06:36 2026
    Info: Elapsed time: 00:00:04
    Info: Total CPU time (on all processors): 00:00:04


